source_type,predicate,target_type,edge_count
biolink:Protein,biolink:coexpressed_with,biolink:Protein,9195368
biolink:OrganismTaxon,biolink:subclass_of,biolink:OrganismTaxon,3410472
biolink:Pathway,biolink:has_participant,biolink:SmallMolecule,2917508
biolink:Pathway,biolink:occurs_in,biolink:CellularComponent,2548749
biolink:SmallMolecule,biolink:affects,biolink:Protein,2536031
biolink:Protein,biolink:expressed_in,biolink:GrossAnatomicalStructure,1843963
biolink:Protein,biolink:physically_interacts_with,biolink:Protein,1843251
biolink:Protein,biolink:gene_associated_with_condition,biolink:Disease,1608330
biolink:Pathway,biolink:occurs_in,biolink:OrganismTaxon,1561546
biolink:SmallMolecule,biolink:related_to,biolink:Protein,1227146
biolink:GrossAnatomicalStructure,biolink:expressed_in,biolink:Protein,1221226
biolink:Drug,biolink:interacts_with,biolink:Drug,1120691
biolink:Protein,biolink:directly_physically_interacts_with,biolink:Protein,1084656
biolink:Protein,biolink:interacts_with,biolink:Protein,1047859
biolink:Pathway,biolink:has_participant,biolink:Transcript,1043151
biolink:Drug,biolink:directly_physically_interacts_with,biolink:Drug,954451
biolink:Protein,biolink:affects,biolink:Protein,814829
biolink:Pathway,biolink:has_participant,biolink:MolecularActivity,754657
biolink:Protein,biolink:subclass_of,biolink:Protein,734823
biolink:Protein,biolink:associated_with,biolink:Disease,711893
biolink:OrganismTaxon,biolink:close_match,biolink:OrganismTaxon,633575
biolink:Disease,biolink:has_phenotype,biolink:PhenotypicFeature,610162
biolink:Protein,biolink:actively_involved_in,biolink:BiologicalProcess,608616
biolink:SmallMolecule,biolink:interacts_with,biolink:Drug,562353
biolink:Drug,biolink:interacts_with,biolink:SmallMolecule,561725
biolink:Drug,biolink:affects,biolink:Protein,535217
biolink:Drug,biolink:directly_physically_interacts_with,biolink:SmallMolecule,466385
biolink:SmallMolecule,biolink:directly_physically_interacts_with,biolink:Drug,466382
biolink:Protein,biolink:affects,biolink:SmallMolecule,458001
biolink:Protein,biolink:expressed_in,biolink:AnatomicalEntity,448439
biolink:SmallMolecule,biolink:subclass_of,biolink:ChemicalEntity,424668
biolink:PhenotypicFeature,biolink:has_phenotype,biolink:Disease,422876
biolink:MolecularActivity,biolink:has_output,biolink:SmallMolecule,413829
biolink:Disease,biolink:coexists_with,biolink:Disease,393231
biolink:Drug,biolink:treats_or_applied_or_studied_to_treat,biolink:Disease,393186
biolink:Pathway,biolink:has_participant,biolink:Drug,389162
biolink:SmallMolecule,biolink:interacts_with,biolink:SmallMolecule,355819
biolink:Disease,biolink:has_phenotype,biolink:Disease,346804
biolink:MolecularActivity,biolink:has_input,biolink:SmallMolecule,344115
biolink:GeneFamily,biolink:actively_involved_in,biolink:BiologicalProcess,338147
biolink:Protein,biolink:in_taxon,biolink:OrganismTaxon,331361
biolink:Protein,biolink:affects,biolink:BiologicalProcess,313004
biolink:Pathway,biolink:has_participant,biolink:Protein,312182
biolink:Protein,biolink:related_to,biolink:Protein,308439
biolink:BiologicalProcess,biolink:has_participant,biolink:Transcript,300143
biolink:Disease,biolink:subclass_of,biolink:Disease,284805
biolink:Procedure,biolink:treats_or_applied_or_studied_to_treat,biolink:Disease,282707
biolink:Protein,biolink:regulates,biolink:Protein,281090
biolink:SmallMolecule,biolink:directly_physically_interacts_with,biolink:SmallMolecule,279537
biolink:Transcript,biolink:subclass_of,biolink:OrganismTaxon,269904
biolink:Protein,biolink:located_in,biolink:GrossAnatomicalStructure,248045
biolink:Disease,biolink:associated_with,biolink:Protein,247158
biolink:Protein,biolink:located_in,biolink:Cell,237139
biolink:Procedure,biolink:subclass_of,biolink:Procedure,236821
biolink:Protein,biolink:homologous_to,biolink:Protein,230465
biolink:Protein,biolink:coexists_with,biolink:Protein,223183
biolink:Protein,biolink:located_in,biolink:CellularComponent,222670
biolink:Gene,biolink:subclass_of,biolink:OrganismTaxon,222010
biolink:Protein,biolink:located_in,biolink:OrganismTaxon,211432
biolink:AnatomicalEntity,biolink:expressed_in,biolink:Protein,208888
biolink:Protein,biolink:located_in,biolink:AnatomicalEntity,205137
biolink:AnatomicalEntity,biolink:subclass_of,biolink:AnatomicalEntity,197195
biolink:Procedure,biolink:diagnoses,biolink:Disease,195721
biolink:Disease,biolink:located_in,biolink:GrossAnatomicalStructure,195173
biolink:Disease,biolink:superclass_of,biolink:Disease,186126
biolink:BiologicalProcess,biolink:subclass_of,biolink:BiologicalProcess,184001
biolink:GrossAnatomicalStructure,biolink:regulates,biolink:Protein,182501
biolink:SmallMolecule,biolink:regulates,biolink:Protein,168152
biolink:Protein,biolink:affects,biolink:Disease,167230
biolink:Protein,biolink:has_phenotype,biolink:PhenotypicFeature,166726
biolink:GeneFamily,biolink:located_in,biolink:CellularComponent,166373
biolink:Transcript,biolink:transcribed_from,biolink:Protein,165892
biolink:Protein,biolink:catalyzes,biolink:MolecularActivity,162400
biolink:Disease,biolink:located_in,biolink:AnatomicalEntity,160412
biolink:Protein,biolink:genetically_associated_with,biolink:Disease,156754
biolink:Disease,biolink:occurs_in,biolink:Cohort,156176
biolink:Disease,biolink:causes,biolink:Disease,154252
biolink:SmallMolecule,biolink:treats_or_applied_or_studied_to_treat,biolink:Disease,153297
biolink:ChemicalEntity,biolink:affects,biolink:Protein,150169
biolink:PhenotypicFeature,biolink:coexists_with,biolink:Disease,148365
biolink:OrganismTaxon,biolink:has_part,biolink:Protein,142913
biolink:CellularComponent,biolink:has_part,biolink:Protein,142019
biolink:Gene,biolink:expressed_in,biolink:GrossAnatomicalStructure,140594
biolink:Protein,biolink:genetically_interacts_with,biolink:Protein,140214
biolink:Protein,biolink:related_to,biolink:BiologicalProcess,139793
biolink:BiologicalProcess,biolink:has_participant,biolink:Protein,138569
biolink:Drug,biolink:causes,biolink:Disease,132445
biolink:Protein,biolink:interacts_with,biolink:BiologicalProcess,130438
biolink:BiologicalProcess,biolink:interacts_with,biolink:Protein,130438
biolink:MolecularActivity,biolink:occurs_in,biolink:CellularComponent,129462
biolink:MolecularActivity,biolink:has_participant,biolink:Protein,128846
biolink:Protein,biolink:causes,biolink:Disease,127813
biolink:SmallMolecule,biolink:subclass_of,biolink:SmallMolecule,126936
biolink:Protein,biolink:gene_associated_with_condition,biolink:PhenotypicFeature,125128
biolink:PhenotypicFeature,biolink:subclass_of,biolink:PhenotypicFeature,119189
biolink:Disease,biolink:coexists_with,biolink:PhenotypicFeature,116613
biolink:Disease,biolink:occurs_in,biolink:OrganismTaxon,116484
biolink:Protein,biolink:interacts_with,biolink:ChemicalEntity,113764
biolink:Procedure,biolink:treats_or_applied_or_studied_to_treat,biolink:PhenotypicFeature,112344
biolink:GeneFamily,biolink:catalyzes,biolink:MolecularActivity,109221
biolink:AnatomicalEntity,biolink:has_part,biolink:AnatomicalEntity,108748
biolink:ChemicalEntity,biolink:interacts_with,biolink:Protein,108454
biolink:Protein,biolink:interacts_with,biolink:Drug,107051
biolink:SmallMolecule,biolink:located_in,biolink:AnatomicalEntity,105977
biolink:Drug,biolink:has_adverse_event,biolink:Disease,105973
biolink:Drug,biolink:interacts_with,biolink:Protein,105713
biolink:Protein,biolink:related_to,biolink:CellularComponent,104702
biolink:Disease,biolink:occurs_in,biolink:PopulationOfIndividualOrganisms,104196
biolink:Transcript,biolink:transcribed_from,biolink:Gene,104034
biolink:Drug,biolink:treats_or_applied_or_studied_to_treat,biolink:PhenotypicFeature,103626
biolink:Protein,biolink:has_part,biolink:Protein,103516
biolink:Pathway,biolink:has_participant,biolink:ChemicalEntity,101834
biolink:BiologicalProcess,biolink:superclass_of,biolink:BiologicalProcess,101262
biolink:Protein,biolink:interacts_with,biolink:Cell,100571
biolink:PhenotypicFeature,biolink:manifestation_of,biolink:Disease,98927
biolink:Drug,biolink:causes,biolink:PhenotypicFeature,97806
biolink:Drug,biolink:interacts_with,biolink:ChemicalEntity,97781
biolink:ChemicalEntity,biolink:interacts_with,biolink:Drug,96870
biolink:Procedure,biolink:has_input,biolink:Protein,96721
biolink:Drug,biolink:directly_physically_interacts_with,biolink:Protein,95924
biolink:Pathway,biolink:occurs_in,biolink:NamedThing,94553
biolink:GrossAnatomicalStructure,biolink:expressed_in,biolink:Gene,93940
biolink:Protein,biolink:related_to,biolink:MolecularActivity,92561
biolink:Drug,biolink:affects,biolink:BiologicalProcess,91630
biolink:SmallMolecule,biolink:interacts_with,biolink:Protein,90090
biolink:PhenotypicFeature,biolink:located_in,biolink:GrossAnatomicalStructure,90047
biolink:Protein,biolink:interacts_with,biolink:SmallMolecule,89659
biolink:Protein,biolink:predisposes_to_condition,biolink:Disease,88820
biolink:SmallMolecule,biolink:related_to,biolink:ChemicalEntity,88666
biolink:ChemicalEntity,biolink:interacts_with,biolink:ChemicalEntity,88623
biolink:Drug,biolink:regulates,biolink:Protein,88265
biolink:SmallMolecule,biolink:directly_physically_interacts_with,biolink:Protein,88000
biolink:Publication,biolink:subclass_of,biolink:Publication,87368
biolink:MolecularActivity,biolink:occurs_in,biolink:Pathway,86695
biolink:Drug,biolink:contraindicated_in,biolink:Disease,86039
biolink:Drug,biolink:contributes_to,biolink:Disease,85935
biolink:PhenotypicFeature,biolink:occurs_in,biolink:Cohort,85742
biolink:SmallMolecule,biolink:located_in,biolink:CellularComponent,85539
biolink:Procedure,biolink:precedes,biolink:Procedure,85154
biolink:Protein,biolink:disrupts,biolink:BiologicalProcess,84517
biolink:Drug,biolink:has_adverse_event,biolink:PhenotypicFeature,83842
biolink:ChemicalEntity,biolink:treats_or_applied_or_studied_to_treat,biolink:Disease,83683
biolink:Protein,biolink:has_phenotype,biolink:Disease,81984
biolink:Protein,biolink:affects,biolink:MolecularActivity,81665
biolink:Disease,biolink:related_to,biolink:Disease,81485
biolink:Protein,biolink:interacts_with,biolink:CellularComponent,81163
biolink:SmallMolecule,biolink:affects,biolink:BiologicalProcess,80913
biolink:CellularComponent,biolink:interacts_with,biolink:Protein,80811
biolink:SmallMolecule,biolink:related_to,biolink:SmallMolecule,80385
biolink:Disease,biolink:affects,biolink:Disease,80121
biolink:PhenotypicFeature,biolink:located_in,biolink:AnatomicalEntity,79850
biolink:Protein,biolink:affects,biolink:PhenotypicFeature,79251
biolink:Procedure,biolink:related_to,biolink:Procedure,77605
biolink:Protein,biolink:directly_physically_interacts_with,biolink:Drug,77257
biolink:Drug,biolink:related_to,biolink:Drug,76114
biolink:ChemicalEntity,biolink:related_to,biolink:ChemicalEntity,74692
biolink:ChemicalEntity,biolink:affects,biolink:BiologicalProcess,73935
biolink:ChemicalEntity,biolink:located_in,biolink:OrganismTaxon,73071
biolink:OrganismTaxon,biolink:related_to,biolink:OrganismTaxon,72458
biolink:Protein,biolink:affects,biolink:Cell,71941
biolink:ChemicalEntity,biolink:subclass_of,biolink:ChemicalEntity,70856
biolink:Drug,biolink:affects,biolink:Disease,70850
biolink:Protein,biolink:enables,biolink:MolecularActivity,70754
biolink:BiologicalProcess,biolink:occurs_in,biolink:OrganismTaxon,70525
biolink:Procedure,biolink:has_input,biolink:Drug,69605
biolink:Protein,biolink:produces,biolink:Protein,69334
biolink:SmallMolecule,biolink:located_in,biolink:OrganismTaxon,69014
biolink:Protein,biolink:affects,biolink:Drug,68309
biolink:Protein,biolink:close_match,biolink:Protein,68023
biolink:Protein,biolink:affects,biolink:GrossAnatomicalStructure,67663
biolink:MolecularActivity,biolink:interacts_with,biolink:Protein,67037
biolink:Protein,biolink:interacts_with,biolink:MolecularActivity,66992
biolink:SmallMolecule,biolink:interacts_with,biolink:ChemicalEntity,66242
biolink:MolecularActivity,biolink:precedes,biolink:MolecularActivity,66114
biolink:AnatomicalEntity,biolink:coexists_with,biolink:AnatomicalEntity,65860
biolink:ChemicalEntity,biolink:associated_with,biolink:Disease,65239
biolink:Cell,biolink:produces,biolink:Protein,64776
biolink:Protein,biolink:subclass_of,biolink:OrganismTaxon,64693
biolink:ChemicalEntity,biolink:interacts_with,biolink:SmallMolecule,63963
biolink:GrossAnatomicalStructure,biolink:subclass_of,biolink:GrossAnatomicalStructure,62159
biolink:Procedure,biolink:diagnoses,biolink:PhenotypicFeature,61820
biolink:SmallMolecule,biolink:located_in,biolink:GrossAnatomicalStructure,60903
biolink:Protein,biolink:correlated_with,biolink:Protein,60412
biolink:GrossAnatomicalStructure,biolink:has_part,biolink:Protein,59646
biolink:Disease,biolink:manifestation_of,biolink:Disease,59004
biolink:Drug,biolink:subclass_of,biolink:Drug,58843
biolink:Drug,biolink:associated_with,biolink:Disease,58747
biolink:Procedure,biolink:related_to,biolink:Protein,58676
biolink:Disease,biolink:affects,biolink:BiologicalProcess,58273
biolink:PhenotypicFeature,biolink:coexists_with,biolink:PhenotypicFeature,57998
biolink:Protein,biolink:causes,biolink:BiologicalProcess,57556
biolink:PhenotypicFeature,biolink:occurs_in,biolink:PopulationOfIndividualOrganisms,57507
biolink:Cell,biolink:related_to,biolink:Disease,57480
biolink:Procedure,biolink:affects,biolink:Disease,57448
biolink:GeneFamily,biolink:has_part,biolink:Protein,57104
biolink:Protein,biolink:affects,biolink:ChemicalEntity,56532
biolink:Drug,biolink:coexists_with,biolink:Drug,54935
biolink:Protein,biolink:gene_product_of,biolink:Gene,54826
biolink:GrossAnatomicalStructure,biolink:has_part,biolink:GrossAnatomicalStructure,54711
biolink:MolecularActivity,biolink:subclass_of,biolink:MolecularActivity,54709
biolink:Gene,biolink:gene_associated_with_condition,biolink:Disease,54582
biolink:Procedure,biolink:treats_or_applied_or_studied_to_treat,biolink:Cohort,54553
biolink:Protein,biolink:coexists_with,biolink:Drug,53932
biolink:Protein,biolink:disrupts,biolink:Disease,53844
biolink:ChemicalEntity,biolink:causes,biolink:Disease,53424
biolink:GrossAnatomicalStructure,biolink:has_part,biolink:AnatomicalEntity,53207
biolink:Disease,biolink:contraindicated_in,biolink:Drug,52956
biolink:Drug,biolink:coexists_with,biolink:Protein,52775
biolink:Drug,biolink:located_in,biolink:AnatomicalEntity,52047
biolink:BiologicalProcess,biolink:coexists_with,biolink:BiologicalProcess,51746
biolink:OrganismTaxon,biolink:causes,biolink:Disease,51712
biolink:Cell,biolink:has_part,biolink:Protein,51621
biolink:MolecularMixture,biolink:affects,biolink:Protein,51366
biolink:BiologicalProcess,biolink:affects,biolink:BiologicalProcess,50976
biolink:Drug,biolink:affects,biolink:PhenotypicFeature,50959
biolink:Protein,biolink:located_in,biolink:Cohort,50888
biolink:Disease,biolink:predisposes_to_condition,biolink:Disease,50514
biolink:Gene,biolink:in_taxon,biolink:OrganismTaxon,50318
biolink:Protein,biolink:associated_with,biolink:PhenotypicFeature,50261
biolink:MolecularActivity,biolink:has_input,biolink:Drug,50211
biolink:Protein,biolink:coexists_with,biolink:ChemicalEntity,50158
biolink:Drug,biolink:affects,biolink:Drug,49798
biolink:Cell,biolink:interacts_with,biolink:Protein,49474
biolink:Procedure,biolink:located_in,biolink:AnatomicalEntity,48668
biolink:ChemicalEntity,biolink:affects,biolink:Disease,48621
biolink:Transcript,biolink:translates_to,biolink:Protein,48357
biolink:PhenotypicFeature,biolink:predisposes_to_condition,biolink:Disease,48037
biolink:MolecularActivity,biolink:has_participant,biolink:MolecularEntity,47743
biolink:Protein,biolink:causes,biolink:PhenotypicFeature,47555
biolink:OrganismTaxon,biolink:has_part,biolink:GrossAnatomicalStructure,47428
biolink:Drug,biolink:subclass_of,biolink:ChemicalEntity,47128
biolink:SmallMolecule,biolink:associated_with,biolink:Disease,46892
biolink:Disease,biolink:subclass_of,biolink:Publication,46706
biolink:Procedure,biolink:has_input,biolink:Device,46489
biolink:Drug,biolink:located_in,biolink:GrossAnatomicalStructure,46229
biolink:Drug,biolink:treats_or_applied_or_studied_to_treat,biolink:OrganismTaxon,46197
biolink:ChemicalEntity,biolink:coexists_with,biolink:Protein,45326
biolink:ChemicalEntity,biolink:subclass_of,biolink:SmallMolecule,45031
biolink:Procedure,biolink:located_in,biolink:GrossAnatomicalStructure,45030
biolink:Disease,biolink:causes,biolink:PhenotypicFeature,44996
biolink:SmallMolecule,biolink:causes,biolink:Disease,44888
biolink:PhenotypicFeature,biolink:associated_with,biolink:Disease,44566
biolink:SmallMolecule,biolink:affects,biolink:Disease,44363
biolink:SmallMolecule,biolink:close_match,biolink:ChemicalEntity,44077
biolink:SmallMolecule,biolink:affects,biolink:SmallMolecule,43862
biolink:ChemicalEntity,biolink:located_in,biolink:GrossAnatomicalStructure,43361
biolink:Procedure,biolink:causes,biolink:Disease,43149
biolink:Protein,biolink:coexists_with,biolink:SmallMolecule,42854
biolink:Drug,biolink:has_part,biolink:Drug,42781
biolink:Procedure,biolink:affects,biolink:BiologicalProcess,42624
biolink:BiologicalProcess,biolink:affects,biolink:Disease,42476
biolink:SmallMolecule,biolink:coexists_with,biolink:Protein,42264
biolink:PhenotypicFeature,biolink:biomarker_for,biolink:Disease,42124
biolink:Drug,biolink:preventative_for_condition,biolink:Disease,42067
biolink:Drug,biolink:affects,biolink:SmallMolecule,41368
biolink:Activity,biolink:treats_or_applied_or_studied_to_treat,biolink:Disease,41219
biolink:Protein,biolink:interacts_with,biolink:Pathway,41154
biolink:Pathway,biolink:interacts_with,biolink:Protein,41154
biolink:Protein,biolink:has_part,biolink:ChemicalEntity,40938
biolink:Protein,biolink:affects,biolink:AnatomicalEntity,40617
biolink:Procedure,biolink:preventative_for_condition,biolink:Disease,40586
biolink:ChemicalEntity,biolink:located_in,biolink:AnatomicalEntity,40381
biolink:Disease,biolink:precedes,biolink:Disease,40326
biolink:SmallMolecule,biolink:located_in,biolink:Cell,40296
biolink:Gene,biolink:associated_with,biolink:Disease,40214
biolink:Protein,biolink:affects,biolink:Phenomenon,40190
biolink:MolecularActivity,biolink:has_input,biolink:Protein,40181
biolink:MolecularMixture,biolink:interacts_with,biolink:Drug,39168
biolink:Drug,biolink:interacts_with,biolink:MolecularMixture,38622
biolink:Protein,biolink:colocalizes_with,biolink:Protein,38551
biolink:AnatomicalEntity,biolink:has_part,biolink:Protein,38431
biolink:SmallMolecule,biolink:affects,biolink:Drug,38381
biolink:MolecularActivity,biolink:has_participant,biolink:SmallMolecule,38306
biolink:SmallMolecule,biolink:disrupts,biolink:BiologicalProcess,38282
biolink:Protein,biolink:preventative_for_condition,biolink:Disease,38144
biolink:SmallMolecule,biolink:treats_or_applied_or_studied_to_treat,biolink:OrganismTaxon,37797
biolink:SmallMolecule,biolink:coexists_with,biolink:Drug,37662
biolink:Procedure,biolink:has_input,biolink:Procedure,37630
biolink:Drug,biolink:has_side_effect,biolink:PhenotypicFeature,37603
biolink:PhenotypicFeature,biolink:has_side_effect,biolink:Drug,37603
biolink:Device,biolink:treats_or_applied_or_studied_to_treat,biolink:Disease,36777
biolink:Gene,biolink:interacts_with,biolink:Protein,36706
biolink:ChemicalEntity,biolink:related_to,biolink:SmallMolecule,36676
biolink:SmallMolecule,biolink:contributes_to,biolink:Disease,36171
biolink:Disease,biolink:affects,biolink:AnatomicalEntity,35713
biolink:Protein,biolink:located_in,biolink:PopulationOfIndividualOrganisms,35558
biolink:MolecularActivity,biolink:has_output,biolink:Drug,35127
biolink:SmallMolecule,biolink:related_to,biolink:Drug,35084
biolink:Drug,biolink:disrupts,biolink:BiologicalProcess,34792
biolink:Disease,biolink:affects,biolink:GrossAnatomicalStructure,34666
biolink:SmallMolecule,biolink:coexists_with,biolink:SmallMolecule,34530
biolink:Drug,biolink:located_in,biolink:OrganismTaxon,34467
biolink:Protein,biolink:interacts_with,biolink:Gene,34466
biolink:Protein,biolink:affects,biolink:CellularComponent,34383
biolink:Procedure,biolink:related_to,biolink:Drug,34378
biolink:PhenotypicFeature,biolink:causes,biolink:Disease,34157
biolink:Procedure,biolink:has_input,biolink:ChemicalEntity,33925
biolink:Protein,biolink:directly_physically_interacts_with,biolink:SmallMolecule,33563
biolink:Drug,biolink:related_to,biolink:Protein,33379
biolink:SmallMolecule,biolink:affects,biolink:ChemicalEntity,33314
biolink:NamedThing,biolink:close_match,biolink:GenomicEntity,33160
biolink:OrganismTaxon,biolink:has_part,biolink:AnatomicalEntity,33044
biolink:SmallMolecule,biolink:coexists_with,biolink:ChemicalEntity,32857
biolink:Disease,biolink:affects,biolink:PhenotypicFeature,32601
biolink:GenomicEntity,biolink:is_sequence_variant_of,biolink:Protein,32513
biolink:Protein,biolink:treats_or_applied_or_studied_to_treat,biolink:Disease,32319
biolink:PhysiologicalProcess,biolink:located_in,biolink:Protein,32297
biolink:Drug,biolink:affects,biolink:ChemicalEntity,31955
biolink:BiologicalProcess,biolink:located_in,biolink:Protein,31791
biolink:Behavior,biolink:occurs_in,biolink:Cohort,31696
biolink:PhysiologicalProcess,biolink:occurs_in,biolink:Protein,31641
biolink:Procedure,biolink:related_to,biolink:InformationContentEntity,31624
biolink:Protein,biolink:physically_interacts_with,biolink:SmallMolecule,31608
biolink:Protein,biolink:expressed_in,biolink:CellularComponent,31439
biolink:BiologicalProcess,biolink:close_match,biolink:BiologicalProcess,31106
biolink:ChemicalEntity,biolink:coexists_with,biolink:ChemicalEntity,30922
biolink:Drug,biolink:close_match,biolink:Drug,30900
biolink:OrganismTaxon,biolink:interacts_with,biolink:OrganismTaxon,30744
biolink:Procedure,biolink:treats_or_applied_or_studied_to_treat,biolink:PopulationOfIndividualOrganisms,30580
biolink:PhenotypicFeature,biolink:superclass_of,biolink:PhenotypicFeature,30496
biolink:GenomicEntity,biolink:has_phenotype,biolink:Disease,30260
biolink:SmallMolecule,biolink:treats_or_applied_or_studied_to_treat,biolink:PhenotypicFeature,30136
biolink:ChemicalEntity,biolink:subclass_of,biolink:Drug,30045
biolink:Drug,biolink:treats_or_applied_or_studied_to_treat,biolink:Cohort,29947
biolink:ChemicalEntity,biolink:related_to,biolink:Drug,29505
biolink:Drug,biolink:coexists_with,biolink:ChemicalEntity,29336
biolink:Procedure,biolink:has_input,biolink:SmallMolecule,29258
biolink:Drug,biolink:located_in,biolink:Cell,29163
biolink:ChemicalEntity,biolink:coexists_with,biolink:Drug,29141
biolink:BiologicalProcess,biolink:regulates,biolink:BiologicalProcess,29011
biolink:Protein,biolink:overlaps,biolink:Protein,28866
biolink:Drug,biolink:coexists_with,biolink:SmallMolecule,28765
biolink:Drug,biolink:related_to,biolink:ChemicalEntity,28488
biolink:Disease,biolink:exacerbates_condition,biolink:Disease,28406
biolink:AnatomicalEntity,biolink:has_part,biolink:GrossAnatomicalStructure,28318
biolink:Protein,biolink:treats_or_applied_or_studied_to_treat,biolink:Cell,28306
biolink:MolecularActivity,biolink:occurs_in,biolink:OrganismTaxon,28201
biolink:ChemicalEntity,biolink:located_in,biolink:Cell,28147
biolink:Disease,biolink:affects,biolink:Cohort,27816
biolink:ChemicalEntity,biolink:related_to,biolink:Protein,27794
biolink:Cohort,biolink:has_part,biolink:Protein,27701
biolink:Protein,biolink:actively_involved_in,biolink:Pathway,27674
biolink:BiologicalEntity,biolink:has_part,biolink:Protein,27508
biolink:ChemicalEntity,biolink:treats_or_applied_or_studied_to_treat,biolink:OrganismTaxon,27266
biolink:SmallMolecule,biolink:related_to,biolink:Disease,27128
biolink:SmallMolecule,biolink:subclass_of,biolink:Drug,27026
biolink:Drug,biolink:contributes_to,biolink:PhenotypicFeature,26945
biolink:SmallMolecule,biolink:correlated_with,biolink:Disease,26944
biolink:MolecularActivity,biolink:superclass_of,biolink:MolecularActivity,26898
biolink:Procedure,biolink:treats_or_applied_or_studied_to_treat,biolink:OrganismTaxon,26870
biolink:Protein,biolink:subclass_of,biolink:Publication,26829
biolink:BiologicalProcess,biolink:located_in,biolink:Cell,26793
biolink:ChemicalEntity,biolink:affects,biolink:SmallMolecule,26685
biolink:SmallMolecule,biolink:affects,biolink:PhenotypicFeature,26564
biolink:BiologicalEntity,biolink:has_part,biolink:BiologicalEntity,26352
biolink:Gene,biolink:expressed_in,biolink:AnatomicalEntity,26258
biolink:Cell,biolink:subclass_of,biolink:Cell,26140
biolink:Drug,biolink:subclass_of,biolink:Device,26120
biolink:Disease,biolink:subclass_of,biolink:PhenotypicFeature,26049
biolink:Protein,biolink:disrupts,biolink:MolecularActivity,25967
biolink:Protein,biolink:expressed_in,biolink:Cell,25903
biolink:SmallMolecule,biolink:chemically_similar_to,biolink:SmallMolecule,25716
biolink:PhenotypicFeature,biolink:subclass_of,biolink:Publication,25605
biolink:InformationContentEntity,biolink:subclass_of,biolink:InformationContentEntity,25415
biolink:ChemicalEntity,biolink:coexists_with,biolink:SmallMolecule,25342
biolink:ChemicalEntity,biolink:close_match,biolink:Protein,25138
biolink:ChemicalEntity,biolink:disrupts,biolink:BiologicalProcess,25015
biolink:Procedure,biolink:subclass_of,biolink:Publication,25013
biolink:Cell,biolink:located_in,biolink:InformationContentEntity,24931
biolink:MolecularActivity,biolink:affects,biolink:Protein,24913
biolink:SmallMolecule,biolink:related_to,biolink:InformationContentEntity,24784
biolink:ChemicalEntity,biolink:affects,biolink:ChemicalEntity,24759
biolink:Disease,biolink:produces,biolink:Protein,24427
biolink:Activity,biolink:treats_or_applied_or_studied_to_treat,biolink:PhenotypicFeature,24364
biolink:Activity,biolink:has_input,biolink:Procedure,24329
biolink:Gene,biolink:located_in,biolink:OrganismTaxon,24230
biolink:InformationContentEntity,biolink:subclass_of,biolink:Publication,24215
biolink:SmallMolecule,biolink:causes,biolink:PhenotypicFeature,24205
biolink:ChemicalEntity,biolink:affects,biolink:Drug,24012
biolink:BiologicalProcess,biolink:occurs_in,biolink:Cohort,23908
biolink:Protein,biolink:related_to,biolink:Drug,23638
biolink:Gene,biolink:affects,biolink:Protein,23542
biolink:Activity,biolink:located_in,biolink:Agent,23541
biolink:Protein,biolink:disrupts,biolink:Cell,23516
biolink:Cohort,biolink:diagnoses,biolink:Disease,23006
biolink:MolecularMixture,biolink:interacts_with,biolink:SmallMolecule,22747
biolink:Protein,biolink:affects,biolink:Gene,22707
biolink:Drug,biolink:affects,biolink:MolecularActivity,22607
biolink:Protein,biolink:disrupts,biolink:PhenotypicFeature,22576
biolink:SmallMolecule,biolink:interacts_with,biolink:MolecularMixture,22509
biolink:Drug,biolink:disrupts,biolink:Disease,22404
biolink:Drug,biolink:affects,biolink:GrossAnatomicalStructure,22357
biolink:MolecularActivity,biolink:has_input,biolink:BiologicalEntity,22354
biolink:ChemicalEntity,biolink:affects,biolink:PhenotypicFeature,22204
biolink:CellularComponent,biolink:subclass_of,biolink:CellularComponent,22155
biolink:BiologicalProcess,biolink:occurs_in,biolink:Protein,22148
biolink:Drug,biolink:directly_physically_interacts_with,biolink:MolecularMixture,22052
biolink:MolecularMixture,biolink:directly_physically_interacts_with,biolink:Drug,22052
biolink:BiologicalEntity,biolink:subclass_of,biolink:BiologicalEntity,22031
biolink:BiologicalProcess,biolink:associated_with,biolink:Disease,21906
biolink:ChemicalEntity,biolink:treats_or_applied_or_studied_to_treat,biolink:PhenotypicFeature,21818
biolink:BiologicalProcess,biolink:affects,biolink:Protein,21811
biolink:Disease,biolink:derives_from,biolink:Cell,21672
biolink:Protein,biolink:treats_or_applied_or_studied_to_treat,biolink:OrganismTaxon,21655
biolink:MolecularActivity,biolink:occurs_in,biolink:Cell,21617
biolink:MolecularActivity,biolink:has_output,biolink:ChemicalEntity,21613
biolink:Protein,biolink:produces,biolink:ChemicalEntity,21491
biolink:ChemicalEntity,biolink:causes,biolink:PhenotypicFeature,21383
biolink:NamedThing,biolink:superclass_of,biolink:Disease,21122
biolink:Disease,biolink:superclass_of,biolink:NamedThing,21122
biolink:GrossAnatomicalStructure,biolink:has_part,biolink:Cell,21029
biolink:Gene,biolink:related_to,biolink:BiologicalProcess,21013
biolink:Drug,biolink:affects,biolink:Cell,20962
biolink:SmallMolecule,biolink:preventative_for_condition,biolink:Disease,20927
biolink:Protein,biolink:related_to,biolink:ChemicalEntity,20908
biolink:Drug,biolink:has_side_effect,biolink:Disease,20832
biolink:Disease,biolink:has_side_effect,biolink:Drug,20832
biolink:PhenotypicFeature,biolink:subclass_of,biolink:GrossAnatomicalStructure,20787
biolink:Drug,biolink:treats,biolink:Disease,20691
biolink:Behavior,biolink:occurs_in,biolink:PopulationOfIndividualOrganisms,20600
biolink:Gene,biolink:related_to,biolink:CellularComponent,20560
biolink:SmallMolecule,biolink:affects,biolink:Cell,20542
biolink:Drug,biolink:predisposes_to_condition,biolink:Disease,20312
biolink:OrganismTaxon,biolink:has_part,biolink:Gene,20247
biolink:OrganismTaxon,biolink:has_part,biolink:ChemicalEntity,20075
biolink:Drug,biolink:causes,biolink:BiologicalProcess,19922
biolink:AnatomicalEntity,biolink:related_to,biolink:AnatomicalEntity,19838
biolink:Pathway,biolink:occurs_in,biolink:Pathway,19676
biolink:Drug,biolink:treats_or_applied_or_studied_to_treat,biolink:PopulationOfIndividualOrganisms,19674
biolink:BiologicalEntity,biolink:occurs_in,biolink:OrganismTaxon,19649
biolink:BiologicalProcess,biolink:has_part,biolink:BiologicalProcess,19519
biolink:Disease,biolink:has_part,biolink:Protein,19375
biolink:Drug,biolink:close_match,biolink:ChemicalEntity,19290
biolink:GrossAnatomicalStructure,biolink:related_to,biolink:GrossAnatomicalStructure,19206
biolink:Procedure,biolink:has_part,biolink:Drug,19110
biolink:ChemicalEntity,biolink:affects,biolink:Phenomenon,19108
biolink:Protein,biolink:actively_involved_in,biolink:CellularComponent,19037
biolink:Disease,biolink:related_to,biolink:Protein,18999
biolink:Drug,biolink:related_to,biolink:Procedure,18996
biolink:Protein,biolink:active_in,biolink:CellularComponent,18989
biolink:MolecularActivity,biolink:has_output,biolink:BiologicalEntity,18960
biolink:Procedure,biolink:related_to,biolink:ChemicalEntity,18949
biolink:Device,biolink:subclass_of,biolink:Device,18853
biolink:ChemicalEntity,biolink:preventative_for_condition,biolink:Disease,18724
biolink:GeneFamily,biolink:has_part,biolink:GeneFamily,18613
biolink:Gene,biolink:affects,biolink:BiologicalProcess,18590
biolink:Procedure,biolink:located_in,biolink:Agent,18565
biolink:SmallMolecule,biolink:disrupts,biolink:Disease,18560
biolink:SmallMolecule,biolink:affects,biolink:MolecularActivity,18462
biolink:CellularComponent,biolink:has_part,biolink:CellularComponent,18363
biolink:MolecularActivity,biolink:has_input,biolink:ChemicalEntity,18336
biolink:Device,biolink:located_in,biolink:GrossAnatomicalStructure,18300
biolink:SmallMolecule,biolink:affects,biolink:GrossAnatomicalStructure,18254
biolink:OrganismTaxon,biolink:has_part,biolink:Cell,18186
biolink:Disease,biolink:has_part,biolink:Disease,18121
biolink:ChemicalEntity,biolink:close_match,biolink:ChemicalEntity,18027
biolink:MolecularActivity,biolink:has_output,biolink:Protein,17939
biolink:NamedThing,biolink:close_match,biolink:InformationContentEntity,17877
biolink:Drug,biolink:directly_physically_interacts_with,biolink:ChemicalEntity,17854
biolink:PhenotypicFeature,biolink:predisposes_to_condition,biolink:PhenotypicFeature,17848
biolink:ChemicalEntity,biolink:directly_physically_interacts_with,biolink:Drug,17846
biolink:Drug,biolink:related_to,biolink:SmallMolecule,17835
biolink:AnatomicalEntity,biolink:located_in,biolink:AnatomicalEntity,17752
biolink:Procedure,biolink:predisposes_to_condition,biolink:Disease,17737
biolink:Procedure,biolink:related_to,biolink:SmallMolecule,17697
biolink:ChemicalEntity,biolink:subclass_of,biolink:Publication,17612
biolink:GrossAnatomicalStructure,biolink:superclass_of,biolink:GrossAnatomicalStructure,17354
biolink:Disease,biolink:close_match,biolink:Disease,17084
biolink:AnatomicalEntity,biolink:subclass_of,biolink:GrossAnatomicalStructure,17077
biolink:SmallMolecule,biolink:affects,biolink:Phenomenon,17068
biolink:Device,biolink:treats_or_applied_or_studied_to_treat,biolink:PhenotypicFeature,16980
biolink:GrossAnatomicalStructure,biolink:produces,biolink:Protein,16952
biolink:AnatomicalEntity,biolink:located_in,biolink:GrossAnatomicalStructure,16949
biolink:ChemicalEntity,biolink:predisposes_to_condition,biolink:Disease,16838
biolink:Protein,biolink:coexists_with,biolink:Gene,16826
biolink:ChemicalEntity,biolink:affects,biolink:Cell,16749
biolink:Disease,biolink:causes,biolink:GrossAnatomicalStructure,16749
biolink:Activity,biolink:treats_or_applied_or_studied_to_treat,biolink:Cohort,16657
biolink:Procedure,biolink:related_to,biolink:Disease,16556
biolink:PhenotypicFeature,biolink:subclass_of,biolink:Disease,16548
biolink:Protein,biolink:produces,biolink:SmallMolecule,16471
biolink:AnatomicalEntity,biolink:regulates,biolink:Protein,16361
biolink:SmallMolecule,biolink:subclass_of,biolink:Polypeptide,16278
biolink:Protein,biolink:disrupts,biolink:GrossAnatomicalStructure,16264
biolink:Disease,biolink:predisposes_to_condition,biolink:PhenotypicFeature,16124
biolink:Protein,biolink:related_to,biolink:Procedure,15938
biolink:Drug,biolink:affects,biolink:Phenomenon,15916
biolink:BiologicalProcess,biolink:occurs_in,biolink:PopulationOfIndividualOrganisms,15852
biolink:SmallMolecule,biolink:causes,biolink:BiologicalProcess,15654
biolink:Disease,biolink:affects,biolink:PopulationOfIndividualOrganisms,15541
biolink:MolecularActivity,biolink:close_match,biolink:MolecularActivity,15439
biolink:PhenotypicFeature,biolink:occurs_in,biolink:OrganismTaxon,15244
biolink:Disease,biolink:regulates,biolink:Protein,15134
biolink:Device,biolink:located_in,biolink:AnatomicalEntity,14771
biolink:ChemicalEntity,biolink:affects,biolink:MolecularActivity,14631
biolink:OrganismTaxon,biolink:located_in,biolink:GrossAnatomicalStructure,14591
biolink:ChemicalEntity,biolink:located_in,biolink:CellularComponent,14566
biolink:Gene,biolink:coexists_with,biolink:Protein,14548
biolink:ChemicalEntity,biolink:disrupts,biolink:Disease,14527
biolink:Drug,biolink:affects,biolink:AnatomicalEntity,14471
biolink:Procedure,biolink:coexists_with,biolink:Activity,14463
biolink:ChemicalEntity,biolink:affects,biolink:GrossAnatomicalStructure,14453
biolink:Procedure,biolink:preventative_for_condition,biolink:PhenotypicFeature,14283
biolink:Device,biolink:has_input,biolink:Device,14210
biolink:Protein,biolink:related_to,biolink:SmallMolecule,14044
biolink:AnatomicalEntity,biolink:expressed_in,biolink:Gene,14034
biolink:Activity,biolink:coexists_with,biolink:Procedure,14018
biolink:ChemicalEntity,biolink:treats_or_applied_or_studied_to_treat,biolink:Cohort,14014
biolink:Device,biolink:causes,biolink:Disease,14011
biolink:BiologicalProcess,biolink:affects,biolink:PhenotypicFeature,13985
biolink:BiologicalProcess,biolink:has_participant,biolink:GenomicEntity,13983
biolink:Protein,biolink:has_part,biolink:Polypeptide,13967
biolink:Phenomenon,biolink:affects,biolink:BiologicalProcess,13948
biolink:OrganismTaxon,biolink:has_part,biolink:CellularComponent,13929
biolink:Drug,biolink:located_in,biolink:CellularComponent,13837
biolink:NamedThing,biolink:subclass_of,biolink:NamedThing,13835
biolink:Protein,biolink:produces,biolink:Drug,13782
biolink:MolecularMixture,biolink:treats_or_applied_or_studied_to_treat,biolink:Disease,13671
biolink:GrossAnatomicalStructure,biolink:subclass_of,biolink:AnatomicalEntity,13638
biolink:Protein,biolink:affects,biolink:PhysiologicalProcess,13616
biolink:Disease,biolink:treats,biolink:Drug,13611
biolink:Disease,biolink:subclass_of,biolink:NamedThing,13459
biolink:SmallMolecule,biolink:disrupts,biolink:MolecularActivity,13413
biolink:GrossAnatomicalStructure,biolink:develops_from,biolink:GrossAnatomicalStructure,13403
biolink:Drug,biolink:preventative_for_condition,biolink:PhenotypicFeature,13356
biolink:OrganismTaxon,biolink:associated_with,biolink:Disease,13281
biolink:AnatomicalEntity,biolink:has_part,biolink:Cell,13257
biolink:Gene,biolink:affects,biolink:Disease,13134
biolink:Gene,biolink:directly_physically_interacts_with,biolink:Protein,13107
biolink:GeneFamily,biolink:has_part,biolink:Gene,12923
biolink:CellularComponent,biolink:affects,biolink:BiologicalProcess,12917
biolink:Cell,biolink:interacts_with,biolink:Cell,12916
biolink:GrossAnatomicalStructure,biolink:temporally_related_to,biolink:BiologicalProcess,12829
biolink:Human,biolink:has_part,biolink:Protein,12796
biolink:Protein,biolink:predisposes_to_condition,biolink:PhenotypicFeature,12749
biolink:Drug,biolink:applied_to_treat,biolink:Disease,12617
biolink:Cell,biolink:has_part,biolink:CellularComponent,12585
biolink:PhenotypicFeature,biolink:causes,biolink:PhenotypicFeature,12570
biolink:Disease,biolink:located_in,biolink:Cell,12554
biolink:Device,biolink:related_to,biolink:Device,12548
biolink:PopulationOfIndividualOrganisms,biolink:has_part,biolink:Protein,12544
biolink:Disease,biolink:affects,biolink:OrganismTaxon,12469
biolink:PhenotypicFeature,biolink:affects,biolink:Disease,12457
biolink:SmallMolecule,biolink:subclass_of,biolink:Publication,12444
biolink:MolecularActivity,biolink:coexists_with,biolink:Disease,12415
biolink:Gene,biolink:related_to,biolink:MolecularActivity,12335
biolink:Publication,biolink:subclass_of,biolink:InformationContentEntity,12334
biolink:BiologicalProcess,biolink:related_to,biolink:BiologicalProcess,12330
biolink:Drug,biolink:related_to,biolink:Disease,12257
biolink:Protein,biolink:subclass_of,biolink:Gene,12244
biolink:SmallMolecule,biolink:close_match,biolink:Protein,12240
biolink:PhenotypicFeature,biolink:related_to,biolink:PhenotypicFeature,12222
biolink:Device,biolink:has_input,biolink:PhysicalEntity,12207
biolink:SmallMolecule,biolink:treats_or_applied_or_studied_to_treat,biolink:Cohort,12194
biolink:Drug,biolink:disrupts,biolink:MolecularActivity,12192
biolink:Disease,biolink:related_to,biolink:PhenotypicFeature,12139
biolink:Gene,biolink:located_in,biolink:Cell,12040
biolink:Activity,biolink:has_input,biolink:Device,11948
biolink:ChemicalEntity,biolink:related_to,biolink:InformationContentEntity,11934
biolink:Drug,biolink:subclass_of,biolink:Publication,11919
biolink:SmallMolecule,biolink:predisposes_to_condition,biolink:Disease,11888
biolink:BiologicalProcess,biolink:produces,biolink:Protein,11748
biolink:Protein,biolink:gene_associated_with_condition,biolink:Procedure,11748
biolink:NucleicAcidEntity,biolink:coexists_with,biolink:Protein,11707
biolink:Protein,biolink:treats_or_applied_or_studied_to_treat,biolink:Cohort,11643
biolink:PhenotypicFeature,biolink:associated_with,biolink:Protein,11547
biolink:MolecularMixture,biolink:directly_physically_interacts_with,biolink:SmallMolecule,11492
biolink:SmallMolecule,biolink:directly_physically_interacts_with,biolink:MolecularMixture,11492
biolink:MolecularMixture,biolink:subclass_of,biolink:ChemicalEntity,11435
biolink:BiologicalProcess,biolink:affects,biolink:OrganismTaxon,11388
biolink:Activity,biolink:related_to,biolink:InformationContentEntity,11386
biolink:Protein,biolink:interacts_with,biolink:OrganismTaxon,11359
biolink:PhenotypicFeature,biolink:affects,biolink:BiologicalProcess,11345
biolink:MolecularActivity,biolink:located_in,biolink:CellularComponent,11225
biolink:Activity,biolink:treats_or_applied_or_studied_to_treat,biolink:PopulationOfIndividualOrganisms,11196
biolink:Behavior,biolink:occurs_in,biolink:OrganismTaxon,11085
biolink:Phenomenon,biolink:affects,biolink:Disease,11076
biolink:Disease,biolink:affects,biolink:Phenomenon,10983
biolink:Gene,biolink:located_in,biolink:GrossAnatomicalStructure,10773
biolink:BiologicalProcess,biolink:affects,biolink:Phenomenon,10735
biolink:MolecularActivity,biolink:has_participant,biolink:GenomicEntity,10716
biolink:OrganismTaxon,biolink:located_in,biolink:Cell,10647
biolink:BiologicalProcess,biolink:precedes,biolink:BiologicalProcess,10591
biolink:Procedure,biolink:causes,biolink:PhenotypicFeature,10532
biolink:Procedure,biolink:close_match,biolink:Procedure,10530
biolink:GenomicEntity,biolink:subclass_of,biolink:Protein,10512
biolink:Procedure,biolink:related_to,biolink:BiologicalProcess,10463
biolink:Protein,biolink:affects,biolink:Behavior,10398
biolink:Protein,biolink:has_part,biolink:Drug,10385
biolink:BiologicalProcess,biolink:occurs_in,biolink:Disease,10317
biolink:Gene,biolink:same_as,biolink:Gene,10188
biolink:Protein,biolink:treats_or_applied_or_studied_to_treat,biolink:PhenotypicFeature,10090
biolink:SmallMolecule,biolink:affects,biolink:AnatomicalEntity,10085
biolink:Pathway,biolink:subclass_of,biolink:BiologicalProcess,10014
biolink:Gene,biolink:located_in,biolink:AnatomicalEntity,9968
biolink:Drug,biolink:disrupts,biolink:PhenotypicFeature,9954
biolink:Procedure,biolink:affects,biolink:PhenotypicFeature,9840
biolink:Activity,biolink:has_input,biolink:Drug,9812
biolink:Procedure,biolink:related_to,biolink:PhenotypicFeature,9798
biolink:MolecularMixture,biolink:related_to,biolink:ChemicalEntity,9773
biolink:Drug,biolink:associated_with,biolink:PhenotypicFeature,9681
biolink:CellularComponent,biolink:superclass_of,biolink:CellularComponent,9670
biolink:Protein,biolink:genetically_associated_with,biolink:PhenotypicFeature,9590
biolink:Protein,biolink:related_to,biolink:Pathway,9561
biolink:Cohort,biolink:has_part,biolink:AnatomicalEntity,9553
biolink:Drug,biolink:contraindicated_in,biolink:PhenotypicFeature,9540
biolink:Protein,biolink:related_to,biolink:Gene,9403
biolink:ChemicalEntity,biolink:causes,biolink:BiologicalProcess,9291
biolink:GrossAnatomicalStructure,biolink:located_in,biolink:AnatomicalEntity,9255
biolink:SmallMolecule,biolink:disrupts,biolink:PhenotypicFeature,9244
biolink:Protein,biolink:subclass_of,biolink:ChemicalEntity,9227
biolink:SmallMolecule,biolink:contributes_to,biolink:PhenotypicFeature,9208
biolink:MolecularActivity,biolink:related_to,biolink:MolecularActivity,9178
biolink:OrganismTaxon,biolink:has_part,biolink:SmallMolecule,9118
biolink:Activity,biolink:related_to,biolink:Protein,9114
biolink:OrganismTaxon,biolink:produces,biolink:Protein,9110
biolink:NucleicAcidEntity,biolink:associated_with,biolink:Disease,9063
biolink:BiologicalProcess,biolink:subclass_of,biolink:Phenomenon,9016
biolink:Disease,biolink:associated_with,biolink:Disease,8988
biolink:SmallMolecule,biolink:directly_physically_interacts_with,biolink:ChemicalEntity,8974
biolink:ChemicalEntity,biolink:directly_physically_interacts_with,biolink:SmallMolecule,8973
biolink:GenomicEntity,biolink:subclass_of,biolink:Publication,8959
biolink:Disease,biolink:related_to,biolink:GrossAnatomicalStructure,8951
biolink:Protein,biolink:has_part,biolink:NamedThing,8926
biolink:Disease,biolink:causes,biolink:BiologicalProcess,8854
biolink:Protein,biolink:has_part,biolink:SmallMolecule,8846
biolink:ChemicalEntity,biolink:associated_with,biolink:PhenotypicFeature,8792
biolink:Polypeptide,biolink:interacts_with,biolink:Protein,8777
biolink:MolecularMixture,biolink:related_to,biolink:Protein,8765
biolink:Protein,biolink:located_in,biolink:Human,8722
biolink:Device,biolink:has_part,biolink:Device,8722
biolink:BiologicalProcess,biolink:occurs_in,biolink:GrossAnatomicalStructure,8542
biolink:Protein,biolink:disrupts,biolink:Phenomenon,8539
biolink:Protein,biolink:derives_from,biolink:Protein,8523
biolink:PhenotypicFeature,biolink:related_to,biolink:Disease,8483
biolink:GrossAnatomicalStructure,biolink:has_part,biolink:CellularComponent,8478
biolink:OrganismTaxon,biolink:located_in,biolink:AnatomicalEntity,8446
biolink:Protein,biolink:gene_product_of,biolink:Protein,8409
biolink:PhysiologicalProcess,biolink:affects,biolink:Protein,8350
biolink:AnatomicalEntity,biolink:produces,biolink:Protein,8343
biolink:SmallMolecule,biolink:affects,biolink:Gene,8302
biolink:SmallMolecule,biolink:affects,biolink:CellularComponent,8297
biolink:MolecularActivity,biolink:subclass_of,biolink:BiologicalProcess,8228
biolink:Activity,biolink:preventative_for_condition,biolink:Disease,8206
biolink:SmallMolecule,biolink:physically_interacts_with,biolink:Protein,8186
biolink:Protein,biolink:disrupts,biolink:CellularComponent,8180
biolink:GrossAnatomicalStructure,biolink:located_in,biolink:GrossAnatomicalStructure,8167
biolink:BiologicalProcess,biolink:close_match,biolink:MolecularActivity,8152
biolink:Cohort,biolink:has_part,biolink:Disease,8127
biolink:MolecularMixture,biolink:interacts_with,biolink:Protein,8109
biolink:Disease,biolink:associated_with,biolink:MolecularActivity,8071
biolink:Gene,biolink:subclass_of,biolink:Protein,8066
biolink:GeneFamily,biolink:actively_involved_in,biolink:Pathway,8019
biolink:ChemicalEntity,biolink:affects,biolink:AnatomicalEntity,8004
biolink:GrossAnatomicalStructure,biolink:has_part,biolink:ChemicalEntity,7985
biolink:Activity,biolink:affects,biolink:PhenotypicFeature,7945
biolink:Protein,biolink:disrupts,biolink:AnatomicalEntity,7931
biolink:Drug,biolink:subclass_of,biolink:SmallMolecule,7925
biolink:Drug,biolink:disrupts,biolink:Cell,7919
biolink:AnatomicalEntity,biolink:close_match,biolink:AnatomicalEntity,7898
biolink:AnatomicalEntity,biolink:superclass_of,biolink:AnatomicalEntity,7894
biolink:Phenomenon,biolink:affects,biolink:Phenomenon,7866
biolink:ChemicalEntity,biolink:disrupts,biolink:MolecularActivity,7850
biolink:Procedure,biolink:diagnoses,biolink:OrganismTaxon,7829
biolink:PathologicalProcess,biolink:close_match,biolink:Disease,7794
biolink:Gene,biolink:causes,biolink:Disease,7792
biolink:AnatomicalEntity,biolink:temporally_related_to,biolink:BiologicalProcess,7742
biolink:Disease,biolink:related_to,biolink:InformationContentEntity,7706
biolink:OrganismTaxon,biolink:occurs_in,biolink:OrganismTaxon,7702
biolink:MolecularMixture,biolink:close_match,biolink:ChemicalEntity,7690
biolink:Drug,biolink:affects,biolink:CellularComponent,7675
biolink:Cohort,biolink:has_input,biolink:Device,7660
biolink:Protein,biolink:interacts_with,biolink:MolecularMixture,7627
biolink:InformationContentEntity,biolink:has_participant,biolink:GenomicEntity,7620
biolink:Cohort,biolink:has_part,biolink:GrossAnatomicalStructure,7551
biolink:GrossAnatomicalStructure,biolink:has_part,biolink:SmallMolecule,7466
biolink:OrganismTaxon,biolink:has_part,biolink:Disease,7450
biolink:Disease,biolink:occurs_in,biolink:PhenotypicFeature,7444
biolink:ChemicalEntity,biolink:related_to,biolink:Procedure,7397
biolink:Polypeptide,biolink:affects,biolink:Protein,7387
biolink:Disease,biolink:manifestation_of,biolink:BiologicalProcess,7375
biolink:Drug,biolink:drug_regulatory_status_world_wide,biolink:Disease,7347
biolink:Protein,biolink:directly_physically_interacts_with,biolink:Gene,7326
biolink:SmallMolecule,biolink:associated_with,biolink:PhenotypicFeature,7264
biolink:Protein,biolink:preventative_for_condition,biolink:PhenotypicFeature,7239
biolink:MolecularActivity,biolink:has_participant,biolink:Drug,7237
biolink:Protein,biolink:affects,biolink:InformationContentEntity,7234
biolink:MolecularMixture,biolink:affects,biolink:BiologicalProcess,7219
biolink:InformationContentEntity,biolink:related_to,biolink:InformationContentEntity,7191
biolink:BiologicalProcess,biolink:has_participant,biolink:MolecularActivity,7174
biolink:Disease,biolink:associated_with,biolink:Gene,7163
biolink:Cell,biolink:has_part,biolink:ChemicalEntity,7105
biolink:OrganismTaxon,biolink:interacts_with,biolink:Protein,7095
biolink:OrganismTaxon,biolink:has_part,biolink:Drug,7066
biolink:Gene,biolink:predisposes_to_condition,biolink:Disease,7058
biolink:AnatomicalEntity,biolink:related_to,biolink:GrossAnatomicalStructure,7057
biolink:Disease,biolink:occurs_in,biolink:GrossAnatomicalStructure,7051
biolink:Protein,biolink:contributes_to,biolink:MolecularActivity,7039
biolink:NamedThing,biolink:causes,biolink:Disease,7031
biolink:InformationContentEntity,biolink:has_participant,biolink:Protein,7026
biolink:Pathway,biolink:has_participant,biolink:MolecularEntity,7025
biolink:Device,biolink:has_input,biolink:Drug,7024
biolink:Protein,biolink:affected_by,biolink:Drug,7008
biolink:Drug,biolink:affected_by,biolink:Protein,7008
biolink:Device,biolink:treats_or_applied_or_studied_to_treat,biolink:Cohort,6999
biolink:MolecularMixture,biolink:related_to,biolink:Drug,6949
biolink:Protein,biolink:close_match,biolink:Disease,6928
biolink:Disease,biolink:occurs_in,biolink:Human,6889
biolink:Procedure,biolink:related_to,biolink:Device,6856
biolink:SmallMolecule,biolink:contraindicated_in,biolink:Disease,6853
biolink:Phenomenon,biolink:causes,biolink:Disease,6837
biolink:ChemicalEntity,biolink:disrupts,biolink:PhenotypicFeature,6791
biolink:AnatomicalEntity,biolink:has_part,biolink:CellularComponent,6777
biolink:ChemicalEntity,biolink:subclass_of,biolink:Protein,6776
biolink:DiseaseOrPhenotypicFeature,biolink:close_match,biolink:PhenotypicFeature,6732
biolink:SmallMolecule,biolink:related_to,biolink:BiologicalEntity,6723
biolink:BiologicalProcess,biolink:interacts_with,biolink:Gene,6689
biolink:Gene,biolink:interacts_with,biolink:BiologicalProcess,6689
biolink:ChemicalEntity,biolink:affects,biolink:CellularComponent,6670
biolink:ChemicalEntity,biolink:treats_or_applied_or_studied_to_treat,biolink:PopulationOfIndividualOrganisms,6660
biolink:Disease,biolink:located_in,biolink:CellularComponent,6643
biolink:Procedure,biolink:coexists_with,biolink:Procedure,6642
biolink:Protein,biolink:subclass_of,biolink:Drug,6627
biolink:MolecularMixture,biolink:related_to,biolink:SmallMolecule,6596
biolink:GrossAnatomicalStructure,biolink:has_part,biolink:Drug,6590
biolink:Activity,biolink:related_to,biolink:Disease,6567
biolink:Activity,biolink:subclass_of,biolink:Activity,6558
biolink:SmallMolecule,biolink:chemically_similar_to,biolink:Drug,6551
biolink:SmallMolecule,biolink:disrupts,biolink:Cell,6547
biolink:Activity,biolink:preventative_for_condition,biolink:PhenotypicFeature,6516
biolink:BiologicalProcess,biolink:has_participant,biolink:SmallMolecule,6499
biolink:NamedThing,biolink:has_phenotype,biolink:PhenotypicFeature,6470
biolink:Cell,biolink:produces,biolink:ChemicalEntity,6469
biolink:Drug,biolink:close_match,biolink:Protein,6469
biolink:PhenotypicFeature,biolink:has_phenotype,biolink:NamedThing,6469
biolink:Disease,biolink:occurs_in,biolink:Protein,6453
biolink:Protein,biolink:interacts_with,biolink:Polypeptide,6447
biolink:Device,biolink:preventative_for_condition,biolink:Disease,6447
biolink:BiologicalProcess,biolink:in_taxon,biolink:OrganismTaxon,6445
biolink:NucleicAcidEntity,biolink:located_in,biolink:OrganismTaxon,6430
biolink:Disease,biolink:associated_with,biolink:OrganismTaxon,6401
biolink:GrossAnatomicalStructure,biolink:coexists_with,biolink:AnatomicalEntity,6399
biolink:Gene,biolink:related_to,biolink:Protein,6389
biolink:MolecularActivity,biolink:affects,biolink:BiologicalProcess,6341
biolink:MolecularMixture,biolink:interacts_with,biolink:ChemicalEntity,6339
biolink:AnatomicalEntity,biolink:associated_with,biolink:PhenotypicFeature,6321
biolink:BiologicalProcess,biolink:affects,biolink:Cohort,6297
biolink:Disease,biolink:precedes,biolink:PhenotypicFeature,6286
biolink:Protein,biolink:related_to,biolink:InformationContentEntity,6267
biolink:Phenomenon,biolink:located_in,biolink:CellularComponent,6236
biolink:ChemicalEntity,biolink:treats_or_applied_or_studied_to_treat,biolink:Cell,6228
biolink:GeographicLocation,biolink:subclass_of,biolink:GeographicLocation,6224
biolink:BiologicalProcess,biolink:coexists_with,biolink:Disease,6210
biolink:SmallMolecule,biolink:treats_or_applied_or_studied_to_treat,biolink:Cell,6135
biolink:PhenotypicFeature,biolink:exacerbates_condition,biolink:Disease,6120
biolink:SmallMolecule,biolink:disrupts,biolink:Phenomenon,6101
biolink:Protein,biolink:lacks_part,biolink:Protein,6076
biolink:Drug,biolink:disrupts,biolink:GrossAnatomicalStructure,6064
biolink:Device,biolink:related_to,biolink:Procedure,6044
biolink:PhysicalEntity,biolink:subclass_of,biolink:PhysicalEntity,6034
biolink:SmallMolecule,biolink:related_to,biolink:Procedure,6030
biolink:SmallMolecule,biolink:treats_or_applied_or_studied_to_treat,biolink:PopulationOfIndividualOrganisms,6000
biolink:Disease,biolink:causes,biolink:AnatomicalEntity,5999
biolink:MolecularActivity,biolink:occurs_in,biolink:BiologicalProcess,5998
biolink:Protein,biolink:coexists_with,biolink:NucleicAcidEntity,5995
biolink:GrossAnatomicalStructure,biolink:develops_from,biolink:AnatomicalEntity,5979
biolink:Disease,biolink:disrupts,biolink:BiologicalProcess,5978
biolink:BiologicalProcess,biolink:occurs_in,biolink:Cell,5963
biolink:Disease,biolink:occurs_in,biolink:Agent,5914
biolink:Gene,biolink:interacts_with,biolink:ChemicalEntity,5905
biolink:Drug,biolink:disrupts,biolink:Phenomenon,5884
biolink:BiologicalProcess,biolink:causes,biolink:BiologicalProcess,5880
biolink:ChemicalEntity,biolink:close_match,biolink:Drug,5861
biolink:CellularComponent,biolink:close_match,biolink:CellularComponent,5844
biolink:Cell,biolink:affects,biolink:BiologicalProcess,5822
biolink:CellularComponent,biolink:has_part,biolink:ChemicalEntity,5807
biolink:ChemicalEntity,biolink:contributes_to,biolink:Disease,5797
biolink:ChemicalEntity,biolink:interacts_with,biolink:MolecularMixture,5796
biolink:Gene,biolink:produces,biolink:Protein,5785
biolink:GrossAnatomicalStructure,biolink:related_to,biolink:AnatomicalEntity,5764
biolink:OrganismTaxon,biolink:subclass_of,biolink:Publication,5746
biolink:CellularComponent,biolink:produces,biolink:Protein,5742
biolink:NucleicAcidEntity,biolink:interacts_with,biolink:Protein,5735
biolink:Disease,biolink:associated_with,biolink:BiologicalProcess,5720
biolink:MolecularMixture,biolink:located_in,biolink:OrganismTaxon,5697
biolink:PopulationOfIndividualOrganisms,biolink:has_part,biolink:AnatomicalEntity,5678
biolink:MolecularMixture,biolink:causes,biolink:Disease,5671
biolink:Drug,biolink:treats_or_applied_or_studied_to_treat,biolink:Cell,5669
biolink:OrganismTaxon,biolink:located_in,biolink:CellularComponent,5652
biolink:PhenotypicFeature,biolink:precedes,biolink:Disease,5647
biolink:Gene,biolink:close_match,biolink:GenomicEntity,5633
biolink:Protein,biolink:target_for,biolink:Disease,5630
biolink:BiologicalProcess,biolink:located_in,biolink:GrossAnatomicalStructure,5623
biolink:Disease,biolink:has_phenotype,biolink:PhysiologicalProcess,5604
biolink:ChemicalEntity,biolink:located_in,biolink:Cohort,5590
biolink:NamedThing,biolink:has_phenotype,biolink:Disease,5571
biolink:PhenotypicFeature,biolink:subclass_of,biolink:InformationContentEntity,5565
biolink:Protein,biolink:located_in,biolink:PhenotypicFeature,5556
biolink:AnatomicalEntity,biolink:coexists_with,biolink:GrossAnatomicalStructure,5546
biolink:Protein,biolink:treats_or_applied_or_studied_to_treat,biolink:PopulationOfIndividualOrganisms,5535
biolink:Food,biolink:affects,biolink:BiologicalProcess,5531
biolink:OrganismTaxon,biolink:causes,biolink:PhenotypicFeature,5529
biolink:Drug,biolink:related_to,biolink:InformationContentEntity,5528
biolink:Disease,biolink:has_phenotype,biolink:NamedThing,5524
biolink:Drug,biolink:affects,biolink:Gene,5485
biolink:GenomicEntity,biolink:associated_with,biolink:Disease,5471
biolink:Procedure,biolink:subclass_of,biolink:InformationContentEntity,5459
biolink:Disease,biolink:biomarker_for,biolink:Disease,5429
biolink:Protein,biolink:interacts_with,biolink:NucleicAcidEntity,5419
biolink:BiologicalProcess,biolink:affects,biolink:Cell,5402
biolink:Protein,biolink:affects,biolink:MolecularMixture,5393
biolink:Cell,biolink:has_part,biolink:SmallMolecule,5387
biolink:ChemicalEntity,biolink:subclass_of,biolink:InformationContentEntity,5370
biolink:MolecularMixture,biolink:located_in,biolink:GrossAnatomicalStructure,5365
biolink:PhysiologicalProcess,biolink:has_phenotype,biolink:Disease,5365
biolink:Disease,biolink:located_in,biolink:Cohort,5321
biolink:Procedure,biolink:has_input,biolink:PhysicalEntity,5316
biolink:Protein,biolink:disrupts,biolink:Behavior,5299
biolink:GrossAnatomicalStructure,biolink:overlaps,biolink:GrossAnatomicalStructure,5294
biolink:Drug,biolink:related_to,biolink:BiologicalProcess,5251
biolink:AnatomicalEntity,biolink:develops_from,biolink:GrossAnatomicalStructure,5251
biolink:Behavior,biolink:predisposes_to_condition,biolink:Disease,5247
biolink:Food,biolink:affects,biolink:Disease,5201
biolink:BiologicalProcess,biolink:occurs_in,biolink:AnatomicalEntity,5191
biolink:ChemicalEntity,biolink:disrupts,biolink:Cell,5185
biolink:PopulationOfIndividualOrganisms,biolink:has_part,biolink:GrossAnatomicalStructure,5175
biolink:ChemicalEntity,biolink:interacts_with,biolink:Gene,5158
biolink:MolecularMixture,biolink:associated_with,biolink:Disease,5158
biolink:SmallMolecule,biolink:same_as,biolink:SmallMolecule,5157
biolink:InformationContentEntity,biolink:subclass_of,biolink:ChemicalEntity,5143
biolink:MolecularActivity,biolink:occurs_in,biolink:Cohort,5139
biolink:AnatomicalEntity,biolink:has_part,biolink:ChemicalEntity,5124
biolink:ChemicalEntity,biolink:directly_physically_interacts_with,biolink:Protein,5121
biolink:SmallMolecule,biolink:close_match,biolink:SmallMolecule,5085
biolink:Gene,biolink:located_in,biolink:CellularComponent,5056
biolink:AnatomicalEntity,biolink:causes,biolink:Disease,5044
biolink:OrganismTaxon,biolink:coexists_with,biolink:Disease,5037
biolink:Procedure,biolink:predisposes_to_condition,biolink:PhenotypicFeature,5023
biolink:Procedure,biolink:has_input,biolink:MolecularMixture,5020
biolink:MolecularActivity,biolink:occurs_in,biolink:GrossAnatomicalStructure,4996
biolink:Pathway,biolink:superclass_of,biolink:Pathway,4938
biolink:BiologicalProcess,biolink:located_in,biolink:AnatomicalEntity,4930
biolink:Gene,biolink:disrupts,biolink:BiologicalProcess,4927
biolink:Disease,biolink:occurs_in,biolink:BiologicalEntity,4925
biolink:GenomicEntity,biolink:related_to,biolink:Protein,4898
biolink:Drug,biolink:related_to,biolink:MolecularActivity,4890
biolink:PhenotypicFeature,biolink:associated_with,biolink:PhenotypicFeature,4886
biolink:Gene,biolink:interacts_with,biolink:Cell,4884
biolink:MolecularMixture,biolink:located_in,biolink:AnatomicalEntity,4882
biolink:Drug,biolink:predisposes_to_condition,biolink:PhenotypicFeature,4869
biolink:Disease,biolink:causes,biolink:Activity,4852
biolink:GenomicEntity,biolink:located_in,biolink:CellularComponent,4844
biolink:Protein,biolink:capable_of,biolink:Protein,4827
biolink:Protein,biolink:coexists_with,biolink:MolecularMixture,4826
biolink:Device,biolink:treats_or_applied_or_studied_to_treat,biolink:OrganismTaxon,4826
biolink:ChemicalEntity,biolink:disrupts,biolink:Phenomenon,4822
biolink:Protein,biolink:directly_physically_interacts_with,biolink:ChemicalEntity,4804
biolink:SmallMolecule,biolink:preventative_for_condition,biolink:PhenotypicFeature,4804
biolink:Procedure,biolink:affects,biolink:MolecularActivity,4801
biolink:PhenotypicFeature,biolink:subclass_of,biolink:AnatomicalEntity,4792
biolink:Procedure,biolink:has_input,biolink:Gene,4784
biolink:Activity,biolink:related_to,biolink:Drug,4781
biolink:Protein,biolink:causes,biolink:MolecularActivity,4779
biolink:ClinicalAttribute,biolink:predisposes_to_condition,biolink:Disease,4769
biolink:Drug,biolink:affects,biolink:InformationContentEntity,4758
biolink:BiologicalProcess,biolink:associated_with,biolink:PhenotypicFeature,4755
biolink:MolecularActivity,biolink:related_to,biolink:Protein,4708
biolink:Procedure,biolink:located_in,biolink:Cell,4690
biolink:Polypeptide,biolink:associated_with,biolink:Disease,4668
biolink:AnatomicalEntity,biolink:has_part,biolink:SmallMolecule,4634
biolink:Food,biolink:causes,biolink:Disease,4616
biolink:Procedure,biolink:related_to,biolink:AnatomicalEntity,4615
biolink:GrossAnatomicalStructure,biolink:in_taxon,biolink:OrganismTaxon,4615
biolink:PhenotypicFeature,biolink:affects,biolink:PhenotypicFeature,4613
biolink:ChemicalEntity,biolink:subclass_of,biolink:MolecularMixture,4612
biolink:SmallMolecule,biolink:has_adverse_event,biolink:Disease,4574
biolink:SmallMolecule,biolink:located_in,biolink:Cohort,4530
biolink:ChemicalEntity,biolink:affects,biolink:Gene,4524
biolink:NamedThing,biolink:close_match,biolink:Protein,4499
biolink:GrossAnatomicalStructure,biolink:subclass_of,biolink:Publication,4473
biolink:AnatomicalEntity,biolink:develops_from,biolink:AnatomicalEntity,4467
biolink:Disease,biolink:coexists_with,biolink:OrganismTaxon,4461
biolink:PhysiologicalProcess,biolink:causes,biolink:Disease,4445
biolink:Protein,biolink:subclass_of,biolink:Procedure,4430
biolink:Disease,biolink:applied_to_treat,biolink:Drug,4424
biolink:Gene,biolink:has_part,biolink:Protein,4409
biolink:OrganismTaxon,biolink:coexists_with,biolink:OrganismTaxon,4404
biolink:Device,biolink:subclass_of,biolink:Publication,4404
biolink:Protein,biolink:associated_with,biolink:NamedThing,4386
biolink:Gene,biolink:expressed_in,biolink:Cell,4368
biolink:Cell,biolink:has_part,biolink:Drug,4365
biolink:BiologicalProcess,biolink:subclass_of,biolink:MolecularActivity,4341
biolink:Drug,biolink:subclass_of,biolink:Protein,4316
biolink:NamedThing,biolink:associated_with,biolink:Protein,4308
biolink:Gene,biolink:affects,biolink:MolecularActivity,4281
biolink:PhysiologicalProcess,biolink:occurs_in,biolink:OrganismTaxon,4270
biolink:GrossAnatomicalStructure,biolink:close_match,biolink:AnatomicalEntity,4256
biolink:OrganismTaxon,biolink:has_part,biolink:NucleicAcidEntity,4228
biolink:Cell,biolink:produces,biolink:SmallMolecule,4220
biolink:AnatomicalEntity,biolink:has_part,biolink:Drug,4214
biolink:Disease,biolink:related_to,biolink:BiologicalProcess,4210
biolink:SmallMolecule,biolink:disrupts,biolink:GrossAnatomicalStructure,4186
biolink:PhenotypicFeature,biolink:occurs_in,biolink:Agent,4182
biolink:Gene,biolink:disrupts,biolink:Disease,4180
biolink:CellularComponent,biolink:has_part,biolink:Gene,4175
biolink:Protein,biolink:produces,biolink:AnatomicalEntity,4151
biolink:Drug,biolink:similar_to,biolink:Drug,4108
biolink:Drug,biolink:produces,biolink:Protein,4099
biolink:Gene,biolink:interacts_with,biolink:Drug,4074
biolink:Drug,biolink:physically_interacts_with,biolink:Protein,4065
biolink:NucleicAcidEntity,biolink:affects,biolink:Protein,4059
biolink:Procedure,biolink:affects,biolink:Cohort,4055
biolink:ChemicalEntity,biolink:preventative_for_condition,biolink:PhenotypicFeature,4053
biolink:Disease,biolink:produces,biolink:ChemicalEntity,4047
biolink:SmallMolecule,biolink:coexists_with,biolink:MolecularMixture,4045
biolink:Activity,biolink:related_to,biolink:Activity,4037
biolink:ChemicalEntity,biolink:located_in,biolink:PopulationOfIndividualOrganisms,4033
biolink:Phenomenon,biolink:occurs_in,biolink:OrganismTaxon,4003
biolink:Gene,biolink:interacts_with,biolink:SmallMolecule,3992
biolink:MolecularMixture,biolink:coexists_with,biolink:Drug,3991
biolink:Gene,biolink:actively_involved_in,biolink:BiologicalProcess,3980
biolink:Cohort,biolink:diagnoses,biolink:PhenotypicFeature,3979
biolink:Gene,biolink:affects,biolink:PhenotypicFeature,3970
biolink:ChemicalEntity,biolink:related_to,biolink:MolecularMixture,3941
biolink:PhysiologicalProcess,biolink:affects,biolink:BiologicalProcess,3937
biolink:MolecularActivity,biolink:located_in,biolink:Protein,3934
biolink:Protein,biolink:has_part,biolink:NucleicAcidEntity,3925
biolink:PopulationOfIndividualOrganisms,biolink:subclass_of,biolink:PopulationOfIndividualOrganisms,3917
biolink:ClinicalAttribute,biolink:related_to,biolink:ClinicalAttribute,3915
biolink:PhysiologicalProcess,biolink:coexists_with,biolink:BiologicalProcess,3915
biolink:PhysiologicalProcess,biolink:affects,biolink:Disease,3896
biolink:Activity,biolink:related_to,biolink:ChemicalEntity,3893
biolink:Drug,biolink:affects,biolink:ClinicalAttribute,3890
biolink:GenomicEntity,biolink:has_phenotype,biolink:PhenotypicFeature,3885
biolink:Protein,biolink:located_in,biolink:Agent,3877
biolink:Activity,biolink:related_to,biolink:BiologicalProcess,3863
biolink:Device,biolink:treats_or_applied_or_studied_to_treat,biolink:PopulationOfIndividualOrganisms,3860
biolink:MolecularMixture,biolink:affects,biolink:Disease,3859
biolink:MolecularMixture,biolink:treats_or_applied_or_studied_to_treat,biolink:OrganismTaxon,3842
biolink:PhysiologicalProcess,biolink:located_in,biolink:Cell,3840
biolink:Behavior,biolink:subclass_of,biolink:Behavior,3837
biolink:Cell,biolink:produces,biolink:Drug,3834
biolink:MolecularMixture,biolink:coexists_with,biolink:Protein,3833
biolink:PhenotypicFeature,biolink:affects,biolink:Cohort,3830
biolink:Pathway,biolink:has_participant,biolink:GeneFamily,3829
biolink:Disease,biolink:associated_with,biolink:PhysiologicalProcess,3815
biolink:OrganismTaxon,biolink:occurs_in,biolink:Cohort,3815
biolink:MolecularMixture,biolink:causes,biolink:PhenotypicFeature,3794
biolink:Protein,biolink:produces,biolink:Gene,3793
biolink:Procedure,biolink:related_to,biolink:Phenomenon,3789
biolink:Protein,biolink:related_to,biolink:GenomicEntity,3787
biolink:Activity,biolink:related_to,biolink:SmallMolecule,3760
biolink:Food,biolink:predisposes_to_condition,biolink:Disease,3757
biolink:MolecularActivity,biolink:causes,biolink:BiologicalProcess,3721
biolink:MolecularMixture,biolink:contributes_to,biolink:Disease,3711
biolink:Protein,biolink:related_to,biolink:Disease,3698
biolink:SmallMolecule,biolink:affects,biolink:MolecularMixture,3695
biolink:Protein,biolink:physically_interacts_with,biolink:Drug,3694
biolink:Gene,biolink:affects,biolink:Cell,3684
biolink:Drug,biolink:affects,biolink:MolecularMixture,3676
biolink:Drug,biolink:coexists_with,biolink:MolecularMixture,3672
biolink:AnatomicalEntity,biolink:subclass_of,biolink:Publication,3665
biolink:MolecularMixture,biolink:affects,biolink:SmallMolecule,3665
biolink:SmallMolecule,biolink:affects,biolink:InformationContentEntity,3651
biolink:Polypeptide,biolink:affects,biolink:BiologicalProcess,3643
biolink:AnatomicalEntity,biolink:related_to,biolink:NamedThing,3641
biolink:OrganismTaxon,biolink:occurs_in,biolink:PopulationOfIndividualOrganisms,3623
biolink:Procedure,biolink:affects,biolink:Activity,3617
biolink:Drug,biolink:subclass_of,biolink:Procedure,3612
biolink:BiologicalProcess,biolink:associated_with,biolink:Drug,3611
biolink:Procedure,biolink:has_input,biolink:Food,3578
biolink:CellularComponent,biolink:has_part,biolink:SmallMolecule,3570
biolink:Gene,biolink:coexists_with,biolink:ChemicalEntity,3568
biolink:GeographicLocation,biolink:has_part,biolink:GeographicLocation,3558
biolink:SmallMolecule,biolink:derives_from,biolink:SmallMolecule,3539
biolink:Disease,biolink:contraindicated_in,biolink:SmallMolecule,3527
biolink:Protein,biolink:genetically_interacts_with,biolink:Gene,3514
biolink:Disease,biolink:exacerbates_condition,biolink:PhenotypicFeature,3509
biolink:MicroRNA,biolink:gene_product_of,biolink:Gene,3508
biolink:BiologicalProcess,biolink:has_output,biolink:GrossAnatomicalStructure,3507
biolink:ChemicalEntity,biolink:coexists_with,biolink:Gene,3505
biolink:Cell,biolink:subclass_of,biolink:Publication,3505
biolink:Activity,biolink:has_input,biolink:ChemicalEntity,3504
biolink:Procedure,biolink:treats_or_applied_or_studied_to_treat,biolink:Agent,3499
biolink:Phenomenon,biolink:subclass_of,biolink:Phenomenon,3494
biolink:SmallMolecule,biolink:related_to,biolink:MolecularMixture,3490
biolink:PhenotypicFeature,biolink:occurs_in,biolink:PhenotypicFeature,3478
biolink:Procedure,biolink:precedes,biolink:Disease,3478
biolink:Disease,biolink:has_part,biolink:AnatomicalEntity,3474
biolink:Disease,biolink:disrupts,biolink:Cell,3468
biolink:MolecularMixture,biolink:located_in,biolink:Cell,3467
biolink:GrossAnatomicalStructure,biolink:coexists_with,biolink:GrossAnatomicalStructure,3462
biolink:Device,biolink:close_match,biolink:Device,3453
biolink:CellularComponent,biolink:related_to,biolink:CellularComponent,3450
biolink:Pathway,biolink:subclass_of,biolink:Pathway,3445
biolink:OrganismTaxon,biolink:interacts_with,biolink:Disease,3430
biolink:BiologicalProcess,biolink:affects,biolink:PopulationOfIndividualOrganisms,3422
biolink:ChemicalEntity,biolink:derives_from,biolink:SmallMolecule,3422
biolink:Gene,biolink:located_in,biolink:Cohort,3419
biolink:GenomicEntity,biolink:affects,biolink:Protein,3404
biolink:PopulationOfIndividualOrganisms,biolink:has_input,biolink:Device,3402
biolink:SmallMolecule,biolink:subclass_of,biolink:Procedure,3400
biolink:Gene,biolink:interacts_with,biolink:CellularComponent,3367
biolink:MolecularActivity,biolink:occurs_in,biolink:AnatomicalEntity,3366
biolink:Drug,biolink:disrupts,biolink:AnatomicalEntity,3366
biolink:CellularComponent,biolink:interacts_with,biolink:Gene,3364
biolink:Disease,biolink:produces,biolink:Drug,3348
biolink:InformationContentEntity,biolink:coexists_with,biolink:Disease,3342
biolink:Disease,biolink:correlated_with,biolink:SmallMolecule,3333
biolink:PhenotypicFeature,biolink:related_to,biolink:Procedure,3328
biolink:PhenotypicFeature,biolink:occurs_in,biolink:GrossAnatomicalStructure,3327
biolink:ChemicalEntity,biolink:derives_from,biolink:ChemicalEntity,3319
biolink:SmallMolecule,biolink:has_adverse_event,biolink:PhenotypicFeature,3303
biolink:NamedThing,biolink:contributes_to,biolink:Disease,3302
biolink:Behavior,biolink:related_to,biolink:Behavior,3302
biolink:Gene,biolink:affects,biolink:GrossAnatomicalStructure,3297
biolink:Procedure,biolink:subclass_of,biolink:Activity,3297
biolink:GeographicLocation,biolink:subclass_of,biolink:InformationContentEntity,3295
biolink:Behavior,biolink:affects,biolink:Behavior,3287
biolink:Protein,biolink:affects_response_to,biolink:Drug,3277
biolink:MolecularMixture,biolink:affects,biolink:Drug,3270
biolink:Drug,biolink:interacts_with,biolink:Cell,3268
biolink:ChemicalEntity,biolink:coexists_with,biolink:MolecularMixture,3267
biolink:PhenotypicFeature,biolink:diagnoses,biolink:Disease,3266
biolink:Gene,biolink:gene_associated_with_condition,biolink:PhenotypicFeature,3265
biolink:BiologicalProcess,biolink:produces,biolink:ChemicalEntity,3254
biolink:MolecularMixture,biolink:coexists_with,biolink:ChemicalEntity,3250
biolink:ChemicalEntity,biolink:disrupts,biolink:GrossAnatomicalStructure,3241
biolink:MolecularMixture,biolink:coexists_with,biolink:SmallMolecule,3226
biolink:CellularComponent,biolink:associated_with,biolink:Disease,3222
biolink:Drug,biolink:disrupts,biolink:Behavior,3220
biolink:Drug,biolink:interacts_with,biolink:Gene,3215
biolink:Cohort,biolink:has_part,biolink:Cell,3199
biolink:SmallMolecule,biolink:has_part,biolink:SmallMolecule,3179
biolink:Drug,biolink:chemically_similar_to,biolink:SmallMolecule,3166
biolink:BiologicalProcess,biolink:has_part,biolink:MolecularActivity,3159
biolink:Gene,biolink:genetically_interacts_with,biolink:Protein,3136
biolink:MolecularActivity,biolink:occurs_in,biolink:Protein,3134
biolink:BiologicalEntity,biolink:related_to,biolink:Disease,3121
biolink:Protein,biolink:affects,biolink:GenomicEntity,3115
biolink:SmallMolecule,biolink:located_in,biolink:PopulationOfIndividualOrganisms,3113
biolink:SmallMolecule,biolink:interacts_with,biolink:Gene,3107
biolink:Disease,biolink:subclass_of,biolink:GrossAnatomicalStructure,3098
biolink:Gene,biolink:interacts_with,biolink:Gene,3097
biolink:Protein,biolink:affects,biolink:Polypeptide,3097
biolink:ChemicalEntity,biolink:predisposes_to_condition,biolink:PhenotypicFeature,3086
biolink:Cell,biolink:has_part,biolink:Gene,3068
biolink:Drug,biolink:has_part,biolink:Protein,3066
biolink:GrossAnatomicalStructure,biolink:produces,biolink:ChemicalEntity,3064
biolink:MolecularActivity,biolink:occurs_in,biolink:PopulationOfIndividualOrganisms,3061
biolink:Drug,biolink:has_part,biolink:SmallMolecule,3053
biolink:MolecularMixture,biolink:treats_or_applied_or_studied_to_treat,biolink:PhenotypicFeature,3050
biolink:Disease,biolink:affects,biolink:PhysiologicalProcess,3045
biolink:Device,biolink:subclass_of,biolink:PhysicalEntity,3037
biolink:BiologicalProcess,biolink:causes,biolink:PhenotypicFeature,3034
biolink:Gene,biolink:causes,biolink:BiologicalProcess,3031
biolink:Disease,biolink:interacts_with,biolink:OrganismTaxon,3030
biolink:Procedure,biolink:treats_or_applied_or_studied_to_treat,biolink:InformationContentEntity,3029
biolink:Activity,biolink:related_to,biolink:PhenotypicFeature,3018
biolink:BiologicalProcess,biolink:occurs_in,biolink:CellularComponent,3017
biolink:Device,biolink:causes,biolink:PhenotypicFeature,3006
biolink:Cohort,biolink:has_part,biolink:ChemicalEntity,3003
biolink:ChemicalEntity,biolink:related_to,biolink:Polypeptide,3001
biolink:SmallMolecule,biolink:subclass_of,biolink:MolecularMixture,3001
biolink:Disease,biolink:affects,biolink:Behavior,2996
biolink:Activity,biolink:subclass_of,biolink:Publication,2987
biolink:SmallMolecule,biolink:disrupts,biolink:CellularComponent,2982
biolink:BiologicalEntity,biolink:same_as,biolink:SmallMolecule,2969
biolink:Protein,biolink:gene_associated_with_condition,biolink:ClinicalAttribute,2969
biolink:Protein,biolink:actively_involved_in,biolink:Disease,2957
biolink:Gene,biolink:has_part,biolink:ChemicalEntity,2956
biolink:PhenotypicFeature,biolink:manifestation_of,biolink:BiologicalProcess,2948
biolink:PopulationOfIndividualOrganisms,biolink:has_part,biolink:Disease,2945
biolink:MolecularMixture,biolink:affects,biolink:ChemicalEntity,2945
biolink:Procedure,biolink:located_in,biolink:CellularComponent,2943
biolink:GrossAnatomicalStructure,biolink:related_to,biolink:BiologicalProcess,2922
biolink:Device,biolink:interacts_with,biolink:ChemicalEntity,2916
biolink:Procedure,biolink:related_to,biolink:GrossAnatomicalStructure,2912
biolink:ChemicalEntity,biolink:affects,biolink:PhysiologicalProcess,2903
biolink:Device,biolink:interacts_with,biolink:Protein,2899
biolink:Drug,biolink:located_in,biolink:Cohort,2895
biolink:GrossAnatomicalStructure,biolink:related_to,biolink:Procedure,2890
biolink:BiologicalProcess,biolink:located_in,biolink:CellularComponent,2890
biolink:Procedure,biolink:related_to,biolink:Gene,2888
biolink:ChemicalEntity,biolink:derives_from,biolink:Protein,2884
biolink:Gene,biolink:has_phenotype,biolink:PhenotypicFeature,2881
biolink:Disease,biolink:related_to,biolink:PhysiologicalProcess,2876
biolink:ChemicalEntity,biolink:related_to,biolink:Device,2862
biolink:Disease,biolink:coexists_with,biolink:BiologicalProcess,2854
biolink:BiologicalProcess,biolink:produces,biolink:Drug,2853
biolink:ChemicalEntity,biolink:related_to,biolink:OrganismTaxon,2853
biolink:ChemicalEntity,biolink:subclass_of,biolink:Procedure,2852
biolink:Disease,biolink:related_to,biolink:AnatomicalEntity,2842
biolink:Drug,biolink:treats_or_applied_or_studied_to_treat,biolink:BiologicalEntity,2837
biolink:Protein,biolink:interacts_with,biolink:Device,2814
biolink:Device,biolink:has_part,biolink:Drug,2812
biolink:Gene,biolink:gene_product_of,biolink:Gene,2801
biolink:Device,biolink:has_input,biolink:ChemicalEntity,2796
biolink:Drug,biolink:disrupts,biolink:CellularComponent,2781
biolink:MolecularMixture,biolink:has_part,biolink:SmallMolecule,2781
biolink:Polypeptide,biolink:affects,biolink:Disease,2780
biolink:SmallMolecule,biolink:affects,biolink:PhysiologicalProcess,2771
biolink:Device,biolink:related_to,biolink:Drug,2758
biolink:InformationContentEntity,biolink:located_in,biolink:AnatomicalEntity,2754
biolink:PhenotypicFeature,biolink:causes,biolink:BiologicalProcess,2753
biolink:ChemicalEntity,biolink:physically_interacts_with,biolink:Protein,2749
biolink:AnatomicalEntity,biolink:located_in,biolink:Cohort,2741
biolink:Food,biolink:has_part,biolink:Drug,2730
biolink:GenomicEntity,biolink:affects,biolink:BiologicalProcess,2718
biolink:MolecularMixture,biolink:disrupts,biolink:BiologicalProcess,2704
biolink:PhenotypicFeature,biolink:occurs_in,biolink:Human,2698
biolink:Pathway,biolink:occurs_in,biolink:BiologicalProcess,2693
biolink:Protein,biolink:related_to,biolink:Device,2689
biolink:InformationContentEntity,biolink:occurs_in,biolink:Cohort,2687
biolink:Cell,biolink:has_part,biolink:AnatomicalEntity,2685
biolink:Cohort,biolink:subclass_of,biolink:Cohort,2684
biolink:Drug,biolink:has_part,biolink:ChemicalEntity,2684
biolink:PhenotypicFeature,biolink:superclass_of,biolink:Disease,2682
biolink:Disease,biolink:superclass_of,biolink:PhenotypicFeature,2682
biolink:Gene,biolink:same_as,biolink:Protein,2681
biolink:Drug,biolink:affects,biolink:PhysiologicalProcess,2665
biolink:Protein,biolink:exacerbates_condition,biolink:Disease,2664
biolink:SmallMolecule,biolink:close_match,biolink:Drug,2662
biolink:ChemicalEntity,biolink:affects,biolink:InformationContentEntity,2654
biolink:GenomicEntity,biolink:interacts_with,biolink:Protein,2650
biolink:InformationContentEntity,biolink:located_in,biolink:GrossAnatomicalStructure,2640
biolink:Protein,biolink:affects,biolink:DiseaseOrPhenotypicFeature,2635
biolink:Protein,biolink:interacts_with,biolink:GenomicEntity,2625
biolink:Activity,biolink:has_input,biolink:SmallMolecule,2625
biolink:ChemicalEntity,biolink:interacts_with,biolink:Device,2604
biolink:Gene,biolink:treats_or_applied_or_studied_to_treat,biolink:Cell,2596
biolink:OrganismTaxon,biolink:related_to,biolink:ChemicalEntity,2587
biolink:GrossAnatomicalStructure,biolink:produces,biolink:SmallMolecule,2583
biolink:Publication,biolink:related_to,biolink:Publication,2580
biolink:MolecularMixture,biolink:affects,biolink:PhenotypicFeature,2578
biolink:CellularComponent,biolink:in_taxon,biolink:OrganismTaxon,2577
biolink:Device,biolink:related_to,biolink:ChemicalEntity,2575
biolink:Device,biolink:affects,biolink:BiologicalProcess,2570
biolink:BiologicalProcess,biolink:located_in,biolink:Gene,2570
biolink:SmallMolecule,biolink:predisposes_to_condition,biolink:PhenotypicFeature,2567
biolink:MolecularActivity,biolink:causes,biolink:MolecularActivity,2554
biolink:Disease,biolink:manifestation_of,biolink:PhenotypicFeature,2543
biolink:PhenotypicFeature,biolink:affects,biolink:GrossAnatomicalStructure,2541
biolink:BiologicalEntity,biolink:has_member,biolink:BiologicalEntity,2535
biolink:Gene,biolink:subclass_of,biolink:Gene,2529
biolink:GrossAnatomicalStructure,biolink:has_part,biolink:Gene,2528
biolink:PhysicalEntity,biolink:treats_or_applied_or_studied_to_treat,biolink:Disease,2526
biolink:Drug,biolink:close_match,biolink:SmallMolecule,2511
biolink:InformationContentEntity,biolink:treats_or_applied_or_studied_to_treat,biolink:Disease,2505
biolink:CellularComponent,biolink:has_part,biolink:Drug,2496
biolink:Activity,biolink:affects,biolink:Disease,2493
biolink:Gene,biolink:affects,biolink:ChemicalEntity,2491
biolink:GrossAnatomicalStructure,biolink:produces,biolink:Drug,2480
biolink:Gene,biolink:related_to,biolink:Gene,2469
biolink:MolecularMixture,biolink:interacts_with,biolink:MolecularMixture,2465
biolink:Activity,biolink:diagnoses,biolink:Disease,2463
biolink:Device,biolink:has_input,biolink:SmallMolecule,2454
biolink:Drug,biolink:subclass_of,biolink:InformationContentEntity,2452
biolink:Drug,biolink:coexists_with,biolink:Gene,2450
biolink:ChemicalEntity,biolink:affects,biolink:MolecularMixture,2449
biolink:AnatomicalEntity,biolink:in_taxon,biolink:OrganismTaxon,2436
biolink:Gene,biolink:coexists_with,biolink:Gene,2434
biolink:PhysiologicalProcess,biolink:located_in,biolink:Gene,2432
biolink:SmallMolecule,biolink:coexists_with,biolink:Gene,2432
biolink:Disease,biolink:located_in,biolink:Disease,2432
biolink:MolecularMixture,biolink:directly_physically_interacts_with,biolink:Protein,2422
biolink:Gene,biolink:coexists_with,biolink:Drug,2421
biolink:Drug,biolink:related_to,biolink:Device,2420
biolink:SmallMolecule,biolink:derives_from,biolink:ChemicalEntity,2415
biolink:NamedThing,biolink:superclass_of,biolink:NamedThing,2414
biolink:SmallMolecule,biolink:subclass_of,biolink:Protein,2412
biolink:InformationContentEntity,biolink:subclass_of,biolink:Drug,2406
biolink:OrganismTaxon,biolink:produces,biolink:ChemicalEntity,2405
biolink:Disease,biolink:has_part,biolink:CellularComponent,2405
biolink:Disease,biolink:located_in,biolink:Protein,2390
biolink:Disease,biolink:precedes,biolink:BiologicalProcess,2388
biolink:MolecularMixture,biolink:subclass_of,biolink:Drug,2388
biolink:Polypeptide,biolink:coexists_with,biolink:Protein,2384
biolink:Cell,biolink:interacts_with,biolink:Drug,2378
biolink:BiologicalProcess,biolink:has_input,biolink:SmallMolecule,2377
biolink:Disease,biolink:close_match,biolink:PhenotypicFeature,2376
biolink:Disease,biolink:related_to,biolink:Publication,2375
biolink:Device,biolink:preventative_for_condition,biolink:PhenotypicFeature,2355
biolink:Gene,biolink:causes,biolink:PhenotypicFeature,2354
biolink:Disease,biolink:has_part,biolink:GrossAnatomicalStructure,2353
biolink:Protein,biolink:causes,biolink:InformationContentEntity,2353
biolink:Protein,biolink:coexists_with,biolink:Polypeptide,2351
biolink:Cohort,biolink:interacts_with,biolink:Cohort,2350
biolink:Gene,biolink:located_in,biolink:PopulationOfIndividualOrganisms,2349
biolink:Disease,biolink:has_part,biolink:Gene,2343
biolink:ChemicalEntity,biolink:derives_from,biolink:Drug,2340
biolink:Disease,biolink:produces,biolink:SmallMolecule,2340
biolink:Gene,biolink:affects,biolink:Phenomenon,2338
biolink:BiologicalProcess,biolink:regulates,biolink:MolecularActivity,2334
biolink:Cohort,biolink:has_part,biolink:Drug,2330
biolink:Disease,biolink:affects,biolink:InformationContentEntity,2321
biolink:BiologicalProcess,biolink:has_participant,biolink:ChemicalEntity,2319
biolink:BiologicalProcess,biolink:related_to,biolink:CellularComponent,2315
biolink:Disease,biolink:in_taxon,biolink:OrganismTaxon,2312
biolink:SmallMolecule,biolink:treats,biolink:Disease,2305
biolink:Protein,biolink:affects,biolink:NucleicAcidEntity,2297
biolink:ChemicalEntity,biolink:close_match,biolink:SmallMolecule,2295
biolink:MolecularEntity,biolink:overlaps,biolink:MolecularEntity,2294
biolink:MolecularActivity,biolink:affects,biolink:Disease,2294
biolink:SmallMolecule,biolink:disrupts,biolink:AnatomicalEntity,2288
biolink:InformationContentEntity,biolink:predisposes_to_condition,biolink:Disease,2287
biolink:Protein,biolink:disrupts,biolink:InformationContentEntity,2283
biolink:Procedure,biolink:located_in,biolink:Protein,2279
biolink:BiologicalProcess,biolink:produces,biolink:SmallMolecule,2278
biolink:Device,biolink:interacts_with,biolink:Drug,2274
biolink:NamedThing,biolink:interacts_with,biolink:Protein,2274
biolink:Protein,biolink:close_match,biolink:PhenotypicFeature,2274
biolink:Protein,biolink:interacts_with,biolink:NamedThing,2274
biolink:Gene,biolink:affects,biolink:Drug,2273
biolink:Cell,biolink:produces,biolink:Gene,2271
biolink:SmallMolecule,biolink:derives_from,biolink:Drug,2264
biolink:Gene,biolink:coexists_with,biolink:SmallMolecule,2253
biolink:Drug,biolink:interacts_with,biolink:Device,2240
biolink:NucleicAcidEntity,biolink:has_part,biolink:Protein,2236
biolink:Cell,biolink:interacts_with,biolink:Gene,2236
biolink:Procedure,biolink:treats_or_applied_or_studied_to_treat,biolink:GrossAnatomicalStructure,2236
biolink:GenomicEntity,biolink:in_taxon,biolink:Human,2235
biolink:Drug,biolink:has_input,biolink:Drug,2230
biolink:Drug,biolink:affects,biolink:Behavior,2228
biolink:GenomicEntity,biolink:coexists_with,biolink:Protein,2226
biolink:Protein,biolink:coexists_with,biolink:GenomicEntity,2225
biolink:Disease,biolink:causes,biolink:Procedure,2225
biolink:Procedure,biolink:has_input,biolink:GenomicEntity,2223
biolink:AnatomicalEntity,biolink:located_in,biolink:PopulationOfIndividualOrganisms,2220
biolink:Gene,biolink:associated_with,biolink:PhenotypicFeature,2217
biolink:PopulationOfIndividualOrganisms,biolink:related_to,biolink:PopulationOfIndividualOrganisms,2207
biolink:Procedure,biolink:exacerbates_condition,biolink:Disease,2206
biolink:BiologicalProcess,biolink:causes,biolink:Disease,2202
biolink:Gene,biolink:affects,biolink:SmallMolecule,2202
biolink:Protein,biolink:affects,biolink:Activity,2202
biolink:Disease,biolink:is_sequence_variant_of,biolink:Disease,2201
biolink:Disease,biolink:gene_product_of,biolink:Disease,2201
biolink:GenomicEntity,biolink:located_in,biolink:OrganismTaxon,2179
biolink:Disease,biolink:coexists_with,biolink:InformationContentEntity,2176
biolink:Device,biolink:affects,biolink:Disease,2175
biolink:SmallMolecule,biolink:produces,biolink:Protein,2164
biolink:Drug,biolink:related_to,biolink:NamedThing,2157
biolink:Disease,biolink:located_in,biolink:PopulationOfIndividualOrganisms,2156
biolink:BiologicalProcess,biolink:affects,biolink:PhysiologicalProcess,2156
biolink:Behavior,biolink:affects,biolink:BiologicalProcess,2131
biolink:PhysiologicalProcess,biolink:has_participant,biolink:GenomicEntity,2118
biolink:Protein,biolink:gene_associated_with_condition,biolink:Behavior,2108
biolink:SmallMolecule,biolink:disrupts,biolink:Behavior,2102
biolink:Cohort,biolink:has_part,biolink:SmallMolecule,2102
biolink:BiologicalProcess,biolink:has_participant,biolink:Drug,2099
biolink:AnatomicalEntity,biolink:has_part,biolink:Gene,2096
biolink:MolecularActivity,biolink:related_to,biolink:Disease,2096
biolink:Procedure,biolink:precedes,biolink:Activity,2095
biolink:SmallMolecule,biolink:interacts_with,biolink:Cell,2089
biolink:SmallMolecule,biolink:related_to,biolink:NamedThing,2082
biolink:SmallMolecule,biolink:subclass_of,biolink:InformationContentEntity,2080
biolink:Drug,biolink:related_to,biolink:BiologicalEntity,2073
biolink:GrossAnatomicalStructure,biolink:related_to,biolink:Disease,2073
biolink:AnatomicalEntity,biolink:related_to,biolink:Disease,2068
biolink:Phenomenon,biolink:located_in,biolink:GrossAnatomicalStructure,2063
biolink:Disease,biolink:disease_has_basis_in,biolink:MolecularActivity,2063
biolink:ChemicalEntity,biolink:interacts_with,biolink:Cell,2062
biolink:Gene,biolink:affects,biolink:AnatomicalEntity,2059
biolink:Device,biolink:related_to,biolink:Protein,2056
biolink:ChemicalEntity,biolink:disrupts,biolink:CellularComponent,2050
biolink:PhenotypicFeature,biolink:affects,biolink:PopulationOfIndividualOrganisms,2049
biolink:PhysiologicalProcess,biolink:occurs_in,biolink:Gene,2044
biolink:Human,biolink:has_part,biolink:AnatomicalEntity,2043
biolink:Phenomenon,biolink:affects,biolink:PhenotypicFeature,2031
biolink:Publication,biolink:related_to,biolink:InformationContentEntity,2023
biolink:MolecularMixture,biolink:has_adverse_event,biolink:Disease,2020
biolink:BiologicalEntity,biolink:same_as,biolink:Protein,2018
biolink:Cohort,biolink:has_part,biolink:PhenotypicFeature,2004
biolink:CellularComponent,biolink:located_in,biolink:AnatomicalEntity,2003
biolink:MolecularActivity,biolink:coexists_with,biolink:BiologicalProcess,1999
biolink:PhenotypicFeature,biolink:affects,biolink:Phenomenon,1996
biolink:SmallMolecule,biolink:affects,biolink:ClinicalAttribute,1995
biolink:Device,biolink:interacts_with,biolink:SmallMolecule,1994
biolink:Disease,biolink:subclass_of,biolink:InformationContentEntity,1993
biolink:Protein,biolink:contributes_to,biolink:Disease,1989
biolink:Activity,biolink:has_input,biolink:Protein,1984
biolink:Drug,biolink:chemically_similar_to,biolink:Drug,1982
biolink:Drug,biolink:causes,biolink:MolecularActivity,1978
biolink:Device,biolink:related_to,biolink:InformationContentEntity,1978
biolink:Disease,biolink:associated_with,biolink:PhenotypicFeature,1972
biolink:BiologicalProcess,biolink:associated_with,biolink:SmallMolecule,1968
biolink:Disease,biolink:located_in,biolink:InformationContentEntity,1968
biolink:Drug,biolink:treats_or_applied_or_studied_to_treat,biolink:InformationContentEntity,1968
biolink:BiologicalProcess,biolink:occurs_in,biolink:Human,1966
biolink:Disease,biolink:located_in,biolink:NucleicAcidEntity,1965
biolink:MolecularMixture,biolink:located_in,biolink:CellularComponent,1962
biolink:BiologicalProcess,biolink:coexists_with,biolink:PhysiologicalProcess,1961
biolink:InformationContentEntity,biolink:associated_with,biolink:Disease,1958
biolink:Disease,biolink:related_to,biolink:OrganismTaxon,1956
biolink:PhenotypicFeature,biolink:produces,biolink:Protein,1952
biolink:PopulationOfIndividualOrganisms,biolink:has_part,biolink:Cell,1950
biolink:Protein,biolink:gene_associated_with_condition,biolink:BiologicalEntity,1947
biolink:Drug,biolink:treats_or_applied_or_studied_to_treat,biolink:Human,1938
biolink:MolecularMixture,biolink:affects,biolink:Phenomenon,1935
biolink:MolecularActivity,biolink:interacts_with,biolink:Gene,1933
biolink:AnatomicalEntity,biolink:affects,biolink:BiologicalProcess,1932
biolink:PhenotypicFeature,biolink:subclass_of,biolink:NamedThing,1931
biolink:NucleicAcidEntity,biolink:causes,biolink:Disease,1931
biolink:InformationContentEntity,biolink:subclass_of,biolink:SmallMolecule,1930
biolink:Gene,biolink:interacts_with,biolink:MolecularActivity,1927
biolink:Disease,biolink:related_to,biolink:Cell,1925
biolink:Gene,biolink:same_as,biolink:MicroRNA,1915
biolink:PhenotypicFeature,biolink:subclass_of,biolink:ClinicalAttribute,1912
biolink:NucleicAcidEntity,biolink:affects,biolink:BiologicalProcess,1911
biolink:Protein,biolink:colocalizes_with,biolink:CellularComponent,1908
biolink:MicroRNA,biolink:subclass_of,biolink:OrganismTaxon,1907
biolink:SmallMolecule,biolink:treats_or_applied_or_studied_to_treat,biolink:Human,1907
biolink:Drug,biolink:contraindicated_in,biolink:NamedThing,1904
biolink:NamedThing,biolink:contraindicated_in,biolink:Drug,1904
biolink:Cohort,biolink:has_part,biolink:Gene,1902
biolink:BiologicalProcess,biolink:occurs_in,biolink:Gene,1897
biolink:OrganismTaxon,biolink:subclass_of,biolink:InformationContentEntity,1891
biolink:Drug,biolink:derives_from,biolink:Drug,1891
biolink:Protein,biolink:in_taxon,biolink:Human,1889
biolink:PhysicalEntity,biolink:located_in,biolink:GrossAnatomicalStructure,1887
biolink:Polypeptide,biolink:causes,biolink:Disease,1885
biolink:Drug,biolink:derives_from,biolink:SmallMolecule,1881
biolink:BiologicalProcess,biolink:occurs_in,biolink:BiologicalEntity,1876
biolink:NucleicAcidEntity,biolink:located_in,biolink:GrossAnatomicalStructure,1875
biolink:Gene,biolink:affects,biolink:Gene,1870
biolink:Drug,biolink:related_to,biolink:MolecularMixture,1868
biolink:Cell,biolink:develops_from,biolink:Cell,1862
biolink:BiologicalProcess,biolink:close_match,biolink:PhysiologicalProcess,1862
biolink:Drug,biolink:treats_or_applied_or_studied_to_treat,biolink:Agent,1862
biolink:SmallMolecule,biolink:physically_interacts_with,biolink:MolecularEntity,1859
biolink:ChemicalEntity,biolink:produces,biolink:Protein,1857
biolink:Pathway,biolink:has_participant,biolink:Pathway,1854
biolink:PopulationOfIndividualOrganisms,biolink:has_part,biolink:ChemicalEntity,1853
biolink:MolecularActivity,biolink:subclass_of,biolink:Phenomenon,1848
biolink:Cohort,biolink:has_input,biolink:InformationContentEntity,1846
biolink:MolecularMixture,biolink:preventative_for_condition,biolink:Disease,1840
biolink:Drug,biolink:located_in,biolink:PopulationOfIndividualOrganisms,1837
biolink:OrganismTaxon,biolink:has_part,biolink:Polypeptide,1836
biolink:Drug,biolink:derives_from,biolink:Protein,1835
biolink:PhenotypicFeature,biolink:affects,biolink:OrganismTaxon,1833
biolink:Gene,biolink:interacts_with,biolink:Pathway,1832
biolink:Pathway,biolink:interacts_with,biolink:Gene,1832
biolink:Phenomenon,biolink:located_in,biolink:AnatomicalEntity,1824
biolink:ChemicalEntity,biolink:close_match,biolink:Device,1817
biolink:BiologicalProcess,biolink:associated_with,biolink:ChemicalEntity,1816
biolink:Food,biolink:subclass_of,biolink:Food,1814
biolink:BiologicalProcess,biolink:affects,biolink:GrossAnatomicalStructure,1798
biolink:PhysicalEntity,biolink:has_input,biolink:PhysicalEntity,1797
biolink:Procedure,biolink:related_to,biolink:Activity,1794
biolink:Protein,biolink:subclass_of,biolink:SmallMolecule,1794
biolink:Activity,biolink:close_match,biolink:Activity,1789
biolink:PhysicalEntity,biolink:has_input,biolink:Device,1787
biolink:SmallMolecule,biolink:interacts_with,biolink:Device,1787
biolink:Polypeptide,biolink:interacts_with,biolink:ChemicalEntity,1779
biolink:PhysiologicalProcess,biolink:has_participant,biolink:Protein,1774
biolink:GeographicLocation,biolink:subclass_of,biolink:Publication,1769
biolink:Gene,biolink:directly_physically_interacts_with,biolink:Gene,1764
biolink:Disease,biolink:affects,biolink:Cell,1763
biolink:ChemicalEntity,biolink:disrupts,biolink:AnatomicalEntity,1759
biolink:ChemicalEntity,biolink:interacts_with,biolink:Polypeptide,1758
biolink:Protein,biolink:has_input,biolink:Drug,1754
biolink:Gene,biolink:produces,biolink:ChemicalEntity,1747
biolink:MolecularMixture,biolink:affects,biolink:GrossAnatomicalStructure,1743
biolink:MolecularActivity,biolink:has_output,biolink:MolecularEntity,1742
biolink:PhenotypicFeature,biolink:located_in,biolink:Cohort,1740
biolink:Drug,biolink:treats_or_applied_or_studied_to_treat,biolink:GrossAnatomicalStructure,1735
biolink:InformationContentEntity,biolink:affects,biolink:Disease,1734
biolink:Disease,biolink:correlated_with,biolink:Disease,1727
biolink:Protein,biolink:disrupts,biolink:PhysiologicalProcess,1722
biolink:Drug,biolink:exacerbates_condition,biolink:Disease,1716
biolink:Drug,biolink:has_member,biolink:Drug,1714
biolink:MolecularMixture,biolink:regulates,biolink:Protein,1712
biolink:Cohort,biolink:has_part,biolink:CellularComponent,1711
biolink:PhenotypicFeature,biolink:close_match,biolink:PhenotypicFeature,1706
biolink:CellularComponent,biolink:produces,biolink:ChemicalEntity,1706
biolink:Disease,biolink:related_to,biolink:Procedure,1702
biolink:InformationContentEntity,biolink:occurs_in,biolink:PopulationOfIndividualOrganisms,1700
biolink:MolecularMixture,biolink:affects,biolink:Cell,1700
biolink:MolecularActivity,biolink:has_input,biolink:MolecularEntity,1698
biolink:Disease,biolink:affects,biolink:MolecularActivity,1691
biolink:Protein,biolink:has_side_effect,biolink:PhenotypicFeature,1690
biolink:SmallMolecule,biolink:derives_from,biolink:Protein,1690
biolink:PhenotypicFeature,biolink:has_side_effect,biolink:Protein,1690
biolink:MolecularMixture,biolink:close_match,biolink:Drug,1689
biolink:Procedure,biolink:affects,biolink:Phenomenon,1681
biolink:Disease,biolink:disease_has_location,biolink:GrossAnatomicalStructure,1670
biolink:Protein,biolink:derives_from,biolink:ChemicalEntity,1670
biolink:MolecularEntity,biolink:has_part,biolink:Protein,1669
biolink:SmallMolecule,biolink:affects,biolink:Behavior,1666
biolink:Protein,biolink:related_to,biolink:MolecularMixture,1663
biolink:NucleicAcidEntity,biolink:located_in,biolink:Cell,1660
biolink:Cell,biolink:temporally_related_to,biolink:BiologicalProcess,1656
biolink:BiologicalProcess,biolink:affects,biolink:SmallMolecule,1644
biolink:Gene,biolink:genetically_associated_with,biolink:Disease,1644
biolink:GenomicEntity,biolink:located_in,biolink:GrossAnatomicalStructure,1643
biolink:ChemicalEntity,biolink:has_part,biolink:Protein,1637
biolink:Activity,biolink:predisposes_to_condition,biolink:Disease,1637
biolink:Gene,biolink:related_to,biolink:Pathway,1636
biolink:GenomicEntity,biolink:gene_associated_with_condition,biolink:Disease,1629
biolink:BiologicalProcess,biolink:affects,biolink:Drug,1628
biolink:BiologicalProcess,biolink:affects,biolink:ChemicalEntity,1628
biolink:Procedure,biolink:related_to,biolink:MolecularMixture,1627
biolink:Gene,biolink:affects,biolink:CellularComponent,1626
biolink:GenomicEntity,biolink:located_in,biolink:Cell,1607
biolink:AnatomicalEntity,biolink:produces,biolink:ChemicalEntity,1606
biolink:MolecularMixture,biolink:related_to,biolink:InformationContentEntity,1603
biolink:InformationContentEntity,biolink:affects,biolink:BiologicalProcess,1603
biolink:SmallMolecule,biolink:regulates,biolink:Gene,1600
biolink:Drug,biolink:produces,biolink:SmallMolecule,1598
biolink:Procedure,biolink:has_part,biolink:Protein,1597
biolink:Drug,biolink:correlated_with,biolink:Disease,1595
biolink:ComplexMolecularMixture,biolink:treats_or_applied_or_studied_to_treat,biolink:Disease,1592
biolink:Disease,biolink:occurs_in,biolink:InformationContentEntity,1592
biolink:ClinicalAttribute,biolink:associated_with,biolink:PhenotypicFeature,1584
biolink:Drug,biolink:produces,biolink:Drug,1581
biolink:Protein,biolink:located_in,biolink:InformationContentEntity,1580
biolink:Cohort,biolink:treats_or_applied_or_studied_to_treat,biolink:Cohort,1578
biolink:Gene,biolink:has_phenotype,biolink:Disease,1577
biolink:InformationContentEntity,biolink:related_to,biolink:Disease,1567
biolink:OrganismTaxon,biolink:subclass_of,biolink:PhysicalEntity,1564
biolink:Drug,biolink:derives_from,biolink:ChemicalEntity,1563
biolink:Behavior,biolink:occurs_in,biolink:Agent,1561
biolink:Polypeptide,biolink:located_in,biolink:OrganismTaxon,1549
biolink:ChemicalEntity,biolink:related_to,biolink:Gene,1544
biolink:BiologicalProcess,biolink:close_match,biolink:Phenomenon,1543
biolink:AnatomicalEntity,biolink:related_to,biolink:BiologicalProcess,1542
biolink:GenomicEntity,biolink:affects,biolink:Disease,1534
biolink:BiologicalProcess,biolink:affects,biolink:InformationContentEntity,1530
biolink:MolecularActivity,biolink:located_in,biolink:Cell,1527
biolink:Disease,biolink:produces,biolink:AnatomicalEntity,1526
biolink:CellularComponent,biolink:located_in,biolink:GrossAnatomicalStructure,1524
biolink:Drug,biolink:related_to,biolink:PhenotypicFeature,1523
biolink:BiologicalProcess,biolink:has_output,biolink:SmallMolecule,1521
biolink:MolecularMixture,biolink:affects,biolink:MolecularActivity,1520
biolink:MolecularActivity,biolink:affects,biolink:Gene,1515
biolink:Polypeptide,biolink:close_match,biolink:Protein,1515
biolink:OrganismTaxon,biolink:has_part,biolink:MolecularMixture,1514
biolink:OrganismTaxon,biolink:produces,biolink:SmallMolecule,1510
biolink:MolecularActivity,biolink:has_participant,biolink:ChemicalEntity,1507
biolink:Agent,biolink:subclass_of,biolink:Agent,1504
biolink:PhenotypicFeature,biolink:causes,biolink:Activity,1503
biolink:BiologicalProcess,biolink:affects,biolink:Gene,1500
biolink:Drug,biolink:produces,biolink:ChemicalEntity,1498
biolink:PopulationOfIndividualOrganisms,biolink:close_match,biolink:PopulationOfIndividualOrganisms,1497
biolink:BiologicalProcess,biolink:has_input,biolink:ChemicalEntity,1492
biolink:ChemicalEntity,biolink:related_to,biolink:NamedThing,1491
biolink:NucleicAcidEntity,biolink:located_in,biolink:AnatomicalEntity,1491
biolink:MolecularMixture,biolink:treats_or_applied_or_studied_to_treat,biolink:Cohort,1490
biolink:CellLine,biolink:subclass_of,biolink:AnatomicalEntity,1489
biolink:Phenomenon,biolink:occurs_in,biolink:Cohort,1489
biolink:BiologicalProcess,biolink:has_output,biolink:AnatomicalEntity,1485
biolink:Activity,biolink:related_to,biolink:Phenomenon,1482
biolink:Cell,biolink:overlaps,biolink:GrossAnatomicalStructure,1481
biolink:SmallMolecule,biolink:treats_or_applied_or_studied_to_treat,biolink:BiologicalEntity,1480
biolink:GenomicEntity,biolink:causes,biolink:Disease,1479
biolink:MolecularMixture,biolink:disrupts,biolink:Disease,1478
biolink:Protein,biolink:causes,biolink:Phenomenon,1477
biolink:PhysicalEntity,biolink:located_in,biolink:AnatomicalEntity,1468
biolink:CellularComponent,biolink:produces,biolink:SmallMolecule,1466
biolink:AnatomicalEntity,biolink:subclass_of,biolink:InformationContentEntity,1463
biolink:ChemicalEntity,biolink:affects,biolink:Behavior,1460
biolink:Procedure,biolink:precedes,biolink:Drug,1455
biolink:BiologicalEntity,biolink:derives_from,biolink:PhysicalEntity,1453
biolink:Disease,biolink:treats,biolink:SmallMolecule,1451
biolink:ChemicalEntity,biolink:affects,biolink:ClinicalAttribute,1449
biolink:CellularComponent,biolink:located_in,biolink:CellularComponent,1447
biolink:Protein,biolink:coexists_with,biolink:Device,1446
biolink:Protein,biolink:affects,biolink:BiologicalEntity,1446
biolink:Drug,biolink:precedes,biolink:Procedure,1445
biolink:NucleicAcidEntity,biolink:coexists_with,biolink:ChemicalEntity,1443
biolink:Protein,biolink:affects,biolink:Procedure,1443
biolink:Gene,biolink:subclass_of,biolink:Publication,1439
biolink:GenomicEntity,biolink:located_in,biolink:AnatomicalEntity,1436
biolink:SmallMolecule,biolink:chemically_similar_to,biolink:ChemicalEntity,1429
biolink:Protein,biolink:affects_response_to,biolink:SmallMolecule,1426
biolink:Procedure,biolink:treats_or_applied_or_studied_to_treat,biolink:Human,1426
biolink:BiologicalProcess,biolink:occurs_in,biolink:PhenotypicFeature,1423
biolink:Cell,biolink:close_match,biolink:Cell,1422
biolink:PhenotypicFeature,biolink:predisposes_to_condition,biolink:BiologicalProcess,1418
biolink:Protein,biolink:decreases_response_to,biolink:Drug,1416
biolink:PhenotypicFeature,biolink:related_to,biolink:InformationContentEntity,1415
biolink:ChemicalEntity,biolink:has_part,biolink:ChemicalEntity,1415
biolink:OrganismTaxon,biolink:associated_with,biolink:PhenotypicFeature,1414
biolink:ComplexMolecularMixture,biolink:interacts_with,biolink:Drug,1413
biolink:Gene,biolink:related_to,biolink:ChemicalEntity,1411
biolink:Activity,biolink:related_to,biolink:Procedure,1411
biolink:Drug,biolink:interacts_with,biolink:ComplexMolecularMixture,1408
biolink:Procedure,biolink:precedes,biolink:PhenotypicFeature,1408
biolink:PhenotypicFeature,biolink:precedes,biolink:PhenotypicFeature,1392
biolink:ChemicalEntity,biolink:disrupts,biolink:Behavior,1384
biolink:GrossAnatomicalStructure,biolink:superclass_of,biolink:AnatomicalEntity,1378
biolink:AnatomicalEntity,biolink:superclass_of,biolink:GrossAnatomicalStructure,1378
biolink:BiologicalProcess,biolink:affects,biolink:MolecularActivity,1377
biolink:PhenotypicFeature,biolink:has_part,biolink:Protein,1367
biolink:MolecularMixture,biolink:has_adverse_event,biolink:PhenotypicFeature,1367
biolink:ChemicalEntity,biolink:contributes_to,biolink:PhenotypicFeature,1360
biolink:InformationContentEntity,biolink:related_to,biolink:PhenotypicFeature,1359
biolink:OrganismTaxon,biolink:has_part,biolink:PhenotypicFeature,1358
biolink:PhysiologicalProcess,biolink:subclass_of,biolink:BiologicalProcess,1355
biolink:Procedure,biolink:diagnoses,biolink:BiologicalEntity,1347
biolink:AnatomicalEntity,biolink:produces,biolink:Drug,1347
biolink:Protein,biolink:affects,biolink:OrganismTaxon,1345
biolink:OrganismTaxon,biolink:causes,biolink:BiologicalProcess,1334
biolink:BiologicalEntity,biolink:regulates,biolink:MolecularActivity,1331
biolink:Procedure,biolink:occurs_in,biolink:Protein,1330
biolink:PopulationOfIndividualOrganisms,biolink:has_part,biolink:SmallMolecule,1330
biolink:Protein,biolink:decreases_response_to,biolink:SmallMolecule,1324
biolink:ComplexMolecularMixture,biolink:affects,biolink:Protein,1324
biolink:Disease,biolink:associated_with,biolink:NucleicAcidEntity,1324
biolink:Cell,biolink:interacts_with,biolink:SmallMolecule,1322
biolink:PhenotypicFeature,biolink:has_side_effect,biolink:SmallMolecule,1320
biolink:SmallMolecule,biolink:has_side_effect,biolink:PhenotypicFeature,1320
biolink:SmallMolecule,biolink:affected_by,biolink:Protein,1319
biolink:Protein,biolink:affected_by,biolink:SmallMolecule,1319
biolink:MolecularActivity,biolink:regulates,biolink:MolecularActivity,1317
biolink:Procedure,biolink:treats_or_applied_or_studied_to_treat,biolink:BiologicalEntity,1316
biolink:ClinicalAttribute,biolink:related_to,biolink:PhenotypicFeature,1311
biolink:MolecularMixture,biolink:causes,biolink:BiologicalProcess,1310
biolink:Activity,biolink:causes,biolink:PhenotypicFeature,1310
biolink:Protein,biolink:increases_response_to,biolink:Drug,1306
biolink:ChemicalEntity,biolink:related_to,biolink:Disease,1305
biolink:Gene,biolink:disrupts,biolink:Cell,1302
biolink:NucleicAcidEntity,biolink:predisposes_to_condition,biolink:Disease,1301
biolink:Protein,biolink:related_to,biolink:NucleicAcidEntity,1301
biolink:Procedure,biolink:related_to,biolink:ClinicalAttribute,1300
biolink:Device,biolink:has_input,biolink:Agent,1300
biolink:Procedure,biolink:has_part,biolink:SmallMolecule,1298
biolink:Procedure,biolink:affects,biolink:Procedure,1297
biolink:PhenotypicFeature,biolink:related_to,biolink:ClinicalAttribute,1297
biolink:Protein,biolink:genetically_associated_with,biolink:BiologicalEntity,1296
biolink:Publication,biolink:diagnoses,biolink:Disease,1294
biolink:PhenotypicFeature,biolink:manifestation_of,biolink:PhenotypicFeature,1291
biolink:Cohort,biolink:subclass_of,biolink:Publication,1289
biolink:Drug,biolink:affects,biolink:Activity,1287
biolink:MolecularActivity,biolink:related_to,biolink:BiologicalProcess,1287
biolink:NucleicAcidEntity,biolink:located_in,biolink:CellularComponent,1284
biolink:Protein,biolink:derives_from,biolink:SmallMolecule,1283
biolink:NucleicAcidEntity,biolink:coexists_with,biolink:Gene,1276
biolink:SmallMolecule,biolink:related_to,biolink:Device,1276
biolink:Disease,biolink:affects,biolink:Human,1276
biolink:PopulationOfIndividualOrganisms,biolink:has_part,biolink:Drug,1270
biolink:MolecularActivity,biolink:affects,biolink:Drug,1269
biolink:ChemicalEntity,biolink:gene_product_of,biolink:Gene,1269
biolink:OrganismTaxon,biolink:located_in,biolink:OrganismTaxon,1268
biolink:Protein,biolink:produces,biolink:MolecularMixture,1267
biolink:Protein,biolink:associated_with,biolink:InformationContentEntity,1264
biolink:ClinicalAttribute,biolink:associated_with,biolink:Disease,1264
biolink:ChemicalEntity,biolink:coexists_with,biolink:NucleicAcidEntity,1260
biolink:AnatomicalEntity,biolink:related_to,biolink:PhenotypicFeature,1256
biolink:Activity,biolink:affects,biolink:BiologicalProcess,1255
biolink:Device,biolink:affects,biolink:Phenomenon,1250
biolink:AnatomicalEntity,biolink:produces,biolink:SmallMolecule,1250
biolink:OrganismTaxon,biolink:related_to,biolink:Disease,1248
biolink:SmallMolecule,biolink:causes,biolink:MolecularActivity,1248
biolink:MolecularMixture,biolink:subclass_of,biolink:SmallMolecule,1242
biolink:Protein,biolink:produces,biolink:Polypeptide,1240
biolink:Gene,biolink:gene_associated_with_condition,biolink:Procedure,1238
biolink:BiologicalProcess,biolink:occurs_in,biolink:InformationContentEntity,1238
biolink:Gene,biolink:actively_involved_in,biolink:Disease,1237
biolink:OrganismTaxon,biolink:produces,biolink:Drug,1237
biolink:GenomicEntity,biolink:affects,biolink:PhenotypicFeature,1237
biolink:NucleicAcidEntity,biolink:subclass_of,biolink:OrganismTaxon,1236
biolink:GenomicEntity,biolink:predisposes_to_condition,biolink:Disease,1231
biolink:Protein,biolink:regulates,biolink:BiologicalProcess,1230
biolink:Phenomenon,biolink:affects,biolink:OrganismTaxon,1230
biolink:Cell,biolink:related_to,biolink:Protein,1227
biolink:Publication,biolink:close_match,biolink:Publication,1226
biolink:GrossAnatomicalStructure,biolink:close_match,biolink:GrossAnatomicalStructure,1226
biolink:Disease,biolink:subclass_of,biolink:AnatomicalEntity,1225
biolink:ChemicalMixture,biolink:subclass_of,biolink:ChemicalMixture,1224
biolink:Protein,biolink:directly_physically_interacts_with,biolink:MolecularMixture,1223
biolink:Activity,biolink:located_in,biolink:AnatomicalEntity,1221
biolink:BiologicalProcess,biolink:regulates,biolink:Pathway,1219
biolink:Activity,biolink:located_in,biolink:GrossAnatomicalStructure,1217
biolink:MolecularMixture,biolink:predisposes_to_condition,biolink:Disease,1216
biolink:Polypeptide,biolink:predisposes_to_condition,biolink:Disease,1215
biolink:Protein,biolink:derives_from,biolink:Drug,1213
biolink:NucleicAcidEntity,biolink:related_to,biolink:Disease,1212
biolink:BiologicalProcess,biolink:causes,biolink:Cell,1211
biolink:Protein,biolink:located_in,biolink:ChemicalEntity,1208
biolink:ChemicalEntity,biolink:treats_or_applied_or_studied_to_treat,biolink:Human,1207
biolink:BiologicalProcess,biolink:occurs_in,biolink:Agent,1203
biolink:OrganismTaxon,biolink:has_part,biolink:GenomicEntity,1198
biolink:Food,biolink:predisposes_to_condition,biolink:PhenotypicFeature,1192
biolink:SmallMolecule,biolink:interacts_with,biolink:Polypeptide,1186
biolink:Device,biolink:related_to,biolink:SmallMolecule,1184
biolink:AnatomicalEntity,biolink:close_match,biolink:InformationContentEntity,1182
biolink:Polypeptide,biolink:interacts_with,biolink:SmallMolecule,1181
biolink:ChemicalEntity,biolink:has_member,biolink:Drug,1179
biolink:Drug,biolink:has_part,biolink:MolecularMixture,1179
biolink:Cell,biolink:capable_of,biolink:BiologicalProcess,1178
biolink:Protein,biolink:increases_response_to,biolink:SmallMolecule,1176
biolink:Cell,biolink:lacks_part,biolink:Protein,1176
biolink:Activity,biolink:treats_or_applied_or_studied_to_treat,biolink:Agent,1175
biolink:Protein,biolink:has_part,biolink:MolecularEntity,1174
biolink:Disease,biolink:related_to,biolink:Drug,1171
biolink:Publication,biolink:located_in,biolink:Agent,1171
biolink:GrossAnatomicalStructure,biolink:overlaps,biolink:AnatomicalEntity,1170
biolink:Disease,biolink:associated_with,biolink:Drug,1169
biolink:Drug,biolink:applied_to_treat,biolink:PhenotypicFeature,1167
biolink:Drug,biolink:subclass_of,biolink:MolecularMixture,1164
biolink:ChemicalEntity,biolink:correlated_with,biolink:Disease,1163
biolink:SmallMolecule,biolink:affects,biolink:GenomicEntity,1163
biolink:InformationContentEntity,biolink:has_input,biolink:Procedure,1162
biolink:Activity,biolink:coexists_with,biolink:Activity,1159
biolink:Disease,biolink:correlated_with,biolink:ChemicalEntity,1151
biolink:Cohort,biolink:related_to,biolink:Cohort,1149
biolink:Protein,biolink:affects,biolink:ClinicalAttribute,1149
biolink:PhysiologicalProcess,biolink:produces,biolink:Protein,1148
biolink:Gene,biolink:preventative_for_condition,biolink:Disease,1148
biolink:MolecularMixture,biolink:contributes_to,biolink:PhenotypicFeature,1146
biolink:SmallMolecule,biolink:applied_to_treat,biolink:Disease,1146
biolink:BiologicalProcess,biolink:associated_with,biolink:BiologicalProcess,1144
biolink:Gene,biolink:produces,biolink:SmallMolecule,1144
biolink:SmallMolecule,biolink:positively_correlated_with,biolink:Disease,1143
biolink:InformationContentEntity,biolink:related_to,biolink:Procedure,1141
biolink:Procedure,biolink:diagnoses,biolink:InformationContentEntity,1139
biolink:Phenomenon,biolink:associated_with,biolink:Disease,1138
biolink:AnatomicalEntity,biolink:related_to,biolink:Procedure,1137
biolink:Disease,biolink:affects,biolink:DiseaseOrPhenotypicFeature,1136
biolink:Cell,biolink:interacts_with,biolink:ChemicalEntity,1132
biolink:Activity,biolink:has_input,biolink:PhysicalEntity,1132
biolink:Behavior,biolink:close_match,biolink:Behavior,1129
biolink:PhysicalEntity,biolink:treats_or_applied_or_studied_to_treat,biolink:PhenotypicFeature,1126
biolink:BiologicalEntity,biolink:has_part,biolink:SmallMolecule,1123
biolink:InformationContentEntity,biolink:related_to,biolink:Activity,1123
biolink:PopulationOfIndividualOrganisms,biolink:has_part,biolink:CellularComponent,1123
biolink:Polypeptide,biolink:located_in,biolink:GrossAnatomicalStructure,1122
biolink:Phenomenon,biolink:subclass_of,biolink:BiologicalProcess,1116
biolink:Polypeptide,biolink:interacts_with,biolink:Drug,1112
biolink:Protein,biolink:causes,biolink:BiologicalEntity,1112
biolink:Disease,biolink:affects,biolink:CellularComponent,1108
biolink:DiseaseOrPhenotypicFeature,biolink:coexists_with,biolink:Disease,1108
biolink:Protein,biolink:related_to,biolink:Polypeptide,1107
biolink:Cell,biolink:develops_from,biolink:GrossAnatomicalStructure,1106
biolink:Procedure,biolink:treats_or_applied_or_studied_to_treat,biolink:ClinicalAttribute,1105
biolink:Disease,biolink:occurs_in,biolink:Disease,1105
biolink:Polypeptide,biolink:located_in,biolink:AnatomicalEntity,1104
biolink:Phenomenon,biolink:occurs_in,biolink:PopulationOfIndividualOrganisms,1102
biolink:PhenotypicFeature,biolink:exacerbates_condition,biolink:PhenotypicFeature,1098
biolink:BiologicalEntity,biolink:related_to,biolink:SmallMolecule,1098
biolink:Gene,biolink:coexpressed_with,biolink:Protein,1094
biolink:Protein,biolink:coexpressed_with,biolink:Gene,1094
biolink:Protein,biolink:close_match,biolink:ChemicalEntity,1090
biolink:Drug,biolink:causes,biolink:InformationContentEntity,1090
biolink:MolecularActivity,biolink:occurs_in,biolink:Disease,1089
biolink:GrossAnatomicalStructure,biolink:regulates,biolink:Gene,1086
biolink:PhenotypicFeature,biolink:located_in,biolink:CellularComponent,1083
biolink:BiologicalEntity,biolink:coexists_with,biolink:Disease,1081
biolink:CellularComponent,biolink:capable_of,biolink:MolecularActivity,1079
biolink:CellularComponent,biolink:produces,biolink:Drug,1076
biolink:CellularComponent,biolink:located_in,biolink:Cell,1076
biolink:Gene,biolink:affects,biolink:PhysiologicalProcess,1076
biolink:Publication,biolink:related_to,biolink:ClinicalAttribute,1076
biolink:NamedThing,biolink:coexists_with,biolink:Disease,1075
biolink:PhysiologicalProcess,biolink:affects,biolink:OrganismTaxon,1074
biolink:MolecularMixture,biolink:related_to,biolink:MolecularMixture,1073
biolink:GrossAnatomicalStructure,biolink:related_to,biolink:Cell,1071
biolink:PopulationOfIndividualOrganisms,biolink:has_input,biolink:InformationContentEntity,1069
biolink:BiologicalProcess,biolink:causes,biolink:MolecularActivity,1068
biolink:Protein,biolink:biomarker_for,biolink:PhenotypicFeature,1066
biolink:MolecularActivity,biolink:has_part,biolink:MolecularActivity,1064
biolink:Activity,biolink:located_in,biolink:Protein,1061
biolink:ClinicalAttribute,biolink:related_to,biolink:Publication,1061
biolink:BiologicalProcess,biolink:coexists_with,biolink:PhenotypicFeature,1061
biolink:DiseaseOrPhenotypicFeature,biolink:predisposes_to_condition,biolink:Disease,1060
biolink:OrganismTaxon,biolink:located_in,biolink:Disease,1058
biolink:Polypeptide,biolink:disrupts,biolink:BiologicalProcess,1058
biolink:Food,biolink:affects,biolink:PhenotypicFeature,1058
biolink:MolecularEntity,biolink:overlaps,biolink:Protein,1057
biolink:Protein,biolink:overlaps,biolink:MolecularEntity,1057
biolink:MolecularMixture,biolink:affects,biolink:AnatomicalEntity,1056
biolink:SmallMolecule,biolink:related_to,biolink:Polypeptide,1054
biolink:AnatomicalEntity,biolink:overlaps,biolink:GrossAnatomicalStructure,1050
biolink:Drug,biolink:related_to,biolink:OrganismTaxon,1047
biolink:OrganismTaxon,biolink:has_part,biolink:ComplexMolecularMixture,1045
biolink:Drug,biolink:coexists_with,biolink:NucleicAcidEntity,1042
biolink:CellularComponent,biolink:has_part,biolink:NucleicAcidEntity,1041
biolink:PopulationOfIndividualOrganisms,biolink:has_part,biolink:Gene,1040
biolink:AnatomicalEntity,biolink:causes,biolink:PhenotypicFeature,1035
biolink:Cell,biolink:subclass_of,biolink:AnatomicalEntity,1032
biolink:GrossAnatomicalStructure,biolink:composed_primarily_of,biolink:GrossAnatomicalStructure,1031
biolink:PhysiologicalProcess,biolink:occurs_in,biolink:Cohort,1025
biolink:Drug,biolink:interacts_with,biolink:Polypeptide,1024
biolink:Protein,biolink:subclass_of,biolink:MolecularEntity,1024
biolink:GrossAnatomicalStructure,biolink:related_to,biolink:NamedThing,1023
biolink:ChemicalEntity,biolink:related_to,biolink:BiologicalProcess,1022
biolink:ComplexMolecularMixture,biolink:treats_or_applied_or_studied_to_treat,biolink:OrganismTaxon,1022
biolink:PhenotypicFeature,biolink:affects,biolink:AnatomicalEntity,1021
biolink:SmallMolecule,biolink:disrupts,biolink:InformationContentEntity,1019
biolink:Procedure,biolink:affects,biolink:PhysiologicalProcess,1018
biolink:Drug,biolink:affects,biolink:GenomicEntity,1015
biolink:GrossAnatomicalStructure,biolink:associated_with,biolink:PhenotypicFeature,1014
biolink:SmallMolecule,biolink:affects,biolink:Activity,1014
biolink:Drug,biolink:disrupts,biolink:InformationContentEntity,1014
biolink:NamedThing,biolink:in_taxon,biolink:OrganismTaxon,1013
biolink:Food,biolink:associated_with,biolink:Disease,1011
biolink:Phenomenon,biolink:has_participant,biolink:Protein,1011
biolink:Protein,biolink:treats,biolink:Disease,1010
biolink:Device,biolink:has_input,biolink:Protein,1007
biolink:Disease,biolink:treats,biolink:Protein,1007
biolink:SmallMolecule,biolink:similar_to,biolink:Drug,1004
biolink:Cell,biolink:causes,biolink:BiologicalProcess,1001
biolink:Disease,biolink:disrupts,biolink:Behavior,1000
biolink:Polypeptide,biolink:treats_or_applied_or_studied_to_treat,biolink:Cell,1000
biolink:Activity,biolink:subclass_of,biolink:Procedure,999
biolink:SmallMolecule,biolink:contraindicated_in,biolink:PhenotypicFeature,998
biolink:InformationContentEntity,biolink:treats_or_applied_or_studied_to_treat,biolink:PhenotypicFeature,997
biolink:Protein,biolink:coexists_with,biolink:CellularComponent,997
biolink:GenomicEntity,biolink:located_in,biolink:InformationContentEntity,997
biolink:InformationContentEntity,biolink:causes,biolink:Disease,997
biolink:Activity,biolink:diagnoses,biolink:PhenotypicFeature,995
biolink:BiologicalProcess,biolink:superclass_of,biolink:NamedThing,993
biolink:NamedThing,biolink:superclass_of,biolink:BiologicalProcess,993
biolink:InformationContentEntity,biolink:has_input,biolink:Protein,989
biolink:BiologicalEntity,biolink:located_in,biolink:GrossAnatomicalStructure,989
biolink:BiologicalProcess,biolink:coexists_with,biolink:MolecularActivity,986
biolink:PhenotypicFeature,biolink:occurs_in,biolink:InformationContentEntity,984
biolink:Publication,biolink:treats_or_applied_or_studied_to_treat,biolink:Disease,984
biolink:BiologicalProcess,biolink:interacts_with,biolink:SmallMolecule,983
biolink:Protein,biolink:has_side_effect,biolink:Disease,983
biolink:SmallMolecule,biolink:interacts_with,biolink:BiologicalProcess,983
biolink:Disease,biolink:has_side_effect,biolink:Protein,983
biolink:Gene,biolink:disrupts,biolink:GrossAnatomicalStructure,983
biolink:OrganismTaxon,biolink:has_part,biolink:OrganismTaxon,982
biolink:PhysiologicalProcess,biolink:affects,biolink:PhenotypicFeature,981
biolink:ClinicalAttribute,biolink:related_to,biolink:AnatomicalEntity,978
biolink:Protein,biolink:treats_or_applied_or_studied_to_treat,biolink:Human,977
biolink:AnatomicalEntity,biolink:related_to,biolink:ClinicalAttribute,975
biolink:GrossAnatomicalStructure,biolink:has_part,biolink:NucleicAcidEntity,968
biolink:PhysicalEntity,biolink:subclass_of,biolink:Publication,964
biolink:Protein,biolink:subclass_of,biolink:GeneFamily,963
biolink:NucleicAcidEntity,biolink:affects,biolink:Disease,960
biolink:SmallMolecule,biolink:causes,biolink:InformationContentEntity,958
biolink:BiologicalProcess,biolink:affects,biolink:AnatomicalEntity,956
biolink:Polypeptide,biolink:related_to,biolink:Protein,955
biolink:Gene,biolink:disrupts,biolink:PhenotypicFeature,955
biolink:PhysicalEntity,biolink:causes,biolink:Disease,953
biolink:SmallMolecule,biolink:coexists_with,biolink:Device,952
biolink:BiologicalProcess,biolink:has_participant,biolink:CellularComponent,951
biolink:ChemicalEntity,biolink:related_to,biolink:ChemicalMixture,948
biolink:SmallMolecule,biolink:located_in,biolink:Human,944
biolink:Cell,biolink:has_plasma_membrane_part,biolink:Protein,943
biolink:Protein,biolink:has_input,biolink:Protein,941
biolink:Disease,biolink:has_part,biolink:Drug,941
biolink:PhenotypicFeature,biolink:located_in,biolink:InformationContentEntity,939
biolink:Phenomenon,biolink:related_to,biolink:Phenomenon,939
biolink:Protein,biolink:close_match,biolink:Drug,936
biolink:Gene,biolink:regulates,biolink:Protein,936
biolink:Procedure,biolink:disrupts,biolink:Disease,935
biolink:NucleicAcidEntity,biolink:located_in,biolink:Cohort,933
biolink:ChemicalEntity,biolink:coexists_with,biolink:Device,932
biolink:PhenotypicFeature,biolink:coexists_with,biolink:InformationContentEntity,929
biolink:BiologicalProcess,biolink:occurs_in,biolink:Pathway,929
biolink:PopulationOfIndividualOrganisms,biolink:occurs_in,biolink:Cohort,928
biolink:Polypeptide,biolink:affects,biolink:Cell,926
biolink:NucleicAcidEntity,biolink:has_part,biolink:CellularComponent,925
biolink:BiologicalProcess,biolink:related_to,biolink:GrossAnatomicalStructure,923
biolink:Activity,biolink:subclass_of,biolink:InformationContentEntity,922
biolink:GrossAnatomicalStructure,biolink:produces,biolink:AnatomicalEntity,921
biolink:NucleicAcidEntity,biolink:coexists_with,biolink:Drug,919
biolink:InformationContentEntity,biolink:subclass_of,biolink:Activity,919
biolink:BiologicalProcess,biolink:has_output,biolink:Protein,918
biolink:Gene,biolink:disrupts,biolink:MolecularActivity,917
biolink:ChemicalEntity,biolink:has_part,biolink:SmallMolecule,917
biolink:Gene,biolink:interacts_with,biolink:OrganismTaxon,917
biolink:Device,biolink:diagnoses,biolink:OrganismTaxon,913
biolink:Phenomenon,biolink:causes,biolink:PhenotypicFeature,911
biolink:Cell,biolink:related_to,biolink:GrossAnatomicalStructure,910
biolink:InformationContentEntity,biolink:related_to,biolink:Protein,906
biolink:Disease,biolink:located_in,biolink:PhenotypicFeature,905
biolink:ChemicalEntity,biolink:subclass_of,biolink:OrganismTaxon,904
biolink:ChemicalEntity,biolink:treats_or_applied_or_studied_to_treat,biolink:BiologicalEntity,902
biolink:Activity,biolink:related_to,biolink:MolecularActivity,901
biolink:MolecularMixture,biolink:disrupts,biolink:MolecularActivity,897
biolink:Disease,biolink:affects,biolink:Protein,895
biolink:SmallMolecule,biolink:produces,biolink:SmallMolecule,894
biolink:Behavior,biolink:related_to,biolink:InformationContentEntity,892
biolink:BiologicalProcess,biolink:has_output,biolink:ChemicalEntity,890
biolink:SmallMolecule,biolink:produces,biolink:ChemicalEntity,888
biolink:PhysiologicalProcess,biolink:occurs_in,biolink:PopulationOfIndividualOrganisms,888
biolink:ChemicalMixture,biolink:related_to,biolink:ChemicalEntity,887
biolink:Food,biolink:subclass_of,biolink:Device,887
biolink:SmallMolecule,biolink:treats_or_applied_or_studied_to_treat,biolink:Agent,886
biolink:BiologicalProcess,biolink:produces,biolink:AnatomicalEntity,885
biolink:BiologicalProcess,biolink:has_output,biolink:CellularComponent,885
biolink:Protein,biolink:contraindicated_in,biolink:Disease,883
biolink:InformationContentEntity,biolink:has_input,biolink:Device,883
biolink:InformationContentEntity,biolink:coexists_with,biolink:PhenotypicFeature,883
biolink:Disease,biolink:coexists_with,biolink:DiseaseOrPhenotypicFeature,883
biolink:InformationContentEntity,biolink:occurs_in,biolink:OrganismTaxon,882
biolink:Disease,biolink:contraindicated_in,biolink:Protein,882
biolink:Drug,biolink:treats,biolink:PhenotypicFeature,881
biolink:Drug,biolink:similar_to,biolink:SmallMolecule,881
biolink:Drug,biolink:drug_regulatory_status_world_wide,biolink:PhenotypicFeature,879
biolink:Cell,biolink:has_part,biolink:NucleicAcidEntity,878
biolink:BiologicalProcess,biolink:related_to,biolink:MolecularActivity,877
biolink:InformationContentEntity,biolink:related_to,biolink:Behavior,877
biolink:MolecularMixture,biolink:subclass_of,biolink:Publication,876
biolink:SmallMolecule,biolink:produces,biolink:Drug,875
biolink:BiologicalProcess,biolink:affects,biolink:CellularComponent,873
biolink:Drug,biolink:coexists_with,biolink:GenomicEntity,873
biolink:Behavior,biolink:occurs_in,biolink:PhenotypicFeature,873
biolink:ChemicalEntity,biolink:related_to,biolink:MolecularActivity,870
biolink:SmallMolecule,biolink:located_in,biolink:PhenotypicFeature,869
biolink:AnatomicalEntity,biolink:associated_with,biolink:Disease,867
biolink:ChemicalEntity,biolink:located_in,biolink:Human,867
biolink:PhenotypicFeature,biolink:coexists_with,biolink:BiologicalProcess,866
biolink:SmallMolecule,biolink:coexists_with,biolink:NucleicAcidEntity,864
biolink:Protein,biolink:has_part,biolink:GeneFamily,862
biolink:Phenomenon,biolink:has_participant,biolink:GenomicEntity,861
biolink:InformationContentEntity,biolink:related_to,biolink:Publication,861
biolink:Device,biolink:subclass_of,biolink:InformationContentEntity,860
biolink:Human,biolink:has_part,biolink:GrossAnatomicalStructure,860
biolink:GenomicEntity,biolink:affects,biolink:MolecularActivity,860
biolink:PopulationOfIndividualOrganisms,biolink:diagnoses,biolink:Disease,860
biolink:Gene,biolink:expressed_in,biolink:CellularComponent,859
biolink:PopulationOfIndividualOrganisms,biolink:subclass_of,biolink:Publication,858
biolink:AnatomicalEntity,biolink:located_in,biolink:Cell,858
biolink:Cohort,biolink:interacts_with,biolink:PopulationOfIndividualOrganisms,855
biolink:Device,biolink:subclass_of,biolink:Drug,855
biolink:Gene,biolink:catalyzes,biolink:MolecularActivity,854
biolink:GrossAnatomicalStructure,biolink:subclass_of,biolink:InformationContentEntity,853
biolink:Food,biolink:causes,biolink:PhenotypicFeature,853
biolink:PhenotypicFeature,biolink:diagnoses,biolink:PhenotypicFeature,851
biolink:BiologicalProcess,biolink:has_participant,biolink:Gene,851
biolink:Polypeptide,biolink:disrupts,biolink:Disease,849
biolink:Drug,biolink:close_match,biolink:Procedure,848
biolink:ChemicalEntity,biolink:related_to,biolink:ComplexMolecularMixture,848
biolink:Publication,biolink:treats_or_applied_or_studied_to_treat,biolink:Cohort,846
biolink:Pathway,biolink:superclass_of,biolink:BiologicalProcess,845
biolink:BiologicalProcess,biolink:superclass_of,biolink:Pathway,845
biolink:Protein,biolink:gene_associated_with_condition,biolink:BiologicalProcess,845
biolink:Disease,biolink:located_in,biolink:Publication,844
biolink:GenomicEntity,biolink:interacts_with,biolink:ChemicalEntity,844
biolink:Drug,biolink:contraindicated_in,biolink:BiologicalProcess,843
biolink:GrossAnatomicalStructure,biolink:has_part,biolink:Disease,842
biolink:AnatomicalEntity,biolink:affects,biolink:Disease,842
biolink:MolecularActivity,biolink:affects,biolink:SmallMolecule,842
biolink:Disease,biolink:coexists_with,biolink:BiologicalEntity,838
biolink:ClinicalAttribute,biolink:coexists_with,biolink:Disease,836
biolink:MolecularMixture,biolink:associated_with,biolink:PhenotypicFeature,836
biolink:GeographicLocation,biolink:located_in,biolink:GeographicLocation,834
biolink:MolecularActivity,biolink:occurs_in,biolink:Human,834
biolink:Procedure,biolink:affects,biolink:Protein,832
biolink:Cell,biolink:overlaps,biolink:AnatomicalEntity,829
biolink:GrossAnatomicalStructure,biolink:affects,biolink:Disease,828
biolink:Disease,biolink:disease_has_basis_in,biolink:Pathway,824
biolink:PhenotypicFeature,biolink:related_to,biolink:BiologicalProcess,822
biolink:PhenotypicFeature,biolink:related_to,biolink:GrossAnatomicalStructure,822
biolink:Procedure,biolink:treats_or_applied_or_studied_to_treat,biolink:DiseaseOrPhenotypicFeature,822
biolink:NucleicAcidEntity,biolink:interacts_with,biolink:ChemicalEntity,820
biolink:ChemicalEntity,biolink:treats_or_applied_or_studied_to_treat,biolink:Agent,820
biolink:Drug,biolink:affects,biolink:DiseaseOrPhenotypicFeature,818
biolink:SmallMolecule,biolink:has_part,biolink:Protein,817
biolink:ComplexMolecularMixture,biolink:preventative_for_condition,biolink:Disease,816
biolink:NamedThing,biolink:actively_involved_in,biolink:Disease,816
biolink:GenomicEntity,biolink:located_in,biolink:PopulationOfIndividualOrganisms,814
biolink:Disease,biolink:is_sequence_variant_of,biolink:Protein,807
biolink:Pathway,biolink:precedes,biolink:Pathway,807
biolink:Protein,biolink:biomarker_for,biolink:Procedure,807
biolink:ChemicalEntity,biolink:produces,biolink:ChemicalEntity,807
biolink:Device,biolink:has_part,biolink:PhysicalEntity,804
biolink:MolecularMixture,biolink:affects,biolink:CellularComponent,804
biolink:MolecularMixture,biolink:treats_or_applied_or_studied_to_treat,biolink:Cell,803
biolink:Procedure,biolink:has_part,biolink:ChemicalEntity,801
biolink:BiologicalProcess,biolink:related_to,biolink:Cell,801
biolink:PhenotypicFeature,biolink:associated_with,biolink:OrganismTaxon,799
biolink:ComplexMolecularMixture,biolink:contributes_to,biolink:Disease,797
biolink:InformationContentEntity,biolink:diagnoses,biolink:Disease,797
biolink:InformationContentEntity,biolink:affects,biolink:Cohort,794
biolink:ChemicalEntity,biolink:affects,biolink:GenomicEntity,794
biolink:Pathway,biolink:related_to,biolink:Disease,793
biolink:Cohort,biolink:has_input,biolink:PhysicalEntity,793
biolink:OrganismTaxon,biolink:related_to,biolink:Drug,791
biolink:Polypeptide,biolink:interacts_with,biolink:Gene,791
biolink:MolecularActivity,biolink:related_to,biolink:ChemicalEntity,790
biolink:GenomicEntity,biolink:located_in,biolink:Cohort,789
biolink:MolecularMixture,biolink:disrupts,biolink:PhenotypicFeature,786
biolink:ChemicalEntity,biolink:produces,biolink:SmallMolecule,784
biolink:Gene,biolink:has_part,biolink:Polypeptide,783
biolink:AnatomicalEntity,biolink:has_part,biolink:NucleicAcidEntity,782
biolink:NucleicAcidEntity,biolink:affects,biolink:MolecularActivity,781
biolink:NucleicAcidEntity,biolink:related_to,biolink:Protein,780
biolink:Food,biolink:has_part,biolink:SmallMolecule,780
biolink:BiologicalProcess,biolink:coexists_with,biolink:Phenomenon,779
biolink:Disease,biolink:manifestation_of,biolink:PhysiologicalProcess,778
biolink:BiologicalEntity,biolink:located_in,biolink:Cell,778
biolink:ChemicalEntity,biolink:subclass_of,biolink:Device,776
biolink:Cohort,biolink:close_match,biolink:Cohort,772
biolink:Gene,biolink:coexists_with,biolink:NucleicAcidEntity,772
biolink:Gene,biolink:correlated_with,biolink:Protein,770
biolink:Protein,biolink:treats_or_applied_or_studied_to_treat,biolink:BiologicalEntity,770
biolink:BiologicalProcess,biolink:associated_with,biolink:Protein,769
biolink:GrossAnatomicalStructure,biolink:has_part,biolink:GenomicEntity,767
biolink:PhenotypicFeature,biolink:related_to,biolink:AnatomicalEntity,764
biolink:Protein,biolink:gene_product_of,biolink:NamedThing,763
biolink:PhysicalEntity,biolink:has_input,biolink:Drug,762
biolink:AnatomicalEntity,biolink:located_in,biolink:CellularComponent,761
biolink:ComplexMolecularMixture,biolink:treats_or_applied_or_studied_to_treat,biolink:Cohort,759
biolink:PhysiologicalProcess,biolink:affects,biolink:Phenomenon,759
biolink:Protein,biolink:related_to,biolink:NamedThing,758
biolink:ClinicalAttribute,biolink:related_to,biolink:Procedure,758
biolink:PhenotypicFeature,biolink:related_to,biolink:Behavior,757
biolink:SmallMolecule,biolink:has_metabolite,biolink:SmallMolecule,756
biolink:BiologicalProcess,biolink:related_to,biolink:PhysiologicalProcess,756
biolink:InformationContentEntity,biolink:affects,biolink:PhenotypicFeature,756
biolink:BiologicalEntity,biolink:located_in,biolink:AnatomicalEntity,754
biolink:PhysiologicalProcess,biolink:related_to,biolink:BiologicalProcess,754
biolink:ChemicalEntity,biolink:interacts_with,biolink:GenomicEntity,754
biolink:PathologicalProcess,biolink:close_match,biolink:PhenotypicFeature,753
biolink:Behavior,biolink:related_to,biolink:PhenotypicFeature,753
biolink:SmallMolecule,biolink:related_to,biolink:Gene,753
biolink:NucleicAcidEntity,biolink:coexists_with,biolink:SmallMolecule,752
biolink:InformationContentEntity,biolink:related_to,biolink:Drug,751
biolink:GrossAnatomicalStructure,biolink:related_to,biolink:PhenotypicFeature,750
biolink:Activity,biolink:treats_or_applied_or_studied_to_treat,biolink:InformationContentEntity,749
biolink:PhenotypicFeature,biolink:affects,biolink:Behavior,749
biolink:Activity,biolink:related_to,biolink:AnatomicalEntity,748
biolink:ChemicalEntity,biolink:causes,biolink:InformationContentEntity,748
biolink:Procedure,biolink:preventative_for_condition,biolink:OrganismTaxon,748
biolink:PopulationOfIndividualOrganisms,biolink:interacts_with,biolink:Cohort,746
biolink:PhysiologicalProcess,biolink:disrupts,biolink:MolecularActivity,744
biolink:OrganismTaxon,biolink:interacts_with,biolink:Drug,743
biolink:NucleicAcidEntity,biolink:located_in,biolink:PopulationOfIndividualOrganisms,743
biolink:InformationContentEntity,biolink:subclass_of,biolink:PhenotypicFeature,742
biolink:Protein,biolink:produces,biolink:GenomicEntity,740
biolink:Activity,biolink:related_to,biolink:Publication,740
biolink:GenomicEntity,biolink:causes,biolink:PhenotypicFeature,740
biolink:InformationContentEntity,biolink:has_member,biolink:Disease,738
biolink:ChemicalEntity,biolink:located_in,biolink:PhenotypicFeature,738
biolink:MolecularMixture,biolink:close_match,biolink:Protein,736
biolink:PhenotypicFeature,biolink:has_part,biolink:GrossAnatomicalStructure,735
biolink:SmallMolecule,biolink:affects,biolink:Polypeptide,735
biolink:Protein,biolink:preventative_for_condition,biolink:OrganismTaxon,735
biolink:BiologicalEntity,biolink:affects,biolink:Disease,733
biolink:ChemicalEntity,biolink:affects,biolink:Activity,732
biolink:NucleicAcidEntity,biolink:associated_with,biolink:PhenotypicFeature,729
biolink:MolecularActivity,biolink:regulates,biolink:BiologicalProcess,728
biolink:Disease,biolink:affects,biolink:Agent,728
biolink:DiseaseOrPhenotypicFeature,biolink:occurs_in,biolink:Cohort,727
biolink:Drug,biolink:affects,biolink:BiologicalEntity,727
biolink:PhenotypicFeature,biolink:located_in,biolink:PopulationOfIndividualOrganisms,727
biolink:PhysicalEntity,biolink:close_match,biolink:PhysicalEntity,726
biolink:ComplexMolecularMixture,biolink:associated_with,biolink:Disease,724
biolink:Protein,biolink:gene_associated_with_condition,biolink:InformationContentEntity,724
biolink:Cohort,biolink:produces,biolink:Device,723
biolink:Drug,biolink:affects,biolink:Procedure,721
biolink:Publication,biolink:has_input,biolink:Procedure,720
biolink:Disease,biolink:disrupts,biolink:GrossAnatomicalStructure,718
biolink:MolecularActivity,biolink:occurs_in,biolink:MolecularActivity,716
biolink:BiologicalEntity,biolink:affects,biolink:BiologicalProcess,715
biolink:IndividualOrganism,biolink:subclass_of,biolink:IndividualOrganism,715
biolink:Disease,biolink:coexists_with,biolink:MolecularActivity,714
biolink:InformationContentEntity,biolink:related_to,biolink:BiologicalProcess,713
biolink:Procedure,biolink:affects,biolink:InformationContentEntity,713
biolink:Phenomenon,biolink:coexists_with,biolink:BiologicalProcess,713
biolink:SmallMolecule,biolink:disrupts,biolink:PhysiologicalProcess,711
biolink:BiologicalProcess,biolink:has_output,biolink:Cell,710
biolink:GenomicEntity,biolink:subclass_of,biolink:Gene,709
biolink:NucleicAcidEntity,biolink:causes,biolink:PhenotypicFeature,709
biolink:MolecularMixture,biolink:treats_or_applied_or_studied_to_treat,biolink:PopulationOfIndividualOrganisms,705
biolink:Gene,biolink:produces,biolink:Gene,704
biolink:GenomicEntity,biolink:disrupts,biolink:BiologicalProcess,700
biolink:PhysiologicalProcess,biolink:associated_with,biolink:BiologicalProcess,700
biolink:Cell,biolink:produces,biolink:AnatomicalEntity,699
biolink:CellularComponent,biolink:causes,biolink:Disease,698
biolink:MolecularMixture,biolink:directly_physically_interacts_with,biolink:MolecularMixture,698
biolink:Activity,biolink:causes,biolink:Disease,695
biolink:SmallMolecule,biolink:treats_or_applied_or_studied_to_treat,biolink:GrossAnatomicalStructure,695
biolink:Drug,biolink:subclass_of,biolink:Polypeptide,695
biolink:MolecularEntity,biolink:has_part,biolink:MolecularEntity,694
biolink:Device,biolink:has_input,biolink:Publication,694
biolink:MolecularMixture,biolink:related_to,biolink:Procedure,693
biolink:Pathway,biolink:close_match,biolink:MolecularActivity,693
biolink:MolecularActivity,biolink:coexists_with,biolink:PhenotypicFeature,693
biolink:Protein,biolink:interacts_with,biolink:ComplexMolecularMixture,693
biolink:ClinicalAttribute,biolink:treats_or_applied_or_studied_to_treat,biolink:Disease,692
biolink:Drug,biolink:affects,biolink:Polypeptide,692
biolink:Device,biolink:located_in,biolink:OrganismTaxon,692
biolink:Disease,biolink:related_to,biolink:ChemicalEntity,692
biolink:PhysiologicalProcess,biolink:affects,biolink:Gene,691
biolink:Protein,biolink:treats_or_applied_or_studied_to_treat,biolink:Agent,689
biolink:InformationContentEntity,biolink:has_part,biolink:Protein,689
biolink:Activity,biolink:affects,biolink:Procedure,687
biolink:CellularComponent,biolink:temporally_related_to,biolink:BiologicalProcess,687
biolink:Agent,biolink:has_part,biolink:Protein,686
biolink:GrossAnatomicalStructure,biolink:has_part,biolink:MolecularMixture,685
biolink:ChemicalEntity,biolink:interacts_with,biolink:ComplexMolecularMixture,685
biolink:Procedure,biolink:coexists_with,biolink:Disease,684
biolink:Gene,biolink:related_to,biolink:Drug,683
biolink:ChemicalEntity,biolink:coexists_with,biolink:ComplexMolecularMixture,680
biolink:Polypeptide,biolink:subclass_of,biolink:Polypeptide,679
biolink:Procedure,biolink:has_input,biolink:ComplexMolecularMixture,678
biolink:BiologicalProcess,biolink:related_to,biolink:Disease,678
biolink:GenomicEntity,biolink:related_to,biolink:Disease,678
biolink:BiologicalEntity,biolink:derives_from,biolink:OrganismTaxon,677
biolink:Disease,biolink:related_to,biolink:GenomicEntity,677
biolink:Publication,biolink:diagnoses,biolink:PhenotypicFeature,677
biolink:Cohort,biolink:has_part,biolink:NucleicAcidEntity,673
biolink:ChemicalEntity,biolink:superclass_of,biolink:SmallMolecule,671
biolink:Disease,biolink:coexists_with,biolink:NamedThing,671
biolink:SmallMolecule,biolink:superclass_of,biolink:ChemicalEntity,671
biolink:ComplexMolecularMixture,biolink:interacts_with,biolink:Protein,670
biolink:Disease,biolink:associated_with,biolink:ChemicalEntity,669
biolink:Protein,biolink:physically_interacts_with,biolink:ChemicalMixture,669
biolink:Gene,biolink:produces,biolink:Drug,669
biolink:Drug,biolink:contraindicated_in,biolink:Procedure,668
biolink:Procedure,biolink:has_input,biolink:NucleicAcidEntity,668
biolink:BiologicalProcess,biolink:affects,biolink:ClinicalAttribute,668
biolink:CellularComponent,biolink:affects,biolink:PhysiologicalProcess,667
biolink:PhenotypicFeature,biolink:located_in,biolink:Cell,667
biolink:Publication,biolink:located_in,biolink:AnatomicalEntity,667
biolink:ChemicalEntity,biolink:treats_or_applied_or_studied_to_treat,biolink:GrossAnatomicalStructure,666
biolink:Gene,biolink:interacts_with,biolink:Polypeptide,666
biolink:Drug,biolink:coexists_with,biolink:Device,666
biolink:Disease,biolink:produces,biolink:GrossAnatomicalStructure,666
biolink:ChemicalEntity,biolink:exacerbates_condition,biolink:Disease,666
biolink:Disease,biolink:coexists_with,biolink:PopulationOfIndividualOrganisms,666
biolink:Drug,biolink:disrupts,biolink:PhysiologicalProcess,664
biolink:Polypeptide,biolink:affects,biolink:MolecularActivity,663
biolink:Disease,biolink:has_part,biolink:PhenotypicFeature,663
biolink:NamedThing,biolink:has_part,biolink:GrossAnatomicalStructure,662
biolink:InformationContentEntity,biolink:located_in,biolink:Agent,661
biolink:Procedure,biolink:related_to,biolink:NamedThing,661
biolink:PhenotypicFeature,biolink:related_to,biolink:Activity,660
biolink:NamedThing,biolink:subclass_of,biolink:IndividualOrganism,659
biolink:MolecularMixture,biolink:has_part,biolink:Protein,658
biolink:Drug,biolink:affects,biolink:NucleicAcidEntity,657
biolink:ChemicalEntity,biolink:interacts_with,biolink:NucleicAcidEntity,656
biolink:Drug,biolink:located_in,biolink:PhenotypicFeature,654
biolink:Cell,biolink:in_taxon,biolink:OrganismTaxon,653
biolink:BiologicalProcess,biolink:has_input,biolink:Drug,653
biolink:Protein,biolink:causes,biolink:Activity,653
biolink:Protein,biolink:has_input,biolink:SmallMolecule,652
biolink:BiologicalProcess,biolink:related_to,biolink:PhenotypicFeature,652
biolink:PhenotypicFeature,biolink:has_part,biolink:AnatomicalEntity,652
biolink:Phenomenon,biolink:affects,biolink:PhysiologicalProcess,652
biolink:PhenotypicFeature,biolink:treats_or_applied_or_studied_to_treat,biolink:Disease,651
biolink:GenomicEntity,biolink:interacts_with,biolink:Drug,651
biolink:ComplexMolecularMixture,biolink:causes,biolink:Disease,650
biolink:Pathway,biolink:same_as,biolink:BiologicalProcess,649
biolink:Disease,biolink:produces,biolink:Gene,648
biolink:MolecularMixture,biolink:disrupts,biolink:Phenomenon,648
biolink:ChemicalEntity,biolink:subclass_of,biolink:ComplexMolecularMixture,647
biolink:Disease,biolink:has_side_effect,biolink:SmallMolecule,646
biolink:SmallMolecule,biolink:has_side_effect,biolink:Disease,646
biolink:MolecularActivity,biolink:affects,biolink:ChemicalEntity,644
biolink:MolecularActivity,biolink:has_participant,biolink:MolecularActivity,644
biolink:Protein,biolink:biomarker_for,biolink:Protein,643
biolink:PopulationOfIndividualOrganisms,biolink:has_part,biolink:PhenotypicFeature,643
biolink:Phenomenon,biolink:produces,biolink:Protein,643
biolink:PhenotypicFeature,biolink:subclass_of,biolink:Activity,642
biolink:Drug,biolink:same_as,biolink:SmallMolecule,642
biolink:Protein,biolink:has_participant,biolink:Protein,641
biolink:Device,biolink:subclass_of,biolink:Procedure,639
biolink:Drug,biolink:causes,biolink:Procedure,638
biolink:Behavior,biolink:occurs_in,biolink:Human,638
biolink:Protein,biolink:derives_from,biolink:Gene,637
biolink:Publication,biolink:related_to,biolink:Disease,636
biolink:Cell,biolink:affects,biolink:PhysiologicalProcess,636
biolink:SmallMolecule,biolink:affects,biolink:NucleicAcidEntity,635
biolink:NucleicAcidEntity,biolink:interacts_with,biolink:Gene,635
biolink:ChemicalEntity,biolink:affects,biolink:NucleicAcidEntity,635
biolink:ComplexMolecularMixture,biolink:interacts_with,biolink:ChemicalEntity,635
biolink:ComplexMolecularMixture,biolink:affects,biolink:BiologicalProcess,634
biolink:Cell,biolink:related_to,biolink:Cell,633
biolink:ClinicalAttribute,biolink:occurs_in,biolink:Cohort,633
biolink:Human,biolink:has_part,biolink:ChemicalEntity,633
biolink:ChemicalEntity,biolink:has_input,biolink:Drug,631
biolink:Device,biolink:affects,biolink:PhenotypicFeature,631
biolink:PhenotypicFeature,biolink:causes,biolink:Procedure,630
biolink:Drug,biolink:related_to,biolink:Gene,629
biolink:Protein,biolink:has_part,biolink:MolecularMixture,628
biolink:ChemicalEntity,biolink:disrupts,biolink:InformationContentEntity,628
biolink:PhysiologicalProcess,biolink:close_match,biolink:BiologicalProcess,627
biolink:Procedure,biolink:diagnoses,biolink:DiseaseOrPhenotypicFeature,627
biolink:ChemicalMixture,biolink:related_to,biolink:SmallMolecule,626
biolink:Protein,biolink:subclass_of,biolink:InformationContentEntity,625
biolink:Gene,biolink:related_to,biolink:Procedure,625
biolink:ChemicalEntity,biolink:coexists_with,biolink:GenomicEntity,625
biolink:Disease,biolink:affects,biolink:Activity,625
biolink:Protein,biolink:interacts_with,biolink:ChemicalMixture,624
biolink:Device,biolink:subclass_of,biolink:ChemicalEntity,624
biolink:MolecularActivity,biolink:affects,biolink:OrganismTaxon,624
biolink:Drug,biolink:treats_or_applied_or_studied_to_treat,biolink:ClinicalAttribute,624
biolink:Procedure,biolink:related_to,biolink:GenomicEntity,622
biolink:NucleicAcidEntity,biolink:affects,biolink:ChemicalEntity,621
biolink:Cell,biolink:has_part,biolink:Polypeptide,620
biolink:PhenotypicFeature,biolink:associated_with,biolink:MolecularActivity,620
biolink:CellularComponent,biolink:located_in,biolink:Cohort,619
biolink:GrossAnatomicalStructure,biolink:produces,biolink:Gene,619
biolink:MolecularMixture,biolink:subclass_of,biolink:MolecularMixture,619
biolink:SmallMolecule,biolink:treats_or_applied_or_studied_to_treat,biolink:InformationContentEntity,618
biolink:ChemicalEntity,biolink:causes,biolink:MolecularActivity,618
biolink:Procedure,biolink:related_to,biolink:Polypeptide,618
biolink:Protein,biolink:disrupts,biolink:Procedure,617
biolink:ChemicalEntity,biolink:affects,biolink:Polypeptide,616
biolink:Cell,biolink:develops_from,biolink:AnatomicalEntity,613
biolink:Protein,biolink:produces,biolink:NucleicAcidEntity,613
biolink:SmallMolecule,biolink:same_as,biolink:MolecularMixture,612
biolink:ChemicalEntity,biolink:related_to,biolink:Food,611
biolink:DiseaseOrPhenotypicFeature,biolink:located_in,biolink:GrossAnatomicalStructure,611
biolink:ComplexMolecularMixture,biolink:located_in,biolink:OrganismTaxon,611
biolink:Disease,biolink:associated_with,biolink:SmallMolecule,611
biolink:GenomicEntity,biolink:interacts_with,biolink:Cell,610
biolink:GenomicEntity,biolink:produces,biolink:Protein,608
biolink:SmallMolecule,biolink:has_part,biolink:ChemicalEntity,608
biolink:Device,biolink:related_to,biolink:PhenotypicFeature,606
biolink:PhenotypicFeature,biolink:produces,biolink:Drug,604
biolink:GenomicEntity,biolink:is_sequence_variant_of,biolink:Gene,602
biolink:Device,biolink:related_to,biolink:PhysicalEntity,601
biolink:Activity,biolink:has_input,biolink:Activity,599
biolink:Protein,biolink:regulates,biolink:Gene,595
biolink:ChemicalEntity,biolink:subclass_of,biolink:Polypeptide,595
biolink:ChemicalEntity,biolink:affects,biolink:OrganismTaxon,595
biolink:ChemicalEntity,biolink:produces,biolink:Drug,595
biolink:PhysiologicalProcess,biolink:coexists_with,biolink:Disease,595
biolink:OrganismTaxon,biolink:interacts_with,biolink:Gene,595
biolink:Disease,biolink:related_to,biolink:SmallMolecule,594
biolink:ChemicalEntity,biolink:has_part,biolink:Drug,594
biolink:Drug,biolink:close_match,biolink:MolecularMixture,593
biolink:Protein,biolink:subclass_of,biolink:ChemicalMixture,593
biolink:Disease,biolink:has_part,biolink:SmallMolecule,592
biolink:MolecularActivity,biolink:close_match,biolink:BiologicalProcess,591
biolink:Gene,biolink:interacts_with,biolink:NucleicAcidEntity,589
biolink:Activity,biolink:related_to,biolink:Gene,588
biolink:Cohort,biolink:has_part,biolink:GenomicEntity,588
biolink:GenomicEntity,biolink:associated_with,biolink:PhenotypicFeature,587
biolink:Protein,biolink:affects,biolink:Device,586
biolink:Publication,biolink:related_to,biolink:PhenotypicFeature,586
biolink:Protein,biolink:located_in,biolink:Disease,586
biolink:Pathway,biolink:has_participant,biolink:NucleicAcidEntity,586
biolink:Behavior,biolink:occurs_in,biolink:GrossAnatomicalStructure,586
biolink:ClinicalAttribute,biolink:predisposes_to_condition,biolink:PhenotypicFeature,585
biolink:Device,biolink:interacts_with,biolink:Device,584
biolink:Polypeptide,biolink:coexists_with,biolink:ChemicalEntity,584
biolink:Publication,biolink:located_in,biolink:GrossAnatomicalStructure,583
biolink:MolecularActivity,biolink:affects,biolink:Phenomenon,583
biolink:BiologicalProcess,biolink:associated_with,biolink:PhysiologicalProcess,583
biolink:Drug,biolink:has_member,biolink:SmallMolecule,583
biolink:Disease,biolink:correlated_with,biolink:Drug,581
biolink:Disease,biolink:affects,biolink:ClinicalAttribute,581
biolink:AnatomicalEntity,biolink:located_in,biolink:InformationContentEntity,581
biolink:Drug,biolink:treats_or_applied_or_studied_to_treat,biolink:DiseaseOrPhenotypicFeature,580
biolink:Polypeptide,biolink:affects,biolink:Phenomenon,580
biolink:BiologicalProcess,biolink:located_in,biolink:ChemicalEntity,579
biolink:Protein,biolink:biomarker_for,biolink:Gene,579
biolink:Behavior,biolink:predisposes_to_condition,biolink:PhenotypicFeature,579
biolink:PhenotypicFeature,biolink:produces,biolink:ChemicalEntity,579
biolink:MolecularActivity,biolink:produces,biolink:Protein,578
biolink:GrossAnatomicalStructure,biolink:related_to,biolink:CellularComponent,578
biolink:MolecularMixture,biolink:contraindicated_in,biolink:Disease,578
biolink:SmallMolecule,biolink:related_to,biolink:BiologicalProcess,577
biolink:Procedure,biolink:has_input,biolink:Activity,577
biolink:MolecularMixture,biolink:close_match,biolink:SmallMolecule,577
biolink:Procedure,biolink:close_match,biolink:Drug,577
biolink:SmallMolecule,biolink:related_to,biolink:MolecularActivity,574
biolink:Procedure,biolink:related_to,biolink:Publication,574
biolink:SmallMolecule,biolink:located_in,biolink:ChemicalEntity,573
biolink:PhenotypicFeature,biolink:predisposes_to_condition,biolink:DiseaseOrPhenotypicFeature,572
biolink:Protein,biolink:treats_or_applied_or_studied_to_treat,biolink:GrossAnatomicalStructure,572
biolink:InformationContentEntity,biolink:has_participant,biolink:ChemicalEntity,571
biolink:Cell,biolink:affects,biolink:MolecularActivity,570
biolink:Activity,biolink:occurs_in,biolink:Cohort,569
biolink:Human,biolink:has_part,biolink:Cell,569
biolink:Publication,biolink:related_to,biolink:Activity,569
biolink:MolecularActivity,biolink:same_as,biolink:BiologicalProcess,569
biolink:InformationContentEntity,biolink:has_input,biolink:Drug,569
biolink:Polypeptide,biolink:causes,biolink:PhenotypicFeature,568
biolink:ClinicalAttribute,biolink:located_in,biolink:GrossAnatomicalStructure,568
biolink:Protein,biolink:coexists_with,biolink:ComplexMolecularMixture,568
biolink:Disease,biolink:coexists_with,biolink:ClinicalAttribute,567
biolink:NucleicAcidEntity,biolink:interacts_with,biolink:Drug,566
biolink:Polypeptide,biolink:affects,biolink:GrossAnatomicalStructure,565
biolink:Polypeptide,biolink:subclass_of,biolink:ChemicalEntity,564
biolink:InformationContentEntity,biolink:predisposes_to_condition,biolink:PhenotypicFeature,564
biolink:Gene,biolink:predisposes_to_condition,biolink:PhenotypicFeature,563
biolink:SmallMolecule,biolink:affects,biolink:BiologicalEntity,562
biolink:Polypeptide,biolink:affects,biolink:PhenotypicFeature,562
biolink:SmallMolecule,biolink:interacts_with,biolink:ChemicalMixture,562
biolink:MolecularMixture,biolink:related_to,biolink:NamedThing,562
biolink:Procedure,biolink:subclass_of,biolink:Drug,561
biolink:Activity,biolink:occurs_in,biolink:Protein,560
biolink:SmallMolecule,biolink:has_input,biolink:Drug,560
biolink:ChemicalEntity,biolink:has_member,biolink:SmallMolecule,558
biolink:ComplexMolecularMixture,biolink:treats_or_applied_or_studied_to_treat,biolink:PopulationOfIndividualOrganisms,558
biolink:PhysicalEntity,biolink:treats_or_applied_or_studied_to_treat,biolink:OrganismTaxon,558
biolink:PhenotypicFeature,biolink:close_match,biolink:Disease,557
biolink:Drug,biolink:preventative_for_condition,biolink:OrganismTaxon,557
biolink:PhysicalEntity,biolink:related_to,biolink:Device,557
biolink:MolecularActivity,biolink:treats_or_applied_or_studied_to_treat,biolink:Disease,556
biolink:AnatomicalEntity,biolink:overlaps,biolink:AnatomicalEntity,556
biolink:Device,biolink:treats_or_applied_or_studied_to_treat,biolink:Agent,556
biolink:Drug,biolink:regulates,biolink:Gene,555
biolink:ChemicalEntity,biolink:coexists_with,biolink:Polypeptide,554
biolink:PhenotypicFeature,biolink:disrupts,biolink:BiologicalProcess,554
biolink:MolecularMixture,biolink:produces,biolink:Protein,553
biolink:Food,biolink:related_to,biolink:OrganismTaxon,551
biolink:OrganismTaxon,biolink:related_to,biolink:Food,551
biolink:SmallMolecule,biolink:exacerbates_condition,biolink:Disease,551
biolink:Phenomenon,biolink:has_input,biolink:Protein,551
biolink:Gene,biolink:has_part,biolink:SmallMolecule,548
biolink:GenomicEntity,biolink:coexists_with,biolink:ChemicalEntity,548
biolink:Cell,biolink:related_to,biolink:BiologicalProcess,547
biolink:Drug,biolink:interacts_with,biolink:OrganismTaxon,547
biolink:GenomicEntity,biolink:affects,biolink:Phenomenon,546
biolink:DiseaseOrPhenotypicFeature,biolink:predisposes_to_condition,biolink:PhenotypicFeature,546
biolink:Polypeptide,biolink:affects,biolink:ChemicalEntity,546
biolink:CellularComponent,biolink:subclass_of,biolink:AnatomicalEntity,546
biolink:InformationContentEntity,biolink:related_to,biolink:ChemicalEntity,545
biolink:MolecularMixture,biolink:physically_interacts_with,biolink:Protein,545
biolink:BiologicalEntity,biolink:related_to,biolink:ChemicalEntity,544
biolink:MolecularActivity,biolink:affects,biolink:Cell,544
biolink:ChemicalEntity,biolink:directly_physically_interacts_with,biolink:ChemicalEntity,543
biolink:MolecularActivity,biolink:affects,biolink:PhenotypicFeature,543
biolink:PhenotypicFeature,biolink:associated_with,biolink:Drug,543
biolink:ClinicalAttribute,biolink:interacts_with,biolink:PhenotypicFeature,543
biolink:Disease,biolink:similar_to,biolink:Disease,543
biolink:BiologicalProcess,biolink:coexists_with,biolink:InformationContentEntity,542
biolink:MolecularMixture,biolink:has_part,biolink:Drug,541
biolink:GrossAnatomicalStructure,biolink:has_part,biolink:PhenotypicFeature,540
biolink:MolecularMixture,biolink:disrupts,biolink:Cell,540
biolink:Polypeptide,biolink:affects,biolink:SmallMolecule,538
biolink:NucleicAcidEntity,biolink:interacts_with,biolink:SmallMolecule,538
biolink:MolecularMixture,biolink:related_to,biolink:BiologicalEntity,537
biolink:ChemicalEntity,biolink:interacts_with,biolink:OrganismTaxon,536
biolink:Phenomenon,biolink:close_match,biolink:Phenomenon,535
biolink:Drug,biolink:causes,biolink:Behavior,535
biolink:Drug,biolink:has_metabolite,biolink:SmallMolecule,535
biolink:Disease,biolink:affects,biolink:BiologicalEntity,535
biolink:Food,biolink:affects,biolink:Phenomenon,535
biolink:NamedThing,biolink:close_match,biolink:NamedThing,534
biolink:GenomicEntity,biolink:disrupts,biolink:Disease,534
biolink:SmallMolecule,biolink:subclass_of,biolink:ChemicalMixture,534
biolink:ChemicalEntity,biolink:interacts_with,biolink:ChemicalMixture,534
biolink:GenomicEntity,biolink:coexists_with,biolink:Drug,534
biolink:Device,biolink:coexists_with,biolink:Drug,533
biolink:PhysiologicalProcess,biolink:causes,biolink:PhenotypicFeature,533
biolink:BiologicalProcess,biolink:affects,biolink:Human,533
biolink:Protein,biolink:exacerbates_condition,biolink:PhenotypicFeature,532
biolink:Cell,biolink:related_to,biolink:PhenotypicFeature,530
biolink:ChemicalEntity,biolink:chemically_similar_to,biolink:SmallMolecule,529
biolink:NucleicAcidEntity,biolink:affects,biolink:GrossAnatomicalStructure,529
biolink:Drug,biolink:has_input,biolink:Protein,528
biolink:Activity,biolink:coexists_with,biolink:BiologicalProcess,528
biolink:Procedure,biolink:has_input,biolink:InformationContentEntity,528
biolink:Gene,biolink:related_to,biolink:SmallMolecule,527
biolink:Agent,biolink:subclass_of,biolink:Publication,526
biolink:Procedure,biolink:precedes,biolink:Publication,526
biolink:InformationContentEntity,biolink:has_member,biolink:Activity,525
biolink:MolecularMixture,biolink:coexists_with,biolink:MolecularMixture,525
biolink:NucleicAcidEntity,biolink:affects,biolink:PhenotypicFeature,525
biolink:Procedure,biolink:related_to,biolink:MolecularActivity,525
biolink:PhysicalEntity,biolink:treats_or_applied_or_studied_to_treat,biolink:Cohort,524
biolink:BiologicalProcess,biolink:same_as,biolink:BiologicalProcess,524
biolink:Food,biolink:subclass_of,biolink:Publication,524
biolink:NucleicAcidEntity,biolink:affects,biolink:Drug,522
biolink:PhysiologicalProcess,biolink:has_participant,biolink:Gene,522
biolink:Gene,biolink:physically_interacts_with,biolink:Protein,522
biolink:Cohort,biolink:subclass_of,biolink:PopulationOfIndividualOrganisms,521
biolink:GrossAnatomicalStructure,biolink:related_to,biolink:ChemicalEntity,520
biolink:ChemicalEntity,biolink:chemically_similar_to,biolink:ChemicalEntity,520
biolink:PhysiologicalProcess,biolink:located_in,biolink:ChemicalEntity,520
biolink:SmallMolecule,biolink:interacts_with,biolink:ComplexMolecularMixture,520
biolink:CellularComponent,biolink:related_to,biolink:Protein,520
biolink:Food,biolink:related_to,biolink:ChemicalEntity,519
biolink:Activity,biolink:associated_with,biolink:Disease,518
biolink:GenomicEntity,biolink:interacts_with,biolink:SmallMolecule,518
biolink:Device,biolink:has_input,biolink:MolecularMixture,517
biolink:Drug,biolink:interacts_with,biolink:GenomicEntity,516
biolink:ChemicalEntity,biolink:disrupts,biolink:PhysiologicalProcess,516
biolink:Drug,biolink:has_input,biolink:ChemicalEntity,516
biolink:Gene,biolink:affects,biolink:Behavior,515
biolink:InformationContentEntity,biolink:associated_with,biolink:PhenotypicFeature,515
biolink:PhenotypicFeature,biolink:occurs_in,biolink:BiologicalEntity,513
biolink:SmallMolecule,biolink:coexists_with,biolink:GenomicEntity,513
biolink:Protein,biolink:close_match,biolink:Gene,512
biolink:Protein,biolink:biomarker_for,biolink:Disease,509
biolink:MolecularMixture,biolink:affects,biolink:Gene,508
biolink:Drug,biolink:same_as,biolink:Drug,508
biolink:Behavior,biolink:related_to,biolink:Disease,507
biolink:Human,biolink:has_part,biolink:Disease,506
biolink:Disease,biolink:related_to,biolink:Behavior,506
biolink:GenomicEntity,biolink:causes,biolink:BiologicalProcess,503
biolink:ChemicalMixture,biolink:has_part,biolink:ChemicalEntity,502
biolink:NucleicAcidEntity,biolink:disrupts,biolink:BiologicalProcess,502
biolink:MolecularMixture,biolink:subclass_of,biolink:InformationContentEntity,501
biolink:PhysicalEntity,biolink:related_to,biolink:PhysicalEntity,501
biolink:NucleicAcidEntity,biolink:has_part,biolink:Gene,501
biolink:NucleicAcidEntity,biolink:affects,biolink:Cell,501
biolink:BiologicalProcess,biolink:has_participant,biolink:BiologicalProcess,500
biolink:MolecularMixture,biolink:located_in,biolink:Cohort,500
biolink:ClinicalAttribute,biolink:related_to,biolink:InformationContentEntity,500
biolink:CellLine,biolink:related_to,biolink:PhenotypicFeature,500
biolink:GenomicEntity,biolink:affects,biolink:Drug,500
biolink:Agent,biolink:has_input,biolink:Device,500
biolink:PhenotypicFeature,biolink:coexists_with,biolink:ClinicalAttribute,499
biolink:Publication,biolink:treats_or_applied_or_studied_to_treat,biolink:PopulationOfIndividualOrganisms,498
biolink:Behavior,biolink:coexists_with,biolink:Disease,496
biolink:PhenotypicFeature,biolink:subclass_of,biolink:BiologicalProcess,496
biolink:MolecularActivity,biolink:located_in,biolink:AnatomicalEntity,496
biolink:Disease,biolink:related_to,biolink:DiseaseOrPhenotypicFeature,495
biolink:ClinicalAttribute,biolink:subclass_of,biolink:Publication,495
biolink:ClinicalAttribute,biolink:coexists_with,biolink:PhenotypicFeature,494
biolink:Polypeptide,biolink:coexists_with,biolink:Drug,494
biolink:ChemicalEntity,biolink:has_part,biolink:Polypeptide,493
biolink:ClinicalAttribute,biolink:occurs_in,biolink:PopulationOfIndividualOrganisms,493
biolink:SmallMolecule,biolink:same_as,biolink:Drug,492
biolink:InformationContentEntity,biolink:subclass_of,biolink:MolecularMixture,492
biolink:ChemicalMixture,biolink:interacts_with,biolink:Protein,492
biolink:NamedThing,biolink:has_side_effect,biolink:Drug,489
biolink:Drug,biolink:has_side_effect,biolink:NamedThing,489
biolink:Gene,biolink:close_match,biolink:Gene,487
biolink:GenomicEntity,biolink:affects,biolink:Cell,487
biolink:Food,biolink:close_match,biolink:Food,487
biolink:GrossAnatomicalStructure,biolink:affects,biolink:BiologicalProcess,486
biolink:Protein,biolink:affected_by,biolink:Protein,486
biolink:PhenotypicFeature,biolink:subclass_of,biolink:Procedure,485
biolink:ChemicalMixture,biolink:interacts_with,biolink:ChemicalEntity,484
biolink:Cell,biolink:affects,biolink:Cell,483
biolink:Protein,biolink:physically_interacts_with,biolink:Gene,483
biolink:Disease,biolink:has_part,biolink:ChemicalEntity,482
biolink:Protein,biolink:related_to,biolink:PhenotypicFeature,482
biolink:Procedure,biolink:has_input,biolink:Polypeptide,481
biolink:MolecularMixture,biolink:interacts_with,biolink:Cell,481
biolink:Disease,biolink:related_to,biolink:CellularComponent,481
biolink:PhysicalEntity,biolink:preventative_for_condition,biolink:Disease,481
biolink:ComplexMolecularMixture,biolink:interacts_with,biolink:SmallMolecule,480
biolink:Food,biolink:affects,biolink:Protein,480
biolink:PopulationOfIndividualOrganisms,biolink:has_part,biolink:NucleicAcidEntity,480
biolink:Device,biolink:coexists_with,biolink:ChemicalEntity,478
biolink:PhysiologicalProcess,biolink:has_participant,biolink:ChemicalEntity,478
biolink:Activity,biolink:related_to,biolink:Behavior,477
biolink:ComplexMolecularMixture,biolink:correlated_with,biolink:Disease,477
biolink:Disease,biolink:correlated_with,biolink:ComplexMolecularMixture,477
biolink:ClinicalAttribute,biolink:located_in,biolink:AnatomicalEntity,477
biolink:DiseaseOrPhenotypicFeature,biolink:occurs_in,biolink:PopulationOfIndividualOrganisms,476
biolink:Disease,biolink:subclass_of,biolink:GenomicEntity,476
biolink:PhenotypicFeature,biolink:related_to,biolink:Drug,476
biolink:Drug,biolink:close_match,biolink:Device,475
biolink:PopulationOfIndividualOrganisms,biolink:has_part,biolink:GenomicEntity,474
biolink:InformationContentEntity,biolink:related_to,biolink:PopulationOfIndividualOrganisms,473
biolink:ChemicalEntity,biolink:same_as,biolink:SmallMolecule,473
biolink:Drug,biolink:treats_or_applied_or_studied_to_treat,biolink:Procedure,473
biolink:Drug,biolink:affects,biolink:OrganismTaxon,472
biolink:GrossAnatomicalStructure,biolink:has_part,biolink:Polypeptide,472
biolink:Procedure,biolink:related_to,biolink:PhysiologicalProcess,471
biolink:PopulationOfIndividualOrganisms,biolink:occurs_in,biolink:PopulationOfIndividualOrganisms,471
biolink:Cell,biolink:related_to,biolink:ChemicalEntity,470
biolink:SmallMolecule,biolink:drug_regulatory_status_world_wide,biolink:Disease,469
biolink:Device,biolink:affects,biolink:Protein,468
biolink:ChemicalEntity,biolink:subclass_of,biolink:ChemicalMixture,468
biolink:Disease,biolink:predisposes_to_condition,biolink:DiseaseOrPhenotypicFeature,468
biolink:PhenotypicFeature,biolink:associated_with,biolink:BiologicalProcess,467
biolink:PhysicalEntity,biolink:subclass_of,biolink:Device,466
biolink:Procedure,biolink:treats_or_applied_or_studied_to_treat,biolink:Procedure,466
biolink:InformationContentEntity,biolink:subclass_of,biolink:Protein,465
biolink:Behavior,biolink:treats_or_applied_or_studied_to_treat,biolink:Disease,465
biolink:SmallMolecule,biolink:has_part,biolink:Drug,464
biolink:Disease,biolink:contributes_to,biolink:Disease,464
biolink:PopulationOfIndividualOrganisms,biolink:related_to,biolink:InformationContentEntity,464
biolink:Gene,biolink:located_in,biolink:Human,463
biolink:NucleicAcidEntity,biolink:affects,biolink:SmallMolecule,463
biolink:Human,biolink:has_part,biolink:Gene,461
biolink:Gene,biolink:disrupts,biolink:AnatomicalEntity,461
biolink:MolecularMixture,biolink:subclass_of,biolink:Procedure,461
biolink:Activity,biolink:precedes,biolink:Procedure,461
biolink:Protein,biolink:regulates,biolink:MolecularActivity,460
biolink:Procedure,biolink:precedes,biolink:InformationContentEntity,460
biolink:BiologicalProcess,biolink:related_to,biolink:AnatomicalEntity,459
biolink:Activity,biolink:located_in,biolink:PhysicalEntity,459
biolink:CellularComponent,biolink:has_part,biolink:AnatomicalEntity,458
biolink:PhenotypicFeature,biolink:related_to,biolink:Protein,458
biolink:Agent,biolink:close_match,biolink:Agent,457
biolink:BiologicalProcess,biolink:related_to,biolink:Procedure,456
biolink:Device,biolink:treats_or_applied_or_studied_to_treat,biolink:GrossAnatomicalStructure,456
biolink:Drug,biolink:same_as,biolink:MolecularMixture,456
biolink:GenomicEntity,biolink:affects,biolink:GrossAnatomicalStructure,456
biolink:PhysiologicalProcess,biolink:occurs_in,biolink:ChemicalEntity,455
biolink:Protein,biolink:physically_interacts_with,biolink:ChemicalEntity,455
biolink:BiologicalProcess,biolink:precedes,biolink:MolecularActivity,455
biolink:SmallMolecule,biolink:subclass_of,biolink:Device,455
biolink:SmallMolecule,biolink:interacts_with,biolink:GenomicEntity,454
biolink:Procedure,biolink:subclass_of,biolink:Device,453
biolink:InformationContentEntity,biolink:coexists_with,biolink:BiologicalProcess,453
biolink:Protein,biolink:acts_upstream_of,biolink:BiologicalProcess,452
biolink:Activity,biolink:affects,biolink:DiseaseOrPhenotypicFeature,451
biolink:Procedure,biolink:located_in,biolink:InformationContentEntity,449
biolink:ChemicalEntity,biolink:affects,biolink:BiologicalEntity,449
biolink:ChemicalMixture,biolink:interacts_with,biolink:SmallMolecule,449
biolink:Publication,biolink:affects,biolink:Disease,448
biolink:Protein,biolink:subclass_of,biolink:CellularComponent,447
biolink:MolecularActivity,biolink:causes,biolink:Disease,447
biolink:Polypeptide,biolink:affects,biolink:Gene,447
biolink:GenomicEntity,biolink:affects,biolink:SmallMolecule,447
biolink:CellularComponent,biolink:has_part,biolink:Polypeptide,447
biolink:PhenotypicFeature,biolink:has_side_effect,biolink:MolecularMixture,446
biolink:PhenotypicFeature,biolink:has_part,biolink:Disease,446
biolink:Procedure,biolink:exacerbates_condition,biolink:PhenotypicFeature,446
biolink:Phenomenon,biolink:close_match,biolink:PhenotypicFeature,446
biolink:BiologicalProcess,biolink:coexists_with,biolink:Activity,446
biolink:Disease,biolink:coexists_with,biolink:Procedure,446
biolink:MolecularMixture,biolink:has_side_effect,biolink:PhenotypicFeature,446
biolink:SmallMolecule,biolink:coexists_with,biolink:ComplexMolecularMixture,444
biolink:PhenotypicFeature,biolink:interacts_with,biolink:ClinicalAttribute,444
biolink:ChemicalEntity,biolink:coexists_with,biolink:Food,442
biolink:BiologicalProcess,biolink:has_input,biolink:CellularComponent,442
biolink:GeneFamily,biolink:overlaps,biolink:GeneFamily,442
biolink:Procedure,biolink:related_to,biolink:NucleicAcidEntity,441
biolink:Device,biolink:has_input,biolink:InformationContentEntity,441
biolink:Activity,biolink:treats_or_applied_or_studied_to_treat,biolink:GrossAnatomicalStructure,441
biolink:NamedThing,biolink:correlated_with,biolink:Disease,440
biolink:GenomicEntity,biolink:affects,biolink:ChemicalEntity,440
biolink:Food,biolink:subclass_of,biolink:ChemicalEntity,440
biolink:Behavior,biolink:related_to,biolink:Activity,439
biolink:ChemicalEntity,biolink:located_in,biolink:ChemicalEntity,439
biolink:SmallMolecule,biolink:affects,biolink:OrganismTaxon,438
biolink:ComplexMolecularMixture,biolink:affects,biolink:Disease,437
biolink:OrganismTaxon,biolink:produces,biolink:Gene,437
biolink:AnatomicalEntity,biolink:subclass_of,biolink:CellularComponent,436
biolink:BiologicalProcess,biolink:predisposes_to_condition,biolink:Disease,436
biolink:BiologicalProcess,biolink:disrupts,biolink:MolecularActivity,436
biolink:Protein,biolink:correlated_with,biolink:Gene,434
biolink:Food,biolink:related_to,biolink:Food,434
biolink:Polypeptide,biolink:affects,biolink:CellularComponent,433
biolink:BiologicalProcess,biolink:related_to,biolink:InformationContentEntity,433
biolink:InformationContentEntity,biolink:treats_or_applied_or_studied_to_treat,biolink:Cohort,433
biolink:CellularComponent,biolink:has_part,biolink:MolecularMixture,433
biolink:NamedThing,biolink:related_to,biolink:Procedure,432
biolink:Polypeptide,biolink:affects,biolink:Drug,431
biolink:MolecularMixture,biolink:directly_physically_interacts_with,biolink:ChemicalEntity,431
biolink:ChemicalEntity,biolink:directly_physically_interacts_with,biolink:MolecularMixture,431
biolink:ComplexMolecularMixture,biolink:treats_or_applied_or_studied_to_treat,biolink:PhenotypicFeature,430
biolink:GrossAnatomicalStructure,biolink:close_match,biolink:NamedThing,430
biolink:Activity,biolink:treats_or_applied_or_studied_to_treat,biolink:OrganismTaxon,430
biolink:GrossAnatomicalStructure,biolink:located_in,biolink:InformationContentEntity,430
biolink:Drug,biolink:physically_interacts_with,biolink:MolecularEntity,430
biolink:Disease,biolink:disrupts,biolink:AnatomicalEntity,429
biolink:Pathway,biolink:has_participant,biolink:MolecularMixture,428
biolink:BiologicalEntity,biolink:produces,biolink:Protein,428
biolink:InformationContentEntity,biolink:affects,biolink:Phenomenon,428
biolink:BiologicalProcess,biolink:has_participant,biolink:Cell,426
biolink:ChemicalEntity,biolink:treats_or_applied_or_studied_to_treat,biolink:InformationContentEntity,425
biolink:BiologicalEntity,biolink:same_as,biolink:Drug,425
biolink:Behavior,biolink:subclass_of,biolink:PhenotypicFeature,425
biolink:MolecularActivity,biolink:related_to,biolink:Drug,424
biolink:MolecularMixture,biolink:preventative_for_condition,biolink:PhenotypicFeature,424
biolink:NamedThing,biolink:close_match,biolink:PhenotypicFeature,424
biolink:BiologicalProcess,biolink:affects,biolink:BiologicalEntity,424
biolink:PhenotypicFeature,biolink:produces,biolink:SmallMolecule,423
biolink:Protein,biolink:causes,biolink:DiseaseOrPhenotypicFeature,423
biolink:ChemicalEntity,biolink:affects,biolink:Procedure,423
biolink:Procedure,biolink:related_to,biolink:PhysicalEntity,422
biolink:NucleicAcidEntity,biolink:affects,biolink:Gene,422
biolink:AnatomicalEntity,biolink:has_part,biolink:GenomicEntity,421
biolink:Polypeptide,biolink:coexists_with,biolink:SmallMolecule,420
biolink:Polypeptide,biolink:related_to,biolink:ChemicalEntity,419
biolink:SmallMolecule,biolink:affects,biolink:Procedure,419
biolink:Protein,biolink:lacks_part,biolink:Polypeptide,419
biolink:Protein,biolink:subclass_of,biolink:MolecularMixture,419
biolink:GrossAnatomicalStructure,biolink:capable_of,biolink:BiologicalProcess,419
biolink:Cell,biolink:has_part,biolink:MolecularMixture,419
biolink:Activity,biolink:related_to,biolink:Device,418
biolink:Disease,biolink:has_participant,biolink:BiologicalProcess,417
biolink:ChemicalMixture,biolink:related_to,biolink:Drug,417
biolink:Phenomenon,biolink:regulates,biolink:BiologicalProcess,417
biolink:SmallMolecule,biolink:superclass_of,biolink:SmallMolecule,417
biolink:PhenotypicFeature,biolink:associated_with,biolink:Gene,413
biolink:CellularComponent,biolink:has_part,biolink:GenomicEntity,413
biolink:ChemicalEntity,biolink:related_to,biolink:GenomicEntity,412
biolink:Polypeptide,biolink:associated_with,biolink:PhenotypicFeature,412
biolink:OrganismTaxon,biolink:affects,biolink:BiologicalProcess,412
biolink:GenomicEntity,biolink:has_part,biolink:Protein,410
biolink:SmallMolecule,biolink:coexists_with,biolink:Polypeptide,409
biolink:InformationContentEntity,biolink:has_member,biolink:Procedure,408
biolink:BiologicalProcess,biolink:positively_correlated_with,biolink:Disease,408
biolink:SmallMolecule,biolink:affects,biolink:DiseaseOrPhenotypicFeature,407
biolink:Drug,biolink:located_in,biolink:Human,407
biolink:Drug,biolink:has_input,biolink:SmallMolecule,407
biolink:MolecularMixture,biolink:affects,biolink:MolecularMixture,406
biolink:Protein,biolink:disrupts,biolink:Activity,405
biolink:InformationContentEntity,biolink:related_to,biolink:SmallMolecule,405
biolink:PhysiologicalProcess,biolink:associated_with,biolink:PhysiologicalProcess,405
biolink:Phenomenon,biolink:affects,biolink:MolecularActivity,404
biolink:Gene,biolink:disrupts,biolink:Phenomenon,404
biolink:Procedure,biolink:occurs_in,biolink:Cohort,404
biolink:ChemicalEntity,biolink:causes,biolink:Phenomenon,404
biolink:AnatomicalEntity,biolink:affects,biolink:PhenotypicFeature,403
biolink:Phenomenon,biolink:related_to,biolink:InformationContentEntity,403
biolink:Human,biolink:has_part,biolink:CellularComponent,402
biolink:Drug,biolink:interacts_with,biolink:NucleicAcidEntity,401
biolink:AnatomicalEntity,biolink:has_part,biolink:MolecularMixture,401
biolink:Agent,biolink:related_to,biolink:Agent,400
biolink:Procedure,biolink:drug_regulatory_status_world_wide,biolink:Disease,400
biolink:Disease,biolink:disrupts,biolink:MolecularActivity,400
biolink:SmallMolecule,biolink:precedes,biolink:Procedure,400
biolink:NucleicAcidEntity,biolink:affects,biolink:CellularComponent,399
biolink:CellularComponent,biolink:related_to,biolink:BiologicalProcess,399
biolink:NucleicAcidEntity,biolink:coexists_with,biolink:NucleicAcidEntity,398
biolink:Procedure,biolink:affects,biolink:ClinicalAttribute,398
biolink:Gene,biolink:gene_associated_with_condition,biolink:ClinicalAttribute,397
biolink:GenomicEntity,biolink:related_to,biolink:ChemicalEntity,397
biolink:NucleicAcidEntity,biolink:affects,biolink:Phenomenon,397
biolink:Activity,biolink:has_input,biolink:Publication,397
biolink:InformationContentEntity,biolink:located_in,biolink:CellularComponent,396
biolink:Food,biolink:located_in,biolink:OrganismTaxon,395
biolink:MolecularMixture,biolink:has_part,biolink:MolecularMixture,394
biolink:PhysicalEntity,biolink:related_to,biolink:Procedure,394
biolink:Cell,biolink:produces,biolink:Polypeptide,394
biolink:NamedThing,biolink:close_match,biolink:ClinicalAttribute,394
biolink:Gene,biolink:has_part,biolink:Drug,394
biolink:NamedThing,biolink:related_to,biolink:NamedThing,393
biolink:Disease,biolink:has_participant,biolink:Protein,393
biolink:InformationContentEntity,biolink:related_to,biolink:ClinicalAttribute,393
biolink:SmallMolecule,biolink:located_in,biolink:Agent,392
biolink:GeographicLocation,biolink:close_match,biolink:GeographicLocation,392
biolink:SmallMolecule,biolink:causes,biolink:Phenomenon,391
biolink:Protein,biolink:close_match,biolink:SmallMolecule,391
biolink:BiologicalProcess,biolink:has_participant,biolink:GrossAnatomicalStructure,390
biolink:NamedThing,biolink:close_match,biolink:Gene,389
biolink:Device,biolink:coexists_with,biolink:SmallMolecule,388
biolink:BiologicalProcess,biolink:located_in,biolink:Drug,388
biolink:BiologicalProcess,biolink:subclass_of,biolink:PhysiologicalProcess,388
biolink:Phenomenon,biolink:affects,biolink:InformationContentEntity,387
biolink:Publication,biolink:located_in,biolink:Cell,387
biolink:Gene,biolink:close_match,biolink:PhenotypicFeature,387
biolink:Publication,biolink:has_input,biolink:Device,386
biolink:PhenotypicFeature,biolink:occurs_in,biolink:Disease,386
biolink:AnatomicalEntity,biolink:has_part,biolink:Publication,386
biolink:DiseaseOrPhenotypicFeature,biolink:located_in,biolink:AnatomicalEntity,385
biolink:MolecularActivity,biolink:occurs_in,biolink:PhenotypicFeature,385
biolink:GrossAnatomicalStructure,biolink:overlaps,biolink:CellularComponent,384
biolink:InformationContentEntity,biolink:related_to,biolink:Phenomenon,383
biolink:OrganismTaxon,biolink:has_part,biolink:InformationContentEntity,383
biolink:Drug,biolink:ameliorates_condition,biolink:Disease,383
biolink:Drug,biolink:subclass_of,biolink:AnatomicalEntity,383
biolink:Procedure,biolink:subclass_of,biolink:PhenotypicFeature,383
biolink:InformationContentEntity,biolink:has_member,biolink:InformationContentEntity,382
biolink:Drug,biolink:causes,biolink:BiologicalEntity,382
biolink:BiologicalProcess,biolink:has_participant,biolink:Pathway,382
biolink:Drug,biolink:subclass_of,biolink:PhysiologicalProcess,381
biolink:InformationContentEntity,biolink:affects,biolink:PopulationOfIndividualOrganisms,381
biolink:Food,biolink:interacts_with,biolink:Protein,380
biolink:Protein,biolink:causes,biolink:PhysiologicalProcess,380
biolink:Procedure,biolink:produces,biolink:Protein,380
biolink:Device,biolink:treats_or_applied_or_studied_to_treat,biolink:Human,379
biolink:Protein,biolink:interacts_with,biolink:PhenotypicFeature,379
biolink:Device,biolink:close_match,biolink:ChemicalEntity,378
biolink:ClinicalAttribute,biolink:related_to,biolink:Protein,378
biolink:NucleicAcidEntity,biolink:disrupts,biolink:Disease,378
biolink:Drug,biolink:subclass_of,biolink:OrganismTaxon,377
biolink:Drug,biolink:causes,biolink:Phenomenon,377
biolink:CellularComponent,biolink:coexists_with,biolink:CellularComponent,376
biolink:ChemicalEntity,biolink:related_to,biolink:PhysicalEntity,376
biolink:Behavior,biolink:affects,biolink:OrganismTaxon,376
biolink:GrossAnatomicalStructure,biolink:develops_from,biolink:OrganismTaxon,376
biolink:Activity,biolink:occurs_in,biolink:PopulationOfIndividualOrganisms,376
biolink:Device,biolink:treats_or_applied_or_studied_to_treat,biolink:InformationContentEntity,374
biolink:Cell,biolink:produces,biolink:MolecularMixture,373
biolink:Protein,biolink:related_to,biolink:ComplexMolecularMixture,373
biolink:NucleicAcidEntity,biolink:causes,biolink:BiologicalProcess,372
biolink:Cell,biolink:physically_interacts_with,biolink:Protein,372
biolink:Food,biolink:has_part,biolink:Food,371
biolink:PhenotypicFeature,biolink:affects,biolink:Protein,371
biolink:BiologicalProcess,biolink:has_part,biolink:Pathway,371
biolink:GenomicEntity,biolink:related_to,biolink:GenomicEntity,371
biolink:SmallMolecule,biolink:interacts_with,biolink:NucleicAcidEntity,370
biolink:Drug,biolink:directly_physically_interacts_with,biolink:Gene,370
biolink:Publication,biolink:subclass_of,biolink:Activity,370
biolink:Protein,biolink:related_to,biolink:ClinicalAttribute,369
biolink:Device,biolink:coexists_with,biolink:Protein,369
biolink:BiologicalProcess,biolink:diagnoses,biolink:Disease,369
biolink:AnatomicalEntity,biolink:produces,biolink:Gene,368
biolink:Cohort,biolink:has_input,biolink:Drug,368
biolink:Gene,biolink:derives_from,biolink:Protein,368
biolink:Disease,biolink:associated_with,biolink:GenomicEntity,368
biolink:Polypeptide,biolink:affects,biolink:AnatomicalEntity,368
biolink:ComplexMolecularMixture,biolink:coexists_with,biolink:Protein,367
biolink:NucleicAcidEntity,biolink:derives_from,biolink:Protein,367
biolink:BiologicalProcess,biolink:affects,biolink:Activity,367
biolink:Phenomenon,biolink:has_input,biolink:Drug,366
biolink:PhenotypicFeature,biolink:located_in,biolink:Publication,366
biolink:SmallMolecule,biolink:coexists_with,biolink:Food,366
biolink:Phenomenon,biolink:subclass_of,biolink:Disease,366
biolink:InformationContentEntity,biolink:preventative_for_condition,biolink:Disease,365
biolink:PhenotypicFeature,biolink:interacts_with,biolink:PhenotypicFeature,365
biolink:Protein,biolink:contributes_to,biolink:PhenotypicFeature,364
biolink:ChemicalEntity,biolink:causes,biolink:BiologicalEntity,364
biolink:BiologicalEntity,biolink:in_taxon,biolink:OrganismTaxon,364
biolink:Activity,biolink:affects,biolink:InformationContentEntity,364
biolink:Cell,biolink:has_part,biolink:GrossAnatomicalStructure,363
biolink:Pathway,biolink:has_part,biolink:MolecularActivity,362
biolink:InformationContentEntity,biolink:causes,biolink:PhenotypicFeature,360
biolink:ChemicalEntity,biolink:located_in,biolink:Agent,360
biolink:SmallMolecule,biolink:subclass_of,biolink:Phenomenon,360
biolink:PhenotypicFeature,biolink:coexists_with,biolink:OrganismTaxon,360
biolink:NamedThing,biolink:located_in,biolink:AnatomicalEntity,359
biolink:Cell,biolink:interacts_with,biolink:GenomicEntity,359
biolink:PhenotypicFeature,biolink:affects,biolink:PhysiologicalProcess,359
biolink:Procedure,biolink:treats_or_applied_or_studied_to_treat,biolink:BiologicalProcess,359
biolink:Drug,biolink:coexists_with,biolink:Polypeptide,358
biolink:AnatomicalEntity,biolink:related_to,biolink:Cell,358
biolink:Drug,biolink:exacerbates_condition,biolink:PhenotypicFeature,358
biolink:Drug,biolink:subclass_of,biolink:Food,358
biolink:InformationContentEntity,biolink:precedes,biolink:Procedure,357
biolink:BiologicalProcess,biolink:related_to,biolink:Protein,357
biolink:MolecularMixture,biolink:disrupts,biolink:GrossAnatomicalStructure,356
biolink:Cohort,biolink:subclass_of,biolink:InformationContentEntity,355
biolink:ChemicalEntity,biolink:preventative_for_condition,biolink:OrganismTaxon,355
biolink:PhenotypicFeature,biolink:affects,biolink:InformationContentEntity,355
biolink:CellularComponent,biolink:produces,biolink:Gene,354
biolink:ChemicalEntity,biolink:affects,biolink:DiseaseOrPhenotypicFeature,354
biolink:MolecularMixture,biolink:has_part,biolink:ChemicalEntity,354
biolink:Drug,biolink:coexists_with,biolink:Food,354
biolink:Procedure,biolink:treats_or_applied_or_studied_to_treat,biolink:Phenomenon,353
biolink:Behavior,biolink:affects,biolink:Disease,353
biolink:PhenotypicFeature,biolink:disrupts,biolink:Cell,353
biolink:PhenotypicFeature,biolink:treats_or_applied_or_studied_to_treat,biolink:PhenotypicFeature,352
biolink:PhenotypicFeature,biolink:treats_or_applied_or_studied_to_treat,biolink:Cohort,352
biolink:ComplexMolecularMixture,biolink:coexists_with,biolink:ChemicalEntity,351
biolink:CellularComponent,biolink:affects,biolink:MolecularActivity,351
biolink:Drug,biolink:related_to,biolink:Food,351
biolink:NamedThing,biolink:located_in,biolink:GrossAnatomicalStructure,350
biolink:Protein,biolink:causes,biolink:Procedure,350
biolink:PhenotypicFeature,biolink:precedes,biolink:BiologicalProcess,350
biolink:PhenotypicFeature,biolink:related_to,biolink:SmallMolecule,350
biolink:NamedThing,biolink:occurs_in,biolink:OrganismTaxon,349
biolink:Cell,biolink:has_part,biolink:GenomicEntity,349
biolink:Polypeptide,biolink:coexists_with,biolink:Gene,348
biolink:Agent,biolink:has_part,biolink:AnatomicalEntity,348
biolink:Device,biolink:associated_with,biolink:Disease,348
biolink:Disease,biolink:subclass_of,biolink:BiologicalProcess,347
biolink:AnatomicalEntity,biolink:subclass_of,biolink:Cell,347
biolink:PhysiologicalProcess,biolink:located_in,biolink:Drug,347
biolink:Protein,biolink:has_input,biolink:ChemicalEntity,347
biolink:GenomicEntity,biolink:has_part,biolink:ChemicalEntity,347
biolink:Gene,biolink:has_part,biolink:NucleicAcidEntity,345
biolink:Disease,biolink:located_in,biolink:Gene,345
biolink:Gene,biolink:interacts_with,biolink:MolecularMixture,345
biolink:Drug,biolink:interacts_with,biolink:ChemicalMixture,345
biolink:AnatomicalEntity,biolink:subclass_of,biolink:NamedThing,344
biolink:AnatomicalEntity,biolink:has_part,biolink:Polypeptide,343
biolink:PhysiologicalProcess,biolink:affects,biolink:Cohort,343
biolink:PhenotypicFeature,biolink:has_part,biolink:PhenotypicFeature,341
biolink:BiologicalProcess,biolink:precedes,biolink:PhysiologicalProcess,341
biolink:Activity,biolink:affects,biolink:Protein,340
biolink:Cell,biolink:produces,biolink:GenomicEntity,340
biolink:Protein,biolink:precedes,biolink:Procedure,340
biolink:Publication,biolink:treats_or_applied_or_studied_to_treat,biolink:PhenotypicFeature,340
biolink:MolecularMixture,biolink:related_to,biolink:Disease,340
biolink:PhenotypicFeature,biolink:subclass_of,biolink:Behavior,339
biolink:MolecularMixture,biolink:affects,biolink:InformationContentEntity,339
biolink:Disease,biolink:subclass_of,biolink:ClinicalAttribute,339
biolink:AnatomicalEntity,biolink:has_part,biolink:PhenotypicFeature,339
biolink:Behavior,biolink:occurs_in,biolink:InformationContentEntity,338
biolink:Procedure,biolink:has_input,biolink:Publication,338
biolink:AnatomicalEntity,biolink:produces,biolink:AnatomicalEntity,338
biolink:Phenomenon,biolink:has_input,biolink:SmallMolecule,337
biolink:Drug,biolink:treats,biolink:NamedThing,337
biolink:NamedThing,biolink:treats,biolink:Drug,337
biolink:Gene,biolink:coexists_with,biolink:CellularComponent,336
biolink:ChemicalEntity,biolink:positively_correlated_with,biolink:Disease,335
biolink:Drug,biolink:related_to,biolink:ComplexMolecularMixture,335
biolink:SmallMolecule,biolink:interacts_with,biolink:OrganismTaxon,335
biolink:SmallMolecule,biolink:causes,biolink:BiologicalEntity,335
biolink:Drug,biolink:has_member,biolink:ChemicalEntity,334
biolink:NucleicAcidEntity,biolink:affects,biolink:AnatomicalEntity,334
biolink:ChemicalMixture,biolink:interacts_with,biolink:Drug,334
biolink:OrganismTaxon,biolink:located_in,biolink:PhenotypicFeature,334
biolink:Procedure,biolink:exacerbates_condition,biolink:BiologicalProcess,333
biolink:GrossAnatomicalStructure,biolink:has_part,biolink:InformationContentEntity,333
biolink:Polypeptide,biolink:disrupts,biolink:Cell,333
biolink:Disease,biolink:causes,biolink:InformationContentEntity,333
biolink:ClinicalAttribute,biolink:diagnoses,biolink:Disease,332
biolink:Gene,biolink:coexists_with,biolink:Polypeptide,332
biolink:OrganismTaxon,biolink:coexists_with,biolink:PhenotypicFeature,332
biolink:ChemicalEntity,biolink:related_to,biolink:BiologicalEntity,332
biolink:MolecularMixture,biolink:located_in,biolink:PopulationOfIndividualOrganisms,331
biolink:PhenotypicFeature,biolink:related_to,biolink:Publication,331
biolink:Activity,biolink:occurs_in,biolink:OrganismTaxon,331
biolink:SmallMolecule,biolink:superclass_of,biolink:ComplexMolecularMixture,330
biolink:ChemicalMixture,biolink:treats_or_applied_or_studied_to_treat,biolink:Disease,330
biolink:ComplexMolecularMixture,biolink:superclass_of,biolink:SmallMolecule,330
biolink:Phenomenon,biolink:affects,biolink:Cohort,329
biolink:GenomicEntity,biolink:disrupts,biolink:PhenotypicFeature,329
biolink:Procedure,biolink:treats_or_applied_or_studied_to_treat,biolink:Behavior,329
biolink:ClinicalAttribute,biolink:affects,biolink:Disease,329
biolink:Drug,biolink:located_in,biolink:ChemicalEntity,328
biolink:SmallMolecule,biolink:gene_product_of,biolink:Protein,328
biolink:Protein,biolink:affects_response_to,biolink:MolecularMixture,328
biolink:InformationContentEntity,biolink:affects,biolink:Agent,328
biolink:BiologicalProcess,biolink:occurs_in,biolink:Drug,327
biolink:Gene,biolink:disrupts,biolink:CellularComponent,327
biolink:Drug,biolink:coexists_with,biolink:ComplexMolecularMixture,326
biolink:Disease,biolink:diagnoses,biolink:Disease,326
biolink:GenomicEntity,biolink:coexists_with,biolink:SmallMolecule,326
biolink:Procedure,biolink:precedes,biolink:ChemicalEntity,325
biolink:Procedure,biolink:related_to,biolink:Behavior,325
biolink:InformationContentEntity,biolink:has_input,biolink:ChemicalEntity,325
biolink:PhysiologicalProcess,biolink:occurs_in,biolink:Drug,325
biolink:Activity,biolink:located_in,biolink:Activity,325
biolink:OrganismTaxon,biolink:occurs_in,biolink:Human,324
biolink:PopulationOfIndividualOrganisms,biolink:has_input,biolink:PhysicalEntity,324
biolink:Disease,biolink:occurs_in,biolink:Gene,324
biolink:BiologicalProcess,biolink:occurs_in,biolink:BiologicalProcess,323
biolink:Disease,biolink:disease_has_location,biolink:AnatomicalEntity,323
biolink:Publication,biolink:related_to,biolink:Procedure,322
biolink:Drug,biolink:affects,biolink:GeneFamily,321
biolink:PhysiologicalProcess,biolink:affects,biolink:PhysiologicalProcess,321
biolink:Cell,biolink:interacts_with,biolink:MolecularMixture,320
biolink:InformationContentEntity,biolink:produces,biolink:Protein,320
biolink:Procedure,biolink:precedes,biolink:Protein,319
biolink:GenomicEntity,biolink:preventative_for_condition,biolink:Disease,319
biolink:GrossAnatomicalStructure,biolink:affects,biolink:PhenotypicFeature,318
biolink:Cohort,biolink:interacts_with,biolink:OrganismTaxon,318
biolink:AnatomicalEntity,biolink:has_part,biolink:InformationContentEntity,317
biolink:Procedure,biolink:affects,biolink:BiologicalEntity,317
biolink:PhysicalEntity,biolink:subclass_of,biolink:InformationContentEntity,317
biolink:GrossAnatomicalStructure,biolink:composed_primarily_of,biolink:Cell,316
biolink:BiologicalProcess,biolink:affects,biolink:Agent,316
biolink:MolecularActivity,biolink:has_participant,biolink:Gene,316
biolink:PhenotypicFeature,biolink:affects,biolink:SmallMolecule,315
biolink:Polypeptide,biolink:affects,biolink:PhysiologicalProcess,315
biolink:InformationContentEntity,biolink:affects,biolink:Protein,315
biolink:Behavior,biolink:related_to,biolink:Procedure,314
biolink:Disease,biolink:related_to,biolink:NamedThing,314
biolink:Gene,biolink:gene_associated_with_condition,biolink:Behavior,313
biolink:OrganismTaxon,biolink:interacts_with,biolink:SmallMolecule,312
biolink:Protein,biolink:close_match,biolink:Procedure,312
biolink:Device,biolink:located_in,biolink:Cell,312
biolink:BiologicalEntity,biolink:related_to,biolink:Drug,312
biolink:CellularComponent,biolink:coexists_with,biolink:Protein,312
biolink:Disease,biolink:affects,biolink:Procedure,311
biolink:PhenotypicFeature,biolink:affects,biolink:MolecularActivity,311
biolink:Activity,biolink:has_input,biolink:MolecularMixture,310
biolink:ComplexMolecularMixture,biolink:causes,biolink:PhenotypicFeature,309
biolink:PhysicalEntity,biolink:treats_or_applied_or_studied_to_treat,biolink:PopulationOfIndividualOrganisms,309
biolink:BiologicalProcess,biolink:located_in,biolink:SmallMolecule,308
biolink:Disease,biolink:coexists_with,biolink:Behavior,308
biolink:Polypeptide,biolink:treats_or_applied_or_studied_to_treat,biolink:OrganismTaxon,307
biolink:BiologicalProcess,biolink:occurs_in,biolink:ChemicalEntity,307
biolink:Pathway,biolink:has_participant,biolink:BiologicalProcess,307
biolink:MolecularActivity,biolink:occurs_in,biolink:Agent,306
biolink:Activity,biolink:related_to,biolink:Agent,306
biolink:PhysiologicalProcess,biolink:occurs_in,biolink:Disease,305
biolink:SmallMolecule,biolink:superclass_of,biolink:ChemicalExposure,305
biolink:ChemicalExposure,biolink:superclass_of,biolink:SmallMolecule,305
biolink:Agent,biolink:related_to,biolink:Activity,305
biolink:InformationContentEntity,biolink:related_to,biolink:AnatomicalEntity,305
biolink:Protein,biolink:related_to,biolink:PhysicalEntity,304
biolink:PhenotypicFeature,biolink:has_input,biolink:Device,304
biolink:MolecularMixture,biolink:interacts_with,biolink:Device,303
biolink:Food,biolink:interacts_with,biolink:ChemicalEntity,303
biolink:BiologicalProcess,biolink:negatively_correlated_with,biolink:Disease,302
biolink:ChemicalEntity,biolink:in_taxon,biolink:Human,302
biolink:MolecularMixture,biolink:interacts_with,biolink:Gene,302
biolink:Drug,biolink:located_in,biolink:InformationContentEntity,301
biolink:GrossAnatomicalStructure,biolink:related_to,biolink:Drug,301
biolink:Publication,biolink:located_in,biolink:CellularComponent,301
biolink:PhenotypicFeature,biolink:located_in,biolink:Agent,301
biolink:NamedThing,biolink:close_match,biolink:Disease,300
biolink:Disease,biolink:predisposes_to_condition,biolink:InformationContentEntity,300
biolink:ChemicalEntity,biolink:contraindicated_in,biolink:Disease,299
biolink:Procedure,biolink:related_to,biolink:ComplexMolecularMixture,299
biolink:Agent,biolink:has_part,biolink:GrossAnatomicalStructure,299
biolink:PhenotypicFeature,biolink:coexists_with,biolink:Procedure,299
biolink:PhenotypicFeature,biolink:associated_with,biolink:PhysiologicalProcess,299
biolink:MolecularEntity,biolink:subclass_of,biolink:MolecularEntity,298
biolink:Procedure,biolink:precedes,biolink:BiologicalProcess,298
biolink:NucleicAcidEntity,biolink:treats_or_applied_or_studied_to_treat,biolink:OrganismTaxon,298
biolink:MolecularActivity,biolink:precedes,biolink:BiologicalProcess,297
biolink:ChemicalEntity,biolink:has_member,biolink:ChemicalEntity,297
biolink:PhenotypicFeature,biolink:related_to,biolink:ChemicalEntity,297
biolink:Gene,biolink:produces,biolink:AnatomicalEntity,297
biolink:Protein,biolink:coexists_with,biolink:PhenotypicFeature,297
biolink:Phenomenon,biolink:related_to,biolink:Disease,297
biolink:Disease,biolink:has_participant,biolink:GenomicEntity,297
biolink:MolecularMixture,biolink:subclass_of,biolink:Protein,297
biolink:GeneFamily,biolink:overlaps,biolink:MolecularEntity,296
biolink:Disease,biolink:has_part,biolink:GenomicEntity,296
biolink:Drug,biolink:disrupts,biolink:Activity,296
biolink:MolecularEntity,biolink:overlaps,biolink:GeneFamily,296
biolink:ChemicalEntity,biolink:derives_from,biolink:MolecularMixture,296
biolink:OrganismTaxon,biolink:interacts_with,biolink:ChemicalEntity,294
biolink:NamedThing,biolink:close_match,biolink:ChemicalEntity,293
biolink:Activity,biolink:predisposes_to_condition,biolink:PhenotypicFeature,293
biolink:Procedure,biolink:occurs_in,biolink:OrganismTaxon,293
biolink:PhysicalEntity,biolink:has_input,biolink:ChemicalEntity,293
biolink:Procedure,biolink:related_to,biolink:Cell,292
biolink:Gene,biolink:in_taxon,biolink:Human,292
biolink:Protein,biolink:affects,biolink:Pathway,292
biolink:Drug,biolink:causes,biolink:DiseaseOrPhenotypicFeature,291
biolink:Protein,biolink:predisposes_to_condition,biolink:InformationContentEntity,291
biolink:ChemicalEntity,biolink:subclass_of,biolink:BiologicalEntity,291
biolink:GenomicEntity,biolink:related_to,biolink:Procedure,291
biolink:BiologicalProcess,biolink:subclass_of,biolink:Behavior,290
biolink:CellLine,biolink:related_to,biolink:Disease,290
biolink:BiologicalProcess,biolink:subclass_of,biolink:Publication,290
biolink:Activity,biolink:related_to,biolink:MolecularMixture,288
biolink:Gene,biolink:located_in,biolink:PhenotypicFeature,288
biolink:Disease,biolink:affects,biolink:NamedThing,288
biolink:Activity,biolink:coexists_with,biolink:Disease,288
biolink:Gene,biolink:related_to,biolink:Polypeptide,288
biolink:Device,biolink:has_part,biolink:ChemicalEntity,287
biolink:Gene,biolink:affects,biolink:Polypeptide,287
biolink:PhysicalEntity,biolink:has_input,biolink:SmallMolecule,286
biolink:Drug,biolink:related_to,biolink:Activity,286
biolink:Drug,biolink:related_to,biolink:ChemicalMixture,286
biolink:OrganismTaxon,biolink:interacts_with,biolink:Cohort,286
biolink:AnatomicalEntity,biolink:related_to,biolink:ChemicalEntity,285
biolink:Disease,biolink:temporally_related_to,biolink:PhenotypicFeature,285
biolink:ComplexMolecularMixture,biolink:affects,biolink:ChemicalEntity,284
biolink:InformationContentEntity,biolink:diagnoses,biolink:PhenotypicFeature,284
biolink:CellularComponent,biolink:capable_of,biolink:BiologicalProcess,283
biolink:ChemicalEntity,biolink:close_match,biolink:MolecularMixture,283
biolink:Cell,biolink:related_to,biolink:Procedure,282
biolink:Protein,biolink:associated_with,biolink:BiologicalProcess,282
biolink:Procedure,biolink:coexists_with,biolink:PhenotypicFeature,282
biolink:GrossAnatomicalStructure,biolink:has_part,biolink:Publication,282
biolink:AnatomicalEntity,biolink:coexists_with,biolink:Disease,282
biolink:CellularComponent,biolink:subclass_of,biolink:Publication,281
biolink:Gene,biolink:coexists_with,biolink:MolecularMixture,280
biolink:BiologicalProcess,biolink:produces,biolink:Cohort,280
biolink:Activity,biolink:treats_or_applied_or_studied_to_treat,biolink:DiseaseOrPhenotypicFeature,280
biolink:BiologicalProcess,biolink:precedes,biolink:Pathway,279
biolink:GeneFamily,biolink:overlaps,biolink:Protein,278
biolink:Protein,biolink:overlaps,biolink:GeneFamily,278
biolink:NamedThing,biolink:affects,biolink:Disease,277
biolink:Drug,biolink:subclass_of,biolink:ComplexMolecularMixture,277
biolink:Publication,biolink:subclass_of,biolink:PhenotypicFeature,277
biolink:Activity,biolink:subclass_of,biolink:Behavior,276
biolink:CellularComponent,biolink:produces,biolink:AnatomicalEntity,276
biolink:ClinicalAttribute,biolink:occurs_in,biolink:OrganismTaxon,276
biolink:Food,biolink:related_to,biolink:Drug,275
biolink:Device,biolink:interacts_with,biolink:MolecularMixture,275
biolink:Gene,biolink:genetically_interacts_with,biolink:Gene,275
biolink:ComplexMolecularMixture,biolink:affects,biolink:Phenomenon,275
biolink:Drug,biolink:related_to,biolink:PhysicalEntity,274
biolink:GeneFamily,biolink:target_for,biolink:Disease,274
biolink:Polypeptide,biolink:disrupts,biolink:PhenotypicFeature,274
biolink:InformationContentEntity,biolink:affects,biolink:OrganismTaxon,274
biolink:Polypeptide,biolink:interacts_with,biolink:Polypeptide,274
biolink:GenomicEntity,biolink:coexists_with,biolink:Gene,274
biolink:ChemicalEntity,biolink:causes,biolink:DiseaseOrPhenotypicFeature,273
biolink:InformationContentEntity,biolink:related_to,biolink:Device,273
biolink:Phenomenon,biolink:related_to,biolink:BiologicalProcess,273
biolink:Phenomenon,biolink:related_to,biolink:Procedure,273
biolink:ChemicalEntity,biolink:related_to,biolink:PhenotypicFeature,273
biolink:Drug,biolink:causes,biolink:ClinicalAttribute,273
biolink:ComplexMolecularMixture,biolink:related_to,biolink:ChemicalEntity,272
biolink:PhysiologicalProcess,biolink:produces,biolink:ChemicalEntity,272
biolink:Procedure,biolink:diagnoses,biolink:NamedThing,272
biolink:Disease,biolink:coexists_with,biolink:Activity,272
biolink:Disease,biolink:related_to,biolink:Phenomenon,272
biolink:PhenotypicFeature,biolink:associated_with,biolink:SmallMolecule,271
biolink:Protein,biolink:affects,biolink:ComplexMolecularMixture,271
biolink:Drug,biolink:located_in,biolink:MolecularMixture,271
biolink:CellularComponent,biolink:overlaps,biolink:CellularComponent,271
biolink:Procedure,biolink:precedes,biolink:SmallMolecule,270
biolink:Polypeptide,biolink:related_to,biolink:Gene,270
biolink:BiologicalEntity,biolink:same_as,biolink:ChemicalEntity,270
biolink:PopulationOfIndividualOrganisms,biolink:interacts_with,biolink:OrganismTaxon,270
biolink:Gene,biolink:affects,biolink:InformationContentEntity,270
biolink:ChemicalEntity,biolink:related_to,biolink:NucleicAcidEntity,269
biolink:Cell,biolink:has_participant,biolink:BiologicalProcess,269
biolink:Protein,biolink:derives_from,biolink:NucleicAcidEntity,269
biolink:ChemicalEntity,biolink:gene_product_of,biolink:Protein,269
biolink:PhenotypicFeature,biolink:interacts_with,biolink:OrganismTaxon,267
biolink:InformationContentEntity,biolink:has_part,biolink:AnatomicalEntity,267
biolink:PhysiologicalProcess,biolink:located_in,biolink:SmallMolecule,266
biolink:MolecularMixture,biolink:related_to,biolink:Device,266
biolink:PhenotypicFeature,biolink:interacts_with,biolink:Protein,266
biolink:SmallMolecule,biolink:same_as,biolink:ChemicalEntity,266
biolink:Cell,biolink:related_to,biolink:AnatomicalEntity,266
biolink:Phenomenon,biolink:produces,biolink:ChemicalEntity,265
biolink:PhenotypicFeature,biolink:coexists_with,biolink:Protein,264
biolink:ChemicalEntity,biolink:located_in,biolink:InformationContentEntity,264
biolink:Phenomenon,biolink:located_in,biolink:Cell,264
biolink:PhysicalEntity,biolink:related_to,biolink:ChemicalEntity,264
biolink:ClinicalAttribute,biolink:related_to,biolink:GrossAnatomicalStructure,263
biolink:PhysiologicalProcess,biolink:precedes,biolink:BiologicalProcess,263
biolink:ComplexMolecularMixture,biolink:affects,biolink:PhenotypicFeature,263
biolink:MolecularActivity,biolink:located_in,biolink:Gene,263
biolink:SmallMolecule,biolink:related_to,biolink:PhenotypicFeature,263
biolink:Publication,biolink:affects,biolink:Protein,263
biolink:PhysiologicalProcess,biolink:located_in,biolink:GenomicEntity,263
biolink:AnatomicalEntity,biolink:develops_from,biolink:OrganismTaxon,263
biolink:InformationContentEntity,biolink:has_member,biolink:Behavior,262
biolink:Drug,biolink:subclass_of,biolink:ChemicalMixture,262
biolink:ChemicalEntity,biolink:precedes,biolink:Procedure,262
biolink:GrossAnatomicalStructure,biolink:related_to,biolink:ClinicalAttribute,262
biolink:Procedure,biolink:diagnoses,biolink:ClinicalAttribute,262
biolink:CellularComponent,biolink:predisposes_to_condition,biolink:Disease,262
biolink:SmallMolecule,biolink:derives_from,biolink:MolecularMixture,262
biolink:Agent,biolink:diagnoses,biolink:Disease,261
biolink:ChemicalEntity,biolink:close_match,biolink:Procedure,261
biolink:Protein,biolink:disrupts,biolink:ClinicalAttribute,261
biolink:Drug,biolink:affects,biolink:Device,261
biolink:Human,biolink:has_part,biolink:SmallMolecule,261
biolink:Cohort,biolink:has_input,biolink:Publication,261
biolink:Gene,biolink:gene_product_of,biolink:NamedThing,261
biolink:InformationContentEntity,biolink:has_member,biolink:Publication,261
biolink:DiseaseOrPhenotypicFeature,biolink:coexists_with,biolink:PhenotypicFeature,261
biolink:Polypeptide,biolink:disrupts,biolink:MolecularActivity,260
biolink:PhysiologicalProcess,biolink:occurs_in,biolink:GenomicEntity,260
biolink:BiologicalProcess,biolink:affects,biolink:Polypeptide,260
biolink:Behavior,biolink:subclass_of,biolink:InformationContentEntity,260
biolink:SmallMolecule,biolink:positively_correlated_with,biolink:PhenotypicFeature,260
biolink:Device,biolink:has_part,biolink:SmallMolecule,260
biolink:Behavior,biolink:affects,biolink:PhenotypicFeature,260
biolink:Drug,biolink:preventative_for_condition,biolink:InformationContentEntity,260
biolink:Disease,biolink:contraindicated_in,biolink:ChemicalEntity,259
biolink:PopulationOfIndividualOrganisms,biolink:produces,biolink:Device,259
biolink:BiologicalProcess,biolink:has_input,biolink:Cell,259
biolink:ChemicalMixture,biolink:has_part,biolink:SmallMolecule,259
biolink:BiologicalEntity,biolink:manifestation_of,biolink:Disease,258
biolink:Drug,biolink:affects,biolink:Cohort,258
biolink:Cell,biolink:related_to,biolink:Drug,257
biolink:OrganismTaxon,biolink:interacts_with,biolink:PopulationOfIndividualOrganisms,257
biolink:Drug,biolink:subclass_of,biolink:Phenomenon,257
biolink:SmallMolecule,biolink:affects,biolink:Device,256
biolink:InformationContentEntity,biolink:treats_or_applied_or_studied_to_treat,biolink:PopulationOfIndividualOrganisms,256
biolink:Behavior,biolink:treats_or_applied_or_studied_to_treat,biolink:PhenotypicFeature,256
biolink:Protein,biolink:treats_or_applied_or_studied_to_treat,biolink:InformationContentEntity,256
biolink:MolecularActivity,biolink:related_to,biolink:CellularComponent,255
biolink:Protein,biolink:has_part,biolink:Gene,254
biolink:Disease,biolink:produces,biolink:MolecularMixture,254
biolink:Activity,biolink:treats_or_applied_or_studied_to_treat,biolink:Human,254
biolink:NucleicAcidEntity,biolink:has_part,biolink:NucleicAcidEntity,253
biolink:Procedure,biolink:treats_or_applied_or_studied_to_treat,biolink:Activity,253
biolink:Food,biolink:coexists_with,biolink:ChemicalEntity,253
biolink:BiologicalProcess,biolink:produces,biolink:CellularComponent,253
biolink:Phenomenon,biolink:has_input,biolink:Procedure,253
biolink:Gene,biolink:physically_interacts_with,biolink:SmallMolecule,252
biolink:Agent,biolink:subclass_of,biolink:Cohort,251
biolink:PhenotypicFeature,biolink:predisposes_to_condition,biolink:InformationContentEntity,251
biolink:Behavior,biolink:located_in,biolink:GrossAnatomicalStructure,251
biolink:Protein,biolink:coexists_with,biolink:Food,250
biolink:ChemicalEntity,biolink:subclass_of,biolink:Food,250
biolink:Device,biolink:related_to,biolink:Activity,250
biolink:GenomicEntity,biolink:related_to,biolink:Drug,250
biolink:NucleicAcidEntity,biolink:treats_or_applied_or_studied_to_treat,biolink:Cell,250
biolink:PhenotypicFeature,biolink:preventative_for_condition,biolink:Disease,250
biolink:ChemicalEntity,biolink:close_match,biolink:Food,249
biolink:InformationContentEntity,biolink:subclass_of,biolink:Behavior,249
biolink:MolecularMixture,biolink:produces,biolink:ChemicalEntity,249
biolink:ChemicalEntity,biolink:affects,biolink:Device,249
biolink:SmallMolecule,biolink:related_to,biolink:ChemicalMixture,249
biolink:BiologicalProcess,biolink:related_to,biolink:Phenomenon,248
biolink:ChemicalEntity,biolink:chemically_similar_to,biolink:Drug,248
biolink:MolecularActivity,biolink:in_taxon,biolink:OrganismTaxon,248
biolink:SmallMolecule,biolink:disrupts,biolink:Activity,247
biolink:SmallMolecule,biolink:similar_to,biolink:SmallMolecule,247
biolink:Drug,biolink:subclass_of,biolink:Disease,247
biolink:Procedure,biolink:treats_or_applied_or_studied_to_treat,biolink:AnatomicalEntity,246
biolink:Disease,biolink:located_in,biolink:Human,246
biolink:MolecularMixture,biolink:produces,biolink:Drug,246
biolink:Protein,biolink:interacts_with,biolink:Food,246
biolink:Protein,biolink:target_for,biolink:PhenotypicFeature,245
biolink:Drug,biolink:produces,biolink:AnatomicalEntity,245
biolink:SmallMolecule,biolink:located_in,biolink:InformationContentEntity,244
biolink:Protein,biolink:interacts_with,biolink:AnatomicalEntity,244
biolink:Publication,biolink:subclass_of,biolink:Procedure,244
biolink:OrganismTaxon,biolink:interacts_with,biolink:PhenotypicFeature,244
biolink:Drug,biolink:coexists_with,biolink:Activity,244
biolink:PhenotypicFeature,biolink:close_match,biolink:InformationContentEntity,244
biolink:Protein,biolink:located_in,biolink:MolecularMixture,244
biolink:PhysicalEntity,biolink:subclass_of,biolink:ChemicalEntity,244
biolink:Cell,biolink:has_part,biolink:PhenotypicFeature,244
biolink:BiologicalProcess,biolink:located_in,biolink:GenomicEntity,244
biolink:Cell,biolink:related_to,biolink:SmallMolecule,244
biolink:Drug,biolink:physically_interacts_with,biolink:GeneFamily,244
biolink:MolecularMixture,biolink:disrupts,biolink:CellularComponent,244
biolink:Drug,biolink:treats_or_applied_or_studied_to_treat,biolink:Behavior,244
biolink:MolecularMixture,biolink:predisposes_to_condition,biolink:PhenotypicFeature,243
biolink:MolecularActivity,biolink:has_input,biolink:CellularComponent,243
biolink:GrossAnatomicalStructure,biolink:related_to,biolink:SmallMolecule,243
biolink:Gene,biolink:exacerbates_condition,biolink:Disease,243
biolink:DiseaseOrPhenotypicFeature,biolink:causes,biolink:Disease,242
biolink:MolecularActivity,biolink:occurs_in,biolink:Gene,242
biolink:DiseaseOrPhenotypicFeature,biolink:close_match,biolink:Disease,242
biolink:BiologicalProcess,biolink:subclass_of,biolink:PhenotypicFeature,242
biolink:CellularComponent,biolink:located_in,biolink:Publication,241
biolink:Disease,biolink:subclass_of,biolink:Phenomenon,241
biolink:PhysiologicalProcess,biolink:occurs_in,biolink:SmallMolecule,241
biolink:MolecularMixture,biolink:coexists_with,biolink:Gene,241
biolink:GenomicEntity,biolink:affects,biolink:CellularComponent,240
biolink:MolecularMixture,biolink:close_match,biolink:MolecularMixture,240
biolink:Cohort,biolink:related_to,biolink:NamedThing,239
biolink:NamedThing,biolink:related_to,biolink:Cohort,239
biolink:Activity,biolink:related_to,biolink:ClinicalAttribute,239
biolink:PhysicalEntity,biolink:related_to,biolink:Drug,239
biolink:NucleicAcidEntity,biolink:related_to,biolink:ChemicalEntity,238
biolink:Cohort,biolink:related_to,biolink:Activity,238
biolink:OrganismTaxon,biolink:contributes_to,biolink:Disease,238
biolink:ChemicalEntity,biolink:interacts_with,biolink:Food,238
biolink:Activity,biolink:related_to,biolink:Cohort,238
biolink:ClinicalAttribute,biolink:coexists_with,biolink:BiologicalProcess,237
biolink:Device,biolink:affects,biolink:SmallMolecule,237
biolink:Protein,biolink:affects_response_to,biolink:ChemicalEntity,237
biolink:GrossAnatomicalStructure,biolink:has_input,biolink:Device,237
biolink:Food,biolink:located_in,biolink:GrossAnatomicalStructure,237
biolink:PhenotypicFeature,biolink:coexists_with,biolink:DiseaseOrPhenotypicFeature,237
biolink:MolecularActivity,biolink:located_in,biolink:OrganismTaxon,237
biolink:Protein,biolink:expressed_in,biolink:Protein,236
biolink:PopulationOfIndividualOrganisms,biolink:subclass_of,biolink:InformationContentEntity,236
biolink:BiologicalProcess,biolink:has_participant,biolink:AnatomicalEntity,236
biolink:Gene,biolink:interacts_with,biolink:GenomicEntity,236
biolink:CellularComponent,biolink:affects,biolink:Phenomenon,236
biolink:BiologicalProcess,biolink:produces,biolink:MolecularMixture,235
biolink:Activity,biolink:affects,biolink:Cohort,235
biolink:Procedure,biolink:has_input,biolink:Phenomenon,235
biolink:NucleicAcidEntity,biolink:treats_or_applied_or_studied_to_treat,biolink:Cohort,235
biolink:Drug,biolink:exacerbates_condition,biolink:BiologicalProcess,234
biolink:Protein,biolink:exacerbates_condition,biolink:BiologicalProcess,234
biolink:Human,biolink:has_part,biolink:Drug,234
biolink:Phenomenon,biolink:diagnoses,biolink:Disease,234
biolink:NamedThing,biolink:treats_or_applied_or_studied_to_treat,biolink:Disease,233
biolink:AnatomicalEntity,biolink:has_part,biolink:Disease,233
biolink:ComplexMolecularMixture,biolink:directly_physically_interacts_with,biolink:Drug,233
biolink:Disease,biolink:correlated_with,biolink:ChemicalExposure,233
biolink:PhenotypicFeature,biolink:has_part,biolink:Cell,233
biolink:InformationContentEntity,biolink:subclass_of,biolink:Procedure,233
biolink:ChemicalExposure,biolink:correlated_with,biolink:Disease,233
biolink:Drug,biolink:related_to,biolink:GenomicEntity,233
biolink:Drug,biolink:directly_physically_interacts_with,biolink:ComplexMolecularMixture,233
biolink:MolecularMixture,biolink:subclass_of,biolink:Device,232
biolink:ChemicalEntity,biolink:interacts_with,biolink:BiologicalProcess,232
biolink:Gene,biolink:causes,biolink:MolecularActivity,232
biolink:Phenomenon,biolink:produces,biolink:Drug,232
biolink:Food,biolink:has_part,biolink:MolecularMixture,232
biolink:AnatomicalEntity,biolink:subclass_of,biolink:CellLine,232
biolink:BiologicalProcess,biolink:interacts_with,biolink:ChemicalEntity,232
biolink:Protein,biolink:affects,biolink:IndividualOrganism,231
biolink:NucleicAcidEntity,biolink:produces,biolink:Protein,231
biolink:PhysiologicalProcess,biolink:affects,biolink:Drug,231
biolink:BiologicalProcess,biolink:occurs_in,biolink:GenomicEntity,231
biolink:ChemicalEntity,biolink:derives_from,biolink:Gene,231
biolink:PhenotypicFeature,biolink:located_in,biolink:PhenotypicFeature,231
biolink:BiologicalProcess,biolink:overlaps,biolink:BiologicalProcess,231
biolink:BiologicalEntity,biolink:located_in,biolink:CellularComponent,231
biolink:PhenotypicFeature,biolink:associated_with,biolink:ChemicalEntity,230
biolink:BiologicalEntity,biolink:derives_from,biolink:BiologicalEntity,230
biolink:SmallMolecule,biolink:physically_interacts_with,biolink:ChemicalEntity,229
biolink:Protein,biolink:related_to,biolink:OrganismTaxon,229
biolink:Procedure,biolink:located_in,biolink:Gene,228
biolink:Procedure,biolink:diagnoses,biolink:Procedure,228
biolink:SmallMolecule,biolink:close_match,biolink:MolecularMixture,228
biolink:GenomicEntity,biolink:produces,biolink:ChemicalEntity,228
biolink:InformationContentEntity,biolink:has_member,biolink:Cohort,228
biolink:InformationContentEntity,biolink:has_member,biolink:PhenotypicFeature,227
biolink:PhenotypicFeature,biolink:produces,biolink:AnatomicalEntity,227
biolink:Disease,biolink:related_to,biolink:Activity,227
biolink:SmallMolecule,biolink:located_in,biolink:MolecularMixture,227
biolink:Food,biolink:treats_or_applied_or_studied_to_treat,biolink:Disease,227
biolink:Food,biolink:affects,biolink:ChemicalEntity,227
biolink:ChemicalEntity,biolink:affects,biolink:ComplexMolecularMixture,227
biolink:PhenotypicFeature,biolink:has_part,biolink:CellularComponent,227
biolink:Behavior,biolink:subclass_of,biolink:BiologicalProcess,226
biolink:Procedure,biolink:subclass_of,biolink:NamedThing,226
biolink:InformationContentEntity,biolink:treats_or_applied_or_studied_to_treat,biolink:OrganismTaxon,226
biolink:MolecularActivity,biolink:associated_with,biolink:BiologicalProcess,226
biolink:BiologicalProcess,biolink:coexists_with,biolink:Behavior,226
biolink:InformationContentEntity,biolink:has_input,biolink:SmallMolecule,226
biolink:InformationContentEntity,biolink:located_in,biolink:Cell,226
biolink:NamedThing,biolink:related_to,biolink:InformationContentEntity,226
biolink:BiologicalProcess,biolink:has_output,biolink:Drug,225
biolink:Procedure,biolink:occurs_in,biolink:PopulationOfIndividualOrganisms,224
biolink:Device,biolink:treats_or_applied_or_studied_to_treat,biolink:BiologicalEntity,224
biolink:PhenotypicFeature,biolink:manifestation_of,biolink:PhysiologicalProcess,224
biolink:AnatomicalEntity,biolink:occurs_in,biolink:OrganismTaxon,224
biolink:Activity,biolink:related_to,biolink:NamedThing,223
biolink:Cell,biolink:affects,biolink:Phenomenon,223
biolink:ChemicalEntity,biolink:capable_of,biolink:Protein,223
biolink:Drug,biolink:close_match,biolink:Food,222
biolink:Phenomenon,biolink:has_input,biolink:ChemicalEntity,222
biolink:Procedure,biolink:located_in,biolink:PhysicalEntity,222
biolink:Gene,biolink:affects,biolink:MolecularMixture,222
biolink:Procedure,biolink:coexists_with,biolink:BiologicalProcess,221
biolink:Polypeptide,biolink:subclass_of,biolink:Protein,220
biolink:ComplexMolecularMixture,biolink:positively_correlated_with,biolink:Disease,220
biolink:NamedThing,biolink:subclass_of,biolink:InformationContentEntity,220
biolink:MolecularMixture,biolink:derives_from,biolink:ChemicalEntity,220
biolink:MolecularMixture,biolink:treats,biolink:Disease,219
biolink:Disease,biolink:occurs_in,biolink:Publication,219
biolink:ComplexMolecularMixture,biolink:contributes_to,biolink:PhenotypicFeature,219
biolink:BehavioralFeature,biolink:subclass_of,biolink:BehavioralFeature,219
biolink:AnatomicalEntity,biolink:derives_from,biolink:AnatomicalEntity,218
biolink:Activity,biolink:located_in,biolink:Cell,218
biolink:Procedure,biolink:related_to,biolink:OrganismTaxon,218
biolink:BiologicalProcess,biolink:coexists_with,biolink:ClinicalAttribute,218
biolink:BiologicalProcess,biolink:occurs_in,biolink:SmallMolecule,217
biolink:Cell,biolink:subclass_of,biolink:NamedThing,217
biolink:MolecularMixture,biolink:affects,biolink:PhysiologicalProcess,217
biolink:Food,biolink:has_part,biolink:ChemicalEntity,217
biolink:ClinicalAttribute,biolink:coexists_with,biolink:Procedure,216
biolink:Cell,biolink:located_in,biolink:GrossAnatomicalStructure,216
biolink:OrganismTaxon,biolink:occurs_in,biolink:Agent,216
biolink:ComplexMolecularMixture,biolink:located_in,biolink:GrossAnatomicalStructure,215
biolink:Cell,biolink:has_part,biolink:Cell,215
biolink:BiologicalEntity,biolink:derives_from,biolink:AnatomicalEntity,215
biolink:MolecularMixture,biolink:derives_from,biolink:SmallMolecule,215
biolink:SmallMolecule,biolink:subclass_of,biolink:AnatomicalEntity,214
biolink:BiologicalEntity,biolink:subclass_of,biolink:PhysicalEntity,214
biolink:Drug,biolink:treats_or_applied_or_studied_to_treat,biolink:BiologicalProcess,214
biolink:Cell,biolink:related_to,biolink:ClinicalAttribute,214
biolink:Phenomenon,biolink:affects,biolink:PopulationOfIndividualOrganisms,214
biolink:AnatomicalEntity,biolink:affects,biolink:Phenomenon,214
biolink:Gene,biolink:coexists_with,biolink:GenomicEntity,213
biolink:Device,biolink:related_to,biolink:MolecularMixture,213
biolink:Gene,biolink:located_in,biolink:Agent,213
biolink:Phenomenon,biolink:subclass_of,biolink:Publication,213
biolink:PhenotypicFeature,biolink:affects,biolink:ChemicalEntity,213
biolink:AnatomicalEntity,biolink:close_match,biolink:GrossAnatomicalStructure,213
biolink:PhysiologicalProcess,biolink:affects,biolink:PopulationOfIndividualOrganisms,213
biolink:Drug,biolink:has_part,biolink:OrganismTaxon,212
biolink:PhenotypicFeature,biolink:treats_or_applied_or_studied_to_treat,biolink:PopulationOfIndividualOrganisms,212
biolink:Disease,biolink:related_to,biolink:Gene,212
biolink:GenomicEntity,biolink:affects,biolink:AnatomicalEntity,211
biolink:Polypeptide,biolink:preventative_for_condition,biolink:Disease,211
biolink:BiologicalProcess,biolink:produces,biolink:Polypeptide,211
biolink:Protein,biolink:affects,biolink:NamedThing,211
biolink:BiologicalEntity,biolink:subclass_of,biolink:ChemicalEntity,210
biolink:GenomicEntity,biolink:interacts_with,biolink:Gene,210
biolink:Publication,biolink:has_input,biolink:Drug,210
biolink:Procedure,biolink:close_match,biolink:Protein,210
biolink:ClinicalAttribute,biolink:affects,biolink:BiologicalProcess,209
biolink:Food,biolink:interacts_with,biolink:Drug,209
biolink:ComplexMolecularMixture,biolink:related_to,biolink:Drug,209
biolink:ClinicalAttribute,biolink:related_to,biolink:Cell,209
biolink:Behavior,biolink:related_to,biolink:BiologicalProcess,208
biolink:Protein,biolink:has_part,biolink:InformationContentEntity,208
biolink:ClinicalAttribute,biolink:treats_or_applied_or_studied_to_treat,biolink:PhenotypicFeature,208
biolink:Pathway,biolink:precedes,biolink:BiologicalProcess,208
biolink:Drug,biolink:applied_to_treat,biolink:Procedure,208
biolink:Device,biolink:affects,biolink:ChemicalEntity,208
biolink:Cell,biolink:related_to,biolink:CellularComponent,208
biolink:Disease,biolink:located_in,biolink:OrganismTaxon,207
biolink:Drug,biolink:causes,biolink:Activity,207
biolink:GenomicEntity,biolink:affects,biolink:Behavior,207
biolink:AnatomicalEntity,biolink:related_to,biolink:CellularComponent,207
biolink:BiologicalProcess,biolink:associated_with,biolink:MolecularMixture,207
biolink:ChemicalMixture,biolink:affects,biolink:BiologicalProcess,207
biolink:SmallMolecule,biolink:close_match,biolink:Procedure,207
biolink:OrganismTaxon,biolink:subclass_of,biolink:BiologicalEntity,207
biolink:PhenotypicFeature,biolink:has_input,biolink:Drug,207
biolink:Gene,biolink:affects,biolink:GenomicEntity,206
biolink:Protein,biolink:treats_or_applied_or_studied_to_treat,biolink:CellularComponent,206
biolink:BiologicalProcess,biolink:related_to,biolink:Behavior,206
biolink:IndividualOrganism,biolink:subclass_of,biolink:NamedThing,206
biolink:Publication,biolink:related_to,biolink:BiologicalProcess,206
biolink:SmallMolecule,biolink:has_input,biolink:Protein,206
biolink:Drug,biolink:treats_or_applied_or_studied_to_treat,biolink:NamedThing,205
biolink:PhysiologicalProcess,biolink:subclass_of,biolink:PhysiologicalProcess,205
biolink:Gene,biolink:treats_or_applied_or_studied_to_treat,biolink:Disease,205
biolink:MolecularMixture,biolink:produces,biolink:SmallMolecule,204
biolink:Drug,biolink:affects,biolink:MolecularEntity,204
biolink:Pathway,biolink:close_match,biolink:BiologicalProcess,204
biolink:Drug,biolink:treats,biolink:Procedure,203
biolink:Protein,biolink:related_to,biolink:Activity,203
biolink:GenomicEntity,biolink:related_to,biolink:Gene,203
biolink:NucleicAcidEntity,biolink:interacts_with,biolink:Cell,203
biolink:Polypeptide,biolink:located_in,biolink:Cell,203
biolink:BiologicalProcess,biolink:close_match,biolink:Behavior,203
biolink:Disease,biolink:coexists_with,biolink:PhysiologicalProcess,203
biolink:InformationContentEntity,biolink:has_part,biolink:GrossAnatomicalStructure,203
biolink:ComplexMolecularMixture,biolink:coexists_with,biolink:Drug,202
biolink:PhysicalEntity,biolink:causes,biolink:PhenotypicFeature,202
biolink:BiologicalEntity,biolink:subclass_of,biolink:AnatomicalEntity,202
biolink:Cohort,biolink:has_part,biolink:MolecularMixture,202
biolink:Cell,biolink:located_in,biolink:AnatomicalEntity,202
biolink:BiologicalProcess,biolink:subclass_of,biolink:InformationContentEntity,202
biolink:Protein,biolink:causes,biolink:AnatomicalEntity,202
biolink:Disease,biolink:treats_or_applied_or_studied_to_treat,biolink:Drug,201
biolink:InformationContentEntity,biolink:associated_with,biolink:Protein,201
biolink:BiologicalProcess,biolink:related_to,biolink:Drug,200
biolink:CellularComponent,biolink:affects,biolink:Disease,200
biolink:GenomicEntity,biolink:affects,biolink:Gene,200
biolink:Food,biolink:coexists_with,biolink:Drug,200
biolink:ComplexMolecularMixture,biolink:related_to,biolink:Protein,200
biolink:BiologicalProcess,biolink:positively_correlated_with,biolink:BiologicalProcess,199
biolink:Disease,biolink:coexists_with,biolink:AnatomicalEntity,199
biolink:CellularComponent,biolink:located_in,biolink:InformationContentEntity,199
biolink:NucleicAcidEntity,biolink:related_to,biolink:Procedure,199
biolink:SmallMolecule,biolink:directly_physically_interacts_with,biolink:Gene,199
biolink:Gene,biolink:related_to,biolink:NucleicAcidEntity,199
biolink:Cohort,biolink:produces,biolink:InformationContentEntity,199
biolink:GrossAnatomicalStructure,biolink:produces,biolink:MolecularMixture,199
biolink:GenomicEntity,biolink:treats_or_applied_or_studied_to_treat,biolink:Cell,198
biolink:Cell,biolink:located_in,biolink:PhenotypicFeature,198
biolink:Cell,biolink:derives_from,biolink:Disease,198
biolink:Phenomenon,biolink:subclass_of,biolink:InformationContentEntity,197
biolink:PhysicalEntity,biolink:related_to,biolink:Protein,197
biolink:Gene,biolink:affects,biolink:NucleicAcidEntity,197
biolink:Protein,biolink:causes,biolink:ClinicalAttribute,196
biolink:SmallMolecule,biolink:related_to,biolink:PhysicalEntity,196
biolink:NamedThing,biolink:precedes,biolink:Procedure,196
biolink:BiologicalEntity,biolink:same_as,biolink:Transcript,196
biolink:OrganismTaxon,biolink:related_to,biolink:Procedure,195
biolink:Behavior,biolink:affects,biolink:InformationContentEntity,195
biolink:Drug,biolink:preventative_for_condition,biolink:BiologicalEntity,195
biolink:AnatomicalEntity,biolink:located_in,biolink:Agent,195
biolink:BiologicalEntity,biolink:located_in,biolink:Disease,194
biolink:AnatomicalEntity,biolink:temporally_related_to,biolink:AnatomicalEntity,194
biolink:ChemicalEntity,biolink:associated_with,biolink:InformationContentEntity,194
biolink:Agent,biolink:subclass_of,biolink:Activity,193
biolink:SmallMolecule,biolink:subclass_of,biolink:NamedThing,193
biolink:Procedure,biolink:disrupts,biolink:PhenotypicFeature,193
biolink:NucleicAcidEntity,biolink:disrupts,biolink:PhenotypicFeature,193
biolink:NucleicAcidEntity,biolink:affects,biolink:PhysiologicalProcess,193
biolink:AnatomicalEntity,biolink:capable_of,biolink:BiologicalProcess,193
biolink:Food,biolink:affects,biolink:SmallMolecule,193
biolink:ComplexMolecularMixture,biolink:located_in,biolink:AnatomicalEntity,193
biolink:MolecularActivity,biolink:affects,biolink:GenomicEntity,193
biolink:InformationContentEntity,biolink:related_to,biolink:Cohort,192
biolink:Activity,biolink:treats_or_applied_or_studied_to_treat,biolink:Activity,192
biolink:Drug,biolink:interacts_with,biolink:Food,192
biolink:Gene,biolink:affects,biolink:DiseaseOrPhenotypicFeature,192
biolink:NucleicAcidEntity,biolink:coexists_with,biolink:Polypeptide,191
biolink:ClinicalAttribute,biolink:related_to,biolink:Drug,191
biolink:AnatomicalEntity,biolink:located_in,biolink:PhenotypicFeature,191
biolink:MolecularActivity,biolink:affects,biolink:MolecularActivity,191
biolink:Device,biolink:affects,biolink:Drug,191
biolink:Procedure,biolink:has_input,biolink:Agent,191
biolink:AnatomicalEntity,biolink:related_to,biolink:InformationContentEntity,191
biolink:SmallMolecule,biolink:affects,biolink:GeneFamily,190
biolink:ChemicalEntity,biolink:subclass_of,biolink:PhysiologicalProcess,190
biolink:InformationContentEntity,biolink:manifestation_of,biolink:BiologicalProcess,190
biolink:GenomicEntity,biolink:predisposes_to_condition,biolink:PhenotypicFeature,190
biolink:Drug,biolink:affects,biolink:NamedThing,190
biolink:OrganismTaxon,biolink:related_to,biolink:Protein,190
biolink:Cohort,biolink:related_to,biolink:InformationContentEntity,189
biolink:Phenomenon,biolink:interacts_with,biolink:Protein,189
biolink:Disease,biolink:disrupts,biolink:CellularComponent,189
biolink:GenomicEntity,biolink:disrupts,biolink:MolecularActivity,189
biolink:BiologicalProcess,biolink:located_in,biolink:OrganismTaxon,189
biolink:Phenomenon,biolink:has_part,biolink:BiologicalProcess,189
biolink:PhenotypicFeature,biolink:has_input,biolink:Procedure,189
biolink:AnatomicalEntity,biolink:treats_or_applied_or_studied_to_treat,biolink:Disease,189
biolink:MolecularActivity,biolink:subclass_of,biolink:InformationContentEntity,189
biolink:Human,biolink:has_input,biolink:Device,188
biolink:Phenomenon,biolink:produces,biolink:SmallMolecule,188
biolink:Drug,biolink:located_in,biolink:Agent,188
biolink:PhenotypicFeature,biolink:has_part,biolink:ChemicalEntity,188
biolink:Activity,biolink:related_to,biolink:PhysicalEntity,188
biolink:Device,biolink:close_match,biolink:Procedure,188
biolink:InformationContentEntity,biolink:related_to,biolink:NamedThing,188
biolink:Activity,biolink:close_match,biolink:InformationContentEntity,188
biolink:Cell,biolink:causes,biolink:Disease,188
biolink:SmallMolecule,biolink:causes,biolink:Activity,187
biolink:Drug,biolink:related_to,biolink:ClinicalAttribute,187
biolink:PhenotypicFeature,biolink:related_to,biolink:Phenomenon,187
biolink:AnatomicalEntity,biolink:coexists_with,biolink:InformationContentEntity,187
biolink:Disease,biolink:has_participant,biolink:MolecularActivity,187
biolink:Publication,biolink:related_to,biolink:Behavior,187
biolink:Gene,biolink:produces,biolink:Polypeptide,187
biolink:GenomicEntity,biolink:disrupts,biolink:Cell,186
biolink:PhenotypicFeature,biolink:related_to,biolink:Cohort,186
biolink:GeographicLocation,biolink:related_to,biolink:GeographicLocation,186
biolink:PhysiologicalProcess,biolink:coexists_with,biolink:PhysiologicalProcess,186
biolink:AnatomicalEntity,biolink:close_match,biolink:NamedThing,186
biolink:GrossAnatomicalStructure,biolink:causes,biolink:Disease,186
biolink:Cohort,biolink:related_to,biolink:PhenotypicFeature,186
biolink:Behavior,biolink:related_to,biolink:Publication,185
biolink:Drug,biolink:positively_correlated_with,biolink:Disease,185
biolink:InformationContentEntity,biolink:subclass_of,biolink:BiologicalProcess,185
biolink:NamedThing,biolink:related_to,biolink:Activity,185
biolink:CellularComponent,biolink:develops_from,biolink:GrossAnatomicalStructure,184
biolink:InformationContentEntity,biolink:coexists_with,biolink:Protein,184
biolink:MolecularActivity,biolink:affects,biolink:MolecularMixture,184
biolink:ClinicalAttribute,biolink:affects,biolink:PhenotypicFeature,184
biolink:Protein,biolink:disrupts,biolink:OrganismTaxon,184
biolink:Activity,biolink:precedes,biolink:BiologicalProcess,184
biolink:AnatomicalEntity,biolink:associated_with,biolink:InformationContentEntity,183
biolink:BiologicalProcess,biolink:coexists_with,biolink:AnatomicalEntity,183
biolink:NamedThing,biolink:subclass_of,biolink:Publication,183
biolink:ClinicalAttribute,biolink:has_input,biolink:Drug,183
biolink:Activity,biolink:affects,biolink:Activity,183
biolink:InformationContentEntity,biolink:coexists_with,biolink:AnatomicalEntity,183
biolink:Disease,biolink:regulates,biolink:Gene,183
biolink:Food,biolink:affects,biolink:Drug,183
biolink:Food,biolink:associated_with,biolink:PhenotypicFeature,183
biolink:Activity,biolink:has_input,biolink:InformationContentEntity,183
biolink:SmallMolecule,biolink:has_metabolite,biolink:ChemicalEntity,182
biolink:SmallMolecule,biolink:has_input,biolink:SmallMolecule,182
biolink:CellularComponent,biolink:located_in,biolink:PopulationOfIndividualOrganisms,182
biolink:PhenotypicFeature,biolink:subclass_of,biolink:Phenomenon,182
biolink:NucleicAcidEntity,biolink:disrupts,biolink:MolecularActivity,182
biolink:SmallMolecule,biolink:produces,biolink:AnatomicalEntity,182
biolink:Drug,biolink:coexists_with,biolink:PhenotypicFeature,182
biolink:MolecularMixture,biolink:disrupts,biolink:AnatomicalEntity,181
biolink:PhysiologicalProcess,biolink:produces,biolink:SmallMolecule,181
biolink:AnatomicalEntity,biolink:related_to,biolink:Drug,181
biolink:SmallMolecule,biolink:affects,biolink:MolecularEntity,180
biolink:BiologicalProcess,biolink:related_to,biolink:ChemicalEntity,180
biolink:Phenomenon,biolink:coexists_with,biolink:Disease,180
biolink:Activity,biolink:related_to,biolink:PhysiologicalProcess,179
biolink:MolecularActivity,biolink:related_to,biolink:GrossAnatomicalStructure,179
biolink:PopulationOfIndividualOrganisms,biolink:diagnoses,biolink:PhenotypicFeature,179
biolink:SmallMolecule,biolink:associated_with,biolink:InformationContentEntity,179
biolink:Phenomenon,biolink:related_to,biolink:PhenotypicFeature,179
biolink:NucleicAcidEntity,biolink:affects,biolink:Behavior,179
biolink:SmallMolecule,biolink:causes,biolink:DiseaseOrPhenotypicFeature,179
biolink:BiologicalProcess,biolink:subclass_of,biolink:Disease,179
biolink:GrossAnatomicalStructure,biolink:subclass_of,biolink:NamedThing,179
biolink:PhysiologicalProcess,biolink:disrupts,biolink:BiologicalProcess,178
biolink:Cohort,biolink:has_part,biolink:Polypeptide,178
biolink:Disease,biolink:subclass_of,biolink:Behavior,178
biolink:PhysicalEntity,biolink:subclass_of,biolink:AnatomicalEntity,178
biolink:MolecularMixture,biolink:disrupts,biolink:Behavior,178
biolink:Phenomenon,biolink:related_to,biolink:ChemicalEntity,178
biolink:SmallMolecule,biolink:applied_to_treat,biolink:PhenotypicFeature,177
biolink:CellularComponent,biolink:related_to,biolink:ChemicalEntity,177
biolink:ChemicalEntity,biolink:has_input,biolink:Protein,177
biolink:AnatomicalEntity,biolink:occurs_in,biolink:Cohort,177
biolink:MolecularActivity,biolink:affects,biolink:PhysiologicalProcess,177
biolink:AnatomicalEntity,biolink:coexists_with,biolink:BiologicalProcess,177
biolink:Drug,biolink:derives_from,biolink:MolecularMixture,177
biolink:CellularComponent,biolink:related_to,biolink:Cell,175
biolink:GrossAnatomicalStructure,biolink:located_in,biolink:Cell,175
biolink:Procedure,biolink:produces,biolink:PhenotypicFeature,175
biolink:Protein,biolink:associated_with,biolink:ClinicalAttribute,175
biolink:Cohort,biolink:related_to,biolink:Disease,175
biolink:BiologicalProcess,biolink:affects,biolink:Behavior,174
biolink:PhenotypicFeature,biolink:affects,biolink:Cell,174
biolink:Behavior,biolink:manifestation_of,biolink:Disease,174
biolink:ChemicalEntity,biolink:expressed_in,biolink:CellularComponent,173
biolink:Protein,biolink:related_to,biolink:ChemicalMixture,173
biolink:Disease,biolink:derives_from,biolink:CellularComponent,173
biolink:PhenotypicFeature,biolink:affects,biolink:Activity,173
biolink:InformationContentEntity,biolink:subclass_of,biolink:Phenomenon,173
biolink:NucleicAcidEntity,biolink:has_part,biolink:ChemicalEntity,173
biolink:PhysicalEntity,biolink:related_to,biolink:Activity,173
biolink:PhenotypicFeature,biolink:biomarker_for,biolink:PhenotypicFeature,172
biolink:ComplexMolecularMixture,biolink:affects,biolink:Cell,172
biolink:PhysiologicalProcess,biolink:affects,biolink:MolecularActivity,171
biolink:Disease,biolink:has_side_effect,biolink:MolecularMixture,171
biolink:Protein,biolink:produces,biolink:Device,171
biolink:Polypeptide,biolink:related_to,biolink:SmallMolecule,171
biolink:PopulationOfIndividualOrganisms,biolink:has_input,biolink:Drug,171
biolink:SmallMolecule,biolink:physically_interacts_with,biolink:GeneFamily,171
biolink:Procedure,biolink:diagnoses,biolink:Activity,171
biolink:Drug,biolink:superclass_of,biolink:SmallMolecule,171
biolink:Disease,biolink:related_to,biolink:Cohort,171
biolink:MolecularMixture,biolink:has_side_effect,biolink:Disease,171
biolink:Publication,biolink:related_to,biolink:Drug,171
biolink:Polypeptide,biolink:close_match,biolink:ChemicalEntity,171
biolink:Drug,biolink:causes,biolink:AnatomicalEntity,171
biolink:SmallMolecule,biolink:superclass_of,biolink:Drug,171
biolink:Procedure,biolink:close_match,biolink:ChemicalEntity,170
biolink:Food,biolink:coexists_with,biolink:SmallMolecule,170
biolink:BiologicalProcess,biolink:interacts_with,biolink:ComplexMolecularMixture,170
biolink:NamedThing,biolink:related_to,biolink:ChemicalEntity,170
biolink:ComplexMolecularMixture,biolink:interacts_with,biolink:BiologicalProcess,170
biolink:Food,biolink:has_part,biolink:Protein,170
biolink:Procedure,biolink:affects,biolink:NamedThing,170
biolink:MolecularMixture,biolink:affects,biolink:ClinicalAttribute,170
biolink:Gene,biolink:disrupts,biolink:Behavior,170
biolink:PhysicalEntity,biolink:has_input,biolink:Agent,169
biolink:Procedure,biolink:diagnoses,biolink:AnatomicalEntity,169
biolink:InformationContentEntity,biolink:preventative_for_condition,biolink:PhenotypicFeature,168
biolink:Disease,biolink:manifestation_of,biolink:MolecularActivity,168
biolink:Pathway,biolink:related_to,biolink:BiologicalProcess,168
biolink:PhysiologicalProcess,biolink:affects,biolink:ChemicalEntity,168
biolink:Disease,biolink:manifestation_of,biolink:InformationContentEntity,168
biolink:ChemicalEntity,biolink:has_input,biolink:ChemicalEntity,168
biolink:ComplexMolecularMixture,biolink:close_match,biolink:ChemicalEntity,168
biolink:SmallMolecule,biolink:interacts_with,biolink:Food,168
biolink:MolecularMixture,biolink:applied_to_treat,biolink:Disease,168
biolink:Behavior,biolink:has_input,biolink:Behavior,167
biolink:Polypeptide,biolink:disrupts,biolink:GrossAnatomicalStructure,167
biolink:Protein,biolink:interacts_with,biolink:Phenomenon,167
biolink:PhenotypicFeature,biolink:coexists_with,biolink:BiologicalEntity,167
biolink:Phenomenon,biolink:affects,biolink:Activity,166
biolink:Protein,biolink:disrupts,biolink:DiseaseOrPhenotypicFeature,166
biolink:ChemicalEntity,biolink:interacts_with,biolink:AnatomicalEntity,166
biolink:Cell,biolink:affects,biolink:Activity,166
biolink:MolecularMixture,biolink:subclass_of,biolink:ChemicalMixture,166
biolink:Drug,biolink:disrupts,biolink:ClinicalAttribute,166
biolink:Drug,biolink:related_to,biolink:NucleicAcidEntity,166
biolink:NucleicAcidEntity,biolink:related_to,biolink:Drug,166
biolink:MolecularEntity,biolink:has_part,biolink:ChemicalEntity,166
biolink:OrganismTaxon,biolink:interacts_with,biolink:Human,166
biolink:Drug,biolink:produces,biolink:MolecularMixture,165
biolink:Drug,biolink:causes,biolink:PhysiologicalProcess,165
biolink:PhenotypicFeature,biolink:affects,biolink:Drug,165
biolink:Behavior,biolink:located_in,biolink:AnatomicalEntity,165
biolink:Activity,biolink:affects,biolink:Phenomenon,165
biolink:PhysicalEntity,biolink:preventative_for_condition,biolink:PhenotypicFeature,165
biolink:InformationContentEntity,biolink:coexists_with,biolink:Drug,165
biolink:MolecularEntity,biolink:has_part,biolink:SmallMolecule,164
biolink:Disease,biolink:located_in,biolink:Agent,164
biolink:Drug,biolink:treats_or_applied_or_studied_to_treat,biolink:AnatomicalEntity,164
biolink:Cell,biolink:subclass_of,biolink:Protein,164
biolink:ComplexMolecularMixture,biolink:related_to,biolink:Procedure,164
biolink:ClinicalAttribute,biolink:related_to,biolink:Disease,164
biolink:PhysiologicalProcess,biolink:produces,biolink:Drug,164
biolink:Procedure,biolink:has_input,biolink:AnatomicalEntity,164
biolink:Pathway,biolink:same_as,biolink:Pathway,164
biolink:Behavior,biolink:subclass_of,biolink:Event,163
biolink:Behavior,biolink:subclass_of,biolink:Publication,163
biolink:Drug,biolink:associated_with,biolink:InformationContentEntity,163
biolink:Food,biolink:interacts_with,biolink:SmallMolecule,163
biolink:Food,biolink:coexists_with,biolink:Protein,163
biolink:Agent,biolink:produces,biolink:InformationContentEntity,162
biolink:Protein,biolink:decreases_response_to,biolink:MolecularMixture,162
biolink:Polypeptide,biolink:related_to,biolink:Drug,162
biolink:Drug,biolink:produces,biolink:Gene,162
biolink:Drug,biolink:located_in,biolink:Disease,162
biolink:Procedure,biolink:diagnoses,biolink:BiologicalProcess,162
biolink:PhysicalEntity,biolink:has_part,biolink:PhysicalEntity,162
biolink:SmallMolecule,biolink:negatively_correlated_with,biolink:Disease,162
biolink:Publication,biolink:affects,biolink:BiologicalProcess,161
biolink:PhenotypicFeature,biolink:has_part,biolink:Drug,161
biolink:NucleicAcidEntity,biolink:treats_or_applied_or_studied_to_treat,biolink:PopulationOfIndividualOrganisms,161
biolink:ComplexMolecularMixture,biolink:affects,biolink:Drug,161
biolink:Drug,biolink:treats_or_applied_or_studied_to_treat,biolink:Activity,161
biolink:Gene,biolink:preventative_for_condition,biolink:PhenotypicFeature,160
biolink:OrganismTaxon,biolink:produces,biolink:MolecularMixture,160
biolink:MolecularMixture,biolink:coexists_with,biolink:Device,160
biolink:Disease,biolink:causes,biolink:NamedThing,159
biolink:Drug,biolink:has_input,biolink:Device,159
biolink:ChemicalEntity,biolink:subclass_of,biolink:Gene,159
biolink:ChemicalEntity,biolink:located_in,biolink:MolecularMixture,159
biolink:InformationContentEntity,biolink:subclass_of,biolink:IndividualOrganism,159
biolink:Disease,biolink:associated_with,biolink:Activity,159
biolink:Protein,biolink:disrupts,biolink:Polypeptide,159
biolink:OrganismTaxon,biolink:occurs_in,biolink:GrossAnatomicalStructure,159
biolink:Activity,biolink:preventative_for_condition,biolink:InformationContentEntity,159
biolink:BiologicalProcess,biolink:diagnoses,biolink:PhenotypicFeature,159
biolink:InformationContentEntity,biolink:affects,biolink:Behavior,159
biolink:PhenotypicFeature,biolink:coexists_with,biolink:Activity,158
biolink:ChemicalEntity,biolink:treats_or_applied_or_studied_to_treat,biolink:DiseaseOrPhenotypicFeature,158
biolink:NamedThing,biolink:related_to,biolink:Disease,158
biolink:Gene,biolink:related_to,biolink:Device,158
biolink:NucleicAcidEntity,biolink:subclass_of,biolink:Publication,158
biolink:ChemicalEntity,biolink:has_adverse_event,biolink:PhenotypicFeature,158
biolink:Disease,biolink:subclass_of,biolink:PhysiologicalProcess,157
biolink:Device,biolink:affects,biolink:GrossAnatomicalStructure,157
biolink:NucleicAcidEntity,biolink:predisposes_to_condition,biolink:PhenotypicFeature,157
biolink:MolecularMixture,biolink:affects,biolink:Behavior,157
biolink:PhysiologicalProcess,biolink:produces,biolink:CellularComponent,157
biolink:Behavior,biolink:coexists_with,biolink:PhenotypicFeature,157
biolink:NamedThing,biolink:coexists_with,biolink:PhenotypicFeature,157
biolink:AnatomicalEntity,biolink:composed_primarily_of,biolink:GrossAnatomicalStructure,157
biolink:PhysiologicalProcess,biolink:occurs_in,biolink:BiologicalEntity,157
biolink:BiologicalProcess,biolink:affects,biolink:MolecularMixture,156
biolink:Drug,biolink:affects,biolink:ComplexMolecularMixture,156
biolink:OrganismTaxon,biolink:located_in,biolink:InformationContentEntity,156
biolink:PhenotypicFeature,biolink:coexists_with,biolink:Drug,156
biolink:ChemicalMixture,biolink:affects,biolink:Phenomenon,156
biolink:ComplexMolecularMixture,biolink:predisposes_to_condition,biolink:Disease,156
biolink:Protein,biolink:subclass_of,biolink:ComplexMolecularMixture,156
biolink:GrossAnatomicalStructure,biolink:located_in,biolink:CellularComponent,156
biolink:Disease,biolink:manifestation_of,biolink:Phenomenon,155
biolink:MolecularMixture,biolink:correlated_with,biolink:Disease,155
biolink:Polypeptide,biolink:related_to,biolink:Polypeptide,155
biolink:Protein,biolink:increases_response_to,biolink:MolecularMixture,155
biolink:Procedure,biolink:affects,biolink:Behavior,155
biolink:Activity,biolink:treats_or_applied_or_studied_to_treat,biolink:Behavior,155
biolink:OrganismTaxon,biolink:causes,biolink:InformationContentEntity,155
biolink:Publication,biolink:related_to,biolink:ChemicalEntity,154
biolink:Drug,biolink:close_match,biolink:Cell,154
biolink:Procedure,biolink:diagnoses,biolink:PopulationOfIndividualOrganisms,154
biolink:Drug,biolink:has_part,biolink:ComplexMolecularMixture,154
biolink:MolecularMixture,biolink:treats_or_applied_or_studied_to_treat,biolink:Human,153
biolink:Food,biolink:treats_or_applied_or_studied_to_treat,biolink:OrganismTaxon,153
biolink:Gene,biolink:treats_or_applied_or_studied_to_treat,biolink:OrganismTaxon,153
biolink:AnatomicalEntity,biolink:located_in,biolink:Publication,153
biolink:PhenotypicFeature,biolink:affects,biolink:ClinicalAttribute,153
biolink:Cohort,biolink:has_part,biolink:ComplexMolecularMixture,153
biolink:Drug,biolink:treats_or_applied_or_studied_to_treat,biolink:Phenomenon,153
biolink:AnatomicalEntity,biolink:located_in,biolink:Human,152
biolink:BiologicalProcess,biolink:positively_correlated_with,biolink:PhenotypicFeature,152
biolink:InformationContentEntity,biolink:interacts_with,biolink:Protein,152
biolink:Gene,biolink:close_match,biolink:Disease,152
biolink:PhenotypicFeature,biolink:has_part,biolink:SmallMolecule,152
biolink:SmallMolecule,biolink:related_to,biolink:NucleicAcidEntity,152
biolink:ChemicalMixture,biolink:causes,biolink:Disease,151
biolink:SmallMolecule,biolink:treats,biolink:PhenotypicFeature,151
biolink:Protein,biolink:produces,biolink:ComplexMolecularMixture,151
biolink:Activity,biolink:affects,biolink:MolecularActivity,151
biolink:ChemicalEntity,biolink:affects,biolink:Food,151
biolink:Cohort,biolink:subclass_of,biolink:IndividualOrganism,151
biolink:BiologicalProcess,biolink:disrupts,biolink:BiologicalProcess,150
biolink:Disease,biolink:coexists_with,biolink:Phenomenon,150
biolink:PhenotypicFeature,biolink:disrupts,biolink:GrossAnatomicalStructure,150
biolink:BiologicalProcess,biolink:affects,biolink:Procedure,150
biolink:GeographicLocation,biolink:related_to,biolink:NamedThing,150
biolink:Disease,biolink:correlated_with,biolink:MolecularMixture,150
biolink:Gene,biolink:occurs_in,biolink:Protein,150
biolink:Disease,biolink:produces,biolink:Polypeptide,150
biolink:PhenotypicFeature,biolink:affects,biolink:Human,149
biolink:Procedure,biolink:treats_or_applied_or_studied_to_treat,biolink:NamedThing,149
biolink:Drug,biolink:related_to,biolink:Polypeptide,149
biolink:PhenotypicFeature,biolink:located_in,biolink:OrganismTaxon,149
biolink:Publication,biolink:has_input,biolink:PhysicalEntity,149
biolink:CellularComponent,biolink:related_to,biolink:MolecularActivity,149
biolink:ChemicalMixture,biolink:subclass_of,biolink:ChemicalEntity,148
biolink:Device,biolink:located_in,biolink:InformationContentEntity,148
biolink:Drug,biolink:interacts_with,biolink:AnatomicalEntity,148
biolink:SmallMolecule,biolink:located_in,biolink:Disease,148
biolink:PhysiologicalProcess,biolink:affects,biolink:SmallMolecule,147
biolink:Protein,biolink:subclass_of,biolink:Polypeptide,147
biolink:AnatomicalEntity,biolink:close_match,biolink:Polypeptide,147
biolink:InformationContentEntity,biolink:subclass_of,biolink:MolecularActivity,147
biolink:InformationContentEntity,biolink:occurs_in,biolink:Protein,147
biolink:Gene,biolink:actively_involved_in,biolink:Pathway,147
biolink:PopulationOfIndividualOrganisms,biolink:has_part,biolink:Polypeptide,147
biolink:PhenotypicFeature,biolink:related_to,biolink:Cell,147
biolink:Behavior,biolink:coexists_with,biolink:BiologicalProcess,147
biolink:AnatomicalEntity,biolink:precedes,biolink:AnatomicalEntity,147
biolink:GrossAnatomicalStructure,biolink:related_to,biolink:Protein,147
biolink:ChemicalEntity,biolink:disrupts,biolink:Activity,147
biolink:Behavior,biolink:subclass_of,biolink:Activity,147
biolink:SmallMolecule,biolink:preventative_for_condition,biolink:InformationContentEntity,147
biolink:Food,biolink:located_in,biolink:AnatomicalEntity,147
biolink:PhenotypicFeature,biolink:superclass_of,biolink:NamedThing,146
biolink:Drug,biolink:regulates,biolink:BiologicalProcess,146
biolink:NamedThing,biolink:superclass_of,biolink:PhenotypicFeature,146
biolink:Gene,biolink:subclass_of,biolink:Procedure,146
biolink:BiologicalProcess,biolink:precedes,biolink:PhenotypicFeature,146
biolink:IndividualOrganism,biolink:close_match,biolink:IndividualOrganism,146
biolink:GrossAnatomicalStructure,biolink:occurs_in,biolink:BiologicalProcess,146
biolink:PhysicalEntity,biolink:interacts_with,biolink:ChemicalEntity,146
biolink:Phenomenon,biolink:associated_with,biolink:PhenotypicFeature,146
biolink:Activity,biolink:treats_or_applied_or_studied_to_treat,biolink:ClinicalAttribute,145
biolink:MolecularMixture,biolink:derives_from,biolink:Drug,145
biolink:Protein,biolink:affects,biolink:Food,145
biolink:ComplexMolecularMixture,biolink:subclass_of,biolink:ComplexMolecularMixture,145
biolink:ChemicalMixture,biolink:has_part,biolink:Drug,145
biolink:Behavior,biolink:treats_or_applied_or_studied_to_treat,biolink:Cohort,144
biolink:Procedure,biolink:located_in,biolink:Publication,144
biolink:Disease,biolink:associated_with,biolink:MolecularMixture,144
biolink:NucleicAcidEntity,biolink:gene_associated_with_condition,biolink:Disease,144
biolink:Publication,biolink:related_to,biolink:Protein,144
biolink:ComplexMolecularMixture,biolink:coexists_with,biolink:SmallMolecule,144
biolink:Gene,biolink:close_match,biolink:Protein,144
biolink:GenomicEntity,biolink:produces,biolink:SmallMolecule,144
biolink:AnatomicalEntity,biolink:overlaps,biolink:CellularComponent,144
biolink:Device,biolink:related_to,biolink:Gene,143
biolink:ChemicalEntity,biolink:related_to,biolink:Activity,143
biolink:Food,biolink:affects,biolink:MolecularActivity,143
biolink:MolecularActivity,biolink:located_in,biolink:ChemicalEntity,143
biolink:Polypeptide,biolink:related_to,biolink:Procedure,143
biolink:ClinicalAttribute,biolink:causes,biolink:Disease,143
biolink:MolecularActivity,biolink:related_to,biolink:Pathway,143
biolink:MolecularMixture,biolink:close_match,biolink:Procedure,142
biolink:NucleicAcidEntity,biolink:subclass_of,biolink:NucleicAcidEntity,142
biolink:Polypeptide,biolink:interacts_with,biolink:MolecularMixture,142
biolink:Device,biolink:affects,biolink:Cell,142
biolink:Drug,biolink:disrupts,biolink:Procedure,142
biolink:ComplexMolecularMixture,biolink:affects,biolink:SmallMolecule,142
biolink:SmallMolecule,biolink:has_participant,biolink:BiologicalProcess,141
biolink:CellularComponent,biolink:associated_with,biolink:PhenotypicFeature,141
biolink:SmallMolecule,biolink:affects,biolink:IndividualOrganism,141
biolink:Protein,biolink:coexists_with,biolink:AnatomicalEntity,141
biolink:NamedThing,biolink:close_match,biolink:GrossAnatomicalStructure,141
biolink:Disease,biolink:causes,biolink:ClinicalAttribute,141
biolink:SmallMolecule,biolink:preventative_for_condition,biolink:OrganismTaxon,141
biolink:InformationContentEntity,biolink:related_to,biolink:IndividualOrganism,141
biolink:Polypeptide,biolink:coexists_with,biolink:NucleicAcidEntity,141
biolink:InformationContentEntity,biolink:related_to,biolink:PhysicalEntity,140
biolink:PhenotypicFeature,biolink:associated_with,biolink:GenomicEntity,140
biolink:PhenotypicFeature,biolink:interacts_with,biolink:Drug,140
biolink:Protein,biolink:has_part,biolink:CellularComponent,140
biolink:IndividualOrganism,biolink:related_to,biolink:InformationContentEntity,140
biolink:AnatomicalEntity,biolink:affects,biolink:Protein,140
biolink:Protein,biolink:subclass_of,biolink:ClinicalAttribute,140
biolink:SmallMolecule,biolink:subclass_of,biolink:Food,140
biolink:ClinicalAttribute,biolink:related_to,biolink:Activity,140
biolink:Procedure,biolink:manifestation_of,biolink:Disease,139
biolink:SmallMolecule,biolink:causes,biolink:PhysiologicalProcess,139
biolink:Device,biolink:affects,biolink:AnatomicalEntity,139
biolink:BiologicalProcess,biolink:coexists_with,biolink:Procedure,139
biolink:CellularComponent,biolink:develops_from,biolink:AnatomicalEntity,139
biolink:PhenotypicFeature,biolink:coexists_with,biolink:Behavior,139
biolink:Pathway,biolink:in_taxon,biolink:OrganismTaxon,139
biolink:PhenotypicFeature,biolink:related_to,biolink:Device,139
biolink:ChemicalEntity,biolink:has_input,biolink:SmallMolecule,139
biolink:Device,biolink:treats_or_applied_or_studied_to_treat,biolink:DiseaseOrPhenotypicFeature,138
biolink:Activity,biolink:related_to,biolink:IndividualOrganism,138
biolink:InformationContentEntity,biolink:subclass_of,biolink:OrganismTaxon,138
biolink:AnatomicalEntity,biolink:occurs_in,biolink:PopulationOfIndividualOrganisms,138
biolink:ComplexMolecularMixture,biolink:causes,biolink:BiologicalProcess,138
biolink:Gene,biolink:related_to,biolink:GenomicEntity,138
biolink:Procedure,biolink:related_to,biolink:ChemicalMixture,138
biolink:InformationContentEntity,biolink:related_to,biolink:GrossAnatomicalStructure,138
biolink:Polypeptide,biolink:disrupts,biolink:Phenomenon,138
biolink:GrossAnatomicalStructure,biolink:produces,biolink:Polypeptide,138
biolink:NucleicAcidEntity,biolink:coexists_with,biolink:CellularComponent,138
biolink:MolecularActivity,biolink:has_participant,biolink:MolecularMixture,138
biolink:Protein,biolink:derives_from,biolink:MolecularMixture,138
biolink:SmallMolecule,biolink:treats_or_applied_or_studied_to_treat,biolink:Procedure,138
biolink:GenomicEntity,biolink:produces,biolink:Drug,137
biolink:Cell,biolink:overlaps,biolink:CellularComponent,137
biolink:Gene,biolink:contributes_to,biolink:MolecularActivity,137
biolink:Drug,biolink:affects,biolink:IndividualOrganism,137
biolink:Phenomenon,biolink:subclass_of,biolink:PhenotypicFeature,136
biolink:ChemicalEntity,biolink:interacts_with,biolink:PhysicalEntity,136
biolink:Procedure,biolink:occurs_in,biolink:Gene,136
biolink:NucleicAcidEntity,biolink:coexists_with,biolink:Disease,136
biolink:Procedure,biolink:precedes,biolink:Device,135
biolink:GrossAnatomicalStructure,biolink:related_to,biolink:InformationContentEntity,135
biolink:InformationContentEntity,biolink:located_in,biolink:OrganismTaxon,135
biolink:CellularComponent,biolink:has_part,biolink:Cell,135
biolink:Cell,biolink:has_plasma_membrane_part,biolink:CellularComponent,135
biolink:InformationContentEntity,biolink:has_input,biolink:InformationContentEntity,134
biolink:PhenotypicFeature,biolink:coexists_with,biolink:NamedThing,134
biolink:PhenotypicFeature,biolink:related_to,biolink:PopulationOfIndividualOrganisms,134
biolink:InformationContentEntity,biolink:coexists_with,biolink:Procedure,134
biolink:SmallMolecule,biolink:treats_or_applied_or_studied_to_treat,biolink:DiseaseOrPhenotypicFeature,134
biolink:GeneFamily,biolink:subclass_of,biolink:GeneFamily,134
biolink:ChemicalEntity,biolink:physically_interacts_with,biolink:MolecularEntity,134
biolink:Disease,biolink:precedes,biolink:MolecularActivity,134
biolink:InformationContentEntity,biolink:interacts_with,biolink:Drug,133
biolink:NamedThing,biolink:close_match,biolink:Activity,133
biolink:Procedure,biolink:affects,biolink:AnatomicalEntity,133
biolink:PhysicalEntity,biolink:located_in,biolink:OrganismTaxon,133
biolink:BiologicalProcess,biolink:associated_with,biolink:MolecularActivity,133
biolink:PopulationOfIndividualOrganisms,biolink:related_to,biolink:PhenotypicFeature,133
biolink:Device,biolink:disrupts,biolink:BiologicalProcess,133
biolink:ChemicalEntity,biolink:subclass_of,biolink:PhysicalEntity,133
biolink:Food,biolink:affects,biolink:PhysiologicalProcess,132
biolink:ChemicalExposure,biolink:interacts_with,biolink:Protein,132
biolink:Protein,biolink:interacts_with,biolink:ChemicalExposure,132
biolink:NamedThing,biolink:treats_or_applied_or_studied_to_treat,biolink:PhenotypicFeature,132
biolink:PhenotypicFeature,biolink:treats_or_applied_or_studied_to_treat,biolink:OrganismTaxon,132
biolink:DiseaseOrPhenotypicFeature,biolink:manifestation_of,biolink:Disease,132
biolink:ChemicalEntity,biolink:located_in,biolink:Disease,132
biolink:Protein,biolink:decreases_response_to,biolink:ChemicalEntity,132
biolink:MolecularActivity,biolink:treats_or_applied_or_studied_to_treat,biolink:PhenotypicFeature,132
biolink:ComplexMolecularMixture,biolink:disrupts,biolink:BiologicalProcess,132
biolink:Phenomenon,biolink:related_to,biolink:Activity,132
biolink:AnatomicalEntity,biolink:treats_or_applied_or_studied_to_treat,biolink:PhenotypicFeature,131
biolink:Drug,biolink:affected_by,biolink:Gene,131
biolink:Polypeptide,biolink:located_in,biolink:CellularComponent,131
biolink:NamedThing,biolink:affects,biolink:BiologicalProcess,131
biolink:Publication,biolink:interacts_with,biolink:Protein,131
biolink:Device,biolink:close_match,biolink:SmallMolecule,131
biolink:Cell,biolink:subclass_of,biolink:GrossAnatomicalStructure,131
biolink:CellularComponent,biolink:produces,biolink:Polypeptide,131
biolink:IndividualOrganism,biolink:related_to,biolink:Activity,131
biolink:BiologicalProcess,biolink:affects,biolink:GenomicEntity,131
biolink:Protein,biolink:increases_response_to,biolink:ChemicalEntity,131
biolink:Food,biolink:located_in,biolink:Cohort,131
biolink:AnatomicalEntity,biolink:subclass_of,biolink:LifeStage,131
biolink:Gene,biolink:affected_by,biolink:Drug,131
biolink:Publication,biolink:causes,biolink:Disease,130
biolink:OrganismTaxon,biolink:causes,biolink:BiologicalEntity,130
biolink:Polypeptide,biolink:disrupts,biolink:CellularComponent,130
biolink:OrganismTaxon,biolink:close_match,biolink:Food,130
biolink:AnatomicalEntity,biolink:related_to,biolink:SmallMolecule,129
biolink:BiologicalProcess,biolink:has_participant,biolink:MolecularEntity,129
biolink:NucleicAcidEntity,biolink:coexists_with,biolink:GenomicEntity,129
biolink:Procedure,biolink:located_in,biolink:Activity,129
biolink:SmallMolecule,biolink:coexists_with,biolink:PhenotypicFeature,129
biolink:InformationContentEntity,biolink:precedes,biolink:Disease,129
biolink:NamedThing,biolink:has_part,biolink:NamedThing,129
biolink:Activity,biolink:subclass_of,biolink:IndividualOrganism,129
biolink:MolecularMixture,biolink:chemically_similar_to,biolink:SmallMolecule,129
biolink:AnatomicalEntity,biolink:located_in,biolink:OrganismTaxon,129
biolink:Activity,biolink:coexists_with,biolink:PhenotypicFeature,128
biolink:SmallMolecule,biolink:contraindicated_in,biolink:NamedThing,128
biolink:MolecularMixture,biolink:derives_from,biolink:Protein,128
biolink:ChemicalEntity,biolink:treats,biolink:Disease,128
biolink:BiologicalProcess,biolink:close_match,biolink:Disease,128
biolink:OrganismTaxon,biolink:has_part,biolink:Food,128
biolink:Activity,biolink:affects,biolink:OrganismTaxon,128
biolink:CellularComponent,biolink:located_in,biolink:OrganismTaxon,128
biolink:Activity,biolink:affects,biolink:Behavior,128
biolink:AnatomicalEntity,biolink:interacts_with,biolink:ChemicalEntity,127
biolink:Behavior,biolink:related_to,biolink:PopulationOfIndividualOrganisms,127
biolink:Food,biolink:subclass_of,biolink:InformationContentEntity,127
biolink:Disease,biolink:predisposes_to_condition,biolink:BiologicalProcess,127
biolink:PhenotypicFeature,biolink:interacts_with,biolink:InformationContentEntity,127
biolink:ChemicalEntity,biolink:has_adverse_event,biolink:Disease,127
biolink:NamedThing,biolink:contraindicated_in,biolink:SmallMolecule,127
biolink:Disease,biolink:coexists_with,biolink:Event,127
biolink:PopulationOfIndividualOrganisms,biolink:related_to,biolink:Behavior,127
biolink:SmallMolecule,biolink:treats_or_applied_or_studied_to_treat,biolink:NamedThing,127
biolink:Procedure,biolink:disrupts,biolink:GrossAnatomicalStructure,126
biolink:MolecularMixture,biolink:same_as,biolink:SmallMolecule,126
biolink:Drug,biolink:contraindicated_in,biolink:AnatomicalEntity,126
biolink:Procedure,biolink:has_input,biolink:PhenotypicFeature,126
biolink:BiologicalProcess,biolink:precedes,biolink:Activity,126
biolink:InformationContentEntity,biolink:affects,biolink:GrossAnatomicalStructure,126
biolink:Drug,biolink:interacts_with,biolink:BiologicalProcess,126
biolink:PopulationOfIndividualOrganisms,biolink:interacts_with,biolink:PopulationOfIndividualOrganisms,126
biolink:Protein,biolink:preventative_for_condition,biolink:InformationContentEntity,126
biolink:Activity,biolink:produces,biolink:Protein,126
biolink:BiologicalProcess,biolink:interacts_with,biolink:Drug,126
biolink:Procedure,biolink:preventative_for_condition,biolink:InformationContentEntity,126
biolink:MolecularMixture,biolink:related_to,biolink:MolecularActivity,126
biolink:Polypeptide,biolink:predisposes_to_condition,biolink:PhenotypicFeature,125
biolink:Cell,biolink:has_part,biolink:Disease,125
biolink:PhenotypicFeature,biolink:coexists_with,biolink:PopulationOfIndividualOrganisms,125
biolink:Food,biolink:preventative_for_condition,biolink:Disease,125
biolink:Gene,biolink:associated_with,biolink:NamedThing,125
biolink:Procedure,biolink:affects,biolink:PopulationOfIndividualOrganisms,125
biolink:SmallMolecule,biolink:related_to,biolink:Food,125
biolink:Polypeptide,biolink:disrupts,biolink:AnatomicalEntity,125
biolink:MolecularActivity,biolink:has_input,biolink:Gene,125
biolink:Behavior,biolink:related_to,biolink:Cohort,124
biolink:NucleicAcidEntity,biolink:causes,biolink:PhysiologicalProcess,124
biolink:BiologicalEntity,biolink:affects,biolink:OrganismTaxon,124
biolink:Food,biolink:affects,biolink:GrossAnatomicalStructure,124
biolink:SmallMolecule,biolink:interacts_with,biolink:AnatomicalEntity,124
biolink:Activity,biolink:affects,biolink:PopulationOfIndividualOrganisms,124
biolink:AnatomicalEntity,biolink:subclass_of,biolink:Disease,124
biolink:PhenotypicFeature,biolink:positively_correlated_with,biolink:Disease,124
biolink:MolecularActivity,biolink:has_input,biolink:MolecularMixture,124
biolink:Phenomenon,biolink:predisposes_to_condition,biolink:Disease,124
biolink:Phenomenon,biolink:affects,biolink:AnatomicalEntity,124
biolink:Phenomenon,biolink:has_input,biolink:Device,124
biolink:CellularComponent,biolink:develops_from,biolink:Cell,123
biolink:SmallMolecule,biolink:affects,biolink:ComplexMolecularMixture,123
biolink:Protein,biolink:located_in,biolink:Drug,123
biolink:PopulationOfIndividualOrganisms,biolink:has_part,biolink:MolecularMixture,123
biolink:Drug,biolink:physically_interacts_with,biolink:ChemicalEntity,123
biolink:Cohort,biolink:related_to,biolink:Behavior,123
biolink:Polypeptide,biolink:treats_or_applied_or_studied_to_treat,biolink:Disease,123
biolink:Polypeptide,biolink:affects,biolink:Behavior,123
biolink:Polypeptide,biolink:treats_or_applied_or_studied_to_treat,biolink:Cohort,123
biolink:CellularComponent,biolink:affects,biolink:Protein,123
biolink:Procedure,biolink:close_match,biolink:SmallMolecule,123
biolink:BiologicalProcess,biolink:related_to,biolink:SmallMolecule,123
biolink:PhysiologicalProcess,biolink:occurs_in,biolink:NucleicAcidEntity,122
biolink:Protein,biolink:interacts_with,biolink:InformationContentEntity,122
biolink:InformationContentEntity,biolink:has_part,biolink:Cell,122
biolink:Drug,biolink:affects,biolink:Food,122
biolink:IndividualOrganism,biolink:related_to,biolink:IndividualOrganism,122
biolink:Disease,biolink:causes,biolink:Phenomenon,122
biolink:SmallMolecule,biolink:related_to,biolink:ComplexMolecularMixture,122
biolink:SmallMolecule,biolink:disrupts,biolink:Procedure,122
biolink:AnatomicalEntity,biolink:interacts_with,biolink:Protein,122
biolink:MolecularActivity,biolink:affects,biolink:Cohort,122
biolink:Drug,biolink:related_to,biolink:AnatomicalEntity,122
biolink:GrossAnatomicalStructure,biolink:associated_with,biolink:Disease,121
biolink:NamedThing,biolink:associated_with,biolink:Gene,121
biolink:Cell,biolink:has_decreased_amount,biolink:Protein,121
biolink:ChemicalMixture,biolink:related_to,biolink:Protein,121
biolink:Disease,biolink:occurs_in,biolink:Activity,121
biolink:PhenotypicFeature,biolink:located_in,biolink:NucleicAcidEntity,121
biolink:Device,biolink:interacts_with,biolink:Gene,121
biolink:Behavior,biolink:treats_or_applied_or_studied_to_treat,biolink:PopulationOfIndividualOrganisms,121
biolink:Disease,biolink:has_part,biolink:MolecularMixture,121
biolink:Food,biolink:subclass_of,biolink:OrganismTaxon,121
biolink:Activity,biolink:subclass_of,biolink:NamedThing,120
biolink:PhysicalEntity,biolink:has_input,biolink:Publication,120
biolink:ClinicalAttribute,biolink:related_to,biolink:SmallMolecule,120
biolink:Cohort,biolink:has_input,biolink:Activity,120
biolink:Pathway,biolink:close_match,biolink:PhysiologicalProcess,120
biolink:PopulationOfIndividualOrganisms,biolink:subclass_of,biolink:OrganismTaxon,120
biolink:Activity,biolink:coexists_with,biolink:Drug,120
biolink:PhenotypicFeature,biolink:precedes,biolink:Procedure,120
biolink:AnatomicalEntity,biolink:related_to,biolink:Protein,120
biolink:Device,biolink:predisposes_to_condition,biolink:Disease,120
biolink:Disease,biolink:related_to,biolink:ClinicalAttribute,120
biolink:GrossAnatomicalStructure,biolink:temporally_related_to,biolink:AnatomicalEntity,120
biolink:MolecularActivity,biolink:affects,biolink:InformationContentEntity,120
biolink:Drug,biolink:chemically_similar_to,biolink:ChemicalEntity,120
biolink:OrganismTaxon,biolink:subclass_of,biolink:PopulationOfIndividualOrganisms,120
biolink:Agent,biolink:has_input,biolink:InformationContentEntity,119
biolink:ChemicalEntity,biolink:exacerbates_condition,biolink:PhenotypicFeature,119
biolink:PhenotypicFeature,biolink:predisposes_to_condition,biolink:Behavior,119
biolink:Device,biolink:located_in,biolink:CellularComponent,119
biolink:ChemicalEntity,biolink:coexists_with,biolink:AnatomicalEntity,119
biolink:Drug,biolink:subclass_of,biolink:BiologicalProcess,119
biolink:Device,biolink:located_in,biolink:Cohort,118
biolink:MolecularActivity,biolink:superclass_of,biolink:NamedThing,118
biolink:SmallMolecule,biolink:subclass_of,biolink:Disease,118
biolink:Protein,biolink:related_to,biolink:AnatomicalEntity,118
biolink:Cell,biolink:interacts_with,biolink:NucleicAcidEntity,118
biolink:Cell,biolink:has_increased_amount,biolink:Protein,118
biolink:Drug,biolink:interacts_with,biolink:PhenotypicFeature,118
biolink:Activity,biolink:related_to,biolink:GenomicEntity,118
biolink:NamedThing,biolink:superclass_of,biolink:MolecularActivity,118
biolink:ChemicalEntity,biolink:causes,biolink:PhysiologicalProcess,118
biolink:Gene,biolink:derives_from,biolink:ChemicalEntity,118
biolink:Cell,biolink:lacks_part,biolink:CellularComponent,118
biolink:ComplexMolecularMixture,biolink:preventative_for_condition,biolink:OrganismTaxon,118
biolink:ChemicalEntity,biolink:related_to,biolink:AnatomicalEntity,117
biolink:GenomicEntity,biolink:disrupts,biolink:Phenomenon,117
biolink:Activity,biolink:related_to,biolink:Polypeptide,117
biolink:Gene,biolink:derives_from,biolink:Gene,117
biolink:MolecularActivity,biolink:treats_or_applied_or_studied_to_treat,biolink:OrganismTaxon,117
biolink:SmallMolecule,biolink:causes,biolink:Procedure,117
biolink:Gene,biolink:directly_physically_interacts_with,biolink:SmallMolecule,117
biolink:PhysicalEntity,biolink:in_taxon,biolink:OrganismTaxon,117
biolink:Cell,biolink:produces,biolink:NucleicAcidEntity,117
biolink:InformationContentEntity,biolink:located_in,biolink:InformationContentEntity,116
biolink:IndividualOrganism,biolink:subclass_of,biolink:Publication,116
biolink:Cell,biolink:affects,biolink:InformationContentEntity,116
biolink:SmallMolecule,biolink:treats_or_applied_or_studied_to_treat,biolink:ClinicalAttribute,116
biolink:AnatomicalEntity,biolink:associated_with,biolink:DiseaseOrPhenotypicFeature,116
biolink:CellularComponent,biolink:produces,biolink:MolecularMixture,115
biolink:CellularComponent,biolink:subclass_of,biolink:Protein,115
biolink:BiologicalEntity,biolink:affects,biolink:PhenotypicFeature,115
biolink:SmallMolecule,biolink:coexists_with,biolink:AnatomicalEntity,115
biolink:Agent,biolink:has_part,biolink:Disease,115
biolink:PhenotypicFeature,biolink:predisposes_to_condition,biolink:ClinicalAttribute,115
biolink:BiologicalEntity,biolink:coexists_with,biolink:PhenotypicFeature,115
biolink:Drug,biolink:coexists_with,biolink:AnatomicalEntity,114
biolink:SmallMolecule,biolink:related_to,biolink:ClinicalAttribute,114
biolink:Polypeptide,biolink:subclass_of,biolink:SmallMolecule,114
biolink:ChemicalEntity,biolink:causes,biolink:Activity,114
biolink:ChemicalEntity,biolink:produces,biolink:AnatomicalEntity,114
biolink:InformationContentEntity,biolink:manifestation_of,biolink:Disease,114
biolink:PhenotypicFeature,biolink:interacts_with,biolink:ChemicalEntity,114
biolink:Drug,biolink:superclass_of,biolink:ChemicalEntity,114
biolink:NucleicAcidEntity,biolink:related_to,biolink:SmallMolecule,114
biolink:InformationContentEntity,biolink:related_to,biolink:Agent,114
biolink:Protein,biolink:related_to,biolink:Food,114
biolink:ChemicalEntity,biolink:superclass_of,biolink:Drug,114
biolink:GenomicEntity,biolink:related_to,biolink:SmallMolecule,114
biolink:SmallMolecule,biolink:affects,biolink:NamedThing,114
biolink:Protein,biolink:associated_with,biolink:Procedure,114
biolink:ChemicalEntity,biolink:treats_or_applied_or_studied_to_treat,biolink:Procedure,113
biolink:SmallMolecule,biolink:produces,biolink:Gene,113
biolink:GenomicEntity,biolink:affects,biolink:DiseaseOrPhenotypicFeature,113
biolink:Procedure,biolink:close_match,biolink:Device,113
biolink:PhysiologicalProcess,biolink:subclass_of,biolink:MolecularActivity,113
biolink:ChemicalEntity,biolink:coexists_with,biolink:PhenotypicFeature,113
biolink:Publication,biolink:affects,biolink:PhenotypicFeature,113
biolink:Phenomenon,biolink:related_to,biolink:Behavior,113
biolink:Cell,biolink:subclass_of,biolink:InformationContentEntity,113
biolink:Agent,biolink:related_to,biolink:InformationContentEntity,113
biolink:SmallMolecule,biolink:exacerbates_condition,biolink:PhenotypicFeature,113
biolink:ClinicalAttribute,biolink:related_to,biolink:BiologicalProcess,113
biolink:PhysicalEntity,biolink:related_to,biolink:SmallMolecule,113
biolink:PhysicalEntity,biolink:related_to,biolink:InformationContentEntity,113
biolink:Cell,biolink:has_part,biolink:OrganismTaxon,113
biolink:InformationContentEntity,biolink:related_to,biolink:MolecularActivity,113
biolink:OrganismTaxon,biolink:affects,biolink:Protein,113
biolink:MolecularMixture,biolink:treats_or_applied_or_studied_to_treat,biolink:Agent,112
biolink:PhenotypicFeature,biolink:causes,biolink:InformationContentEntity,112
biolink:Behavior,biolink:related_to,biolink:Phenomenon,112
biolink:Phenomenon,biolink:located_in,biolink:OrganismTaxon,112
biolink:ClinicalAttribute,biolink:subclass_of,biolink:BiologicalProcess,112
biolink:Behavior,biolink:subclass_of,biolink:Disease,112
biolink:BiologicalProcess,biolink:regulates,biolink:Phenomenon,112
biolink:GrossAnatomicalStructure,biolink:has_part,biolink:ComplexMolecularMixture,112
biolink:OrganismTaxon,biolink:affects,biolink:Disease,111
biolink:Procedure,biolink:subclass_of,biolink:Disease,111
biolink:Activity,biolink:related_to,biolink:PopulationOfIndividualOrganisms,111
biolink:SmallMolecule,biolink:related_to,biolink:GenomicEntity,111
biolink:Drug,biolink:subclass_of,biolink:Activity,111
biolink:BiologicalProcess,biolink:has_part,biolink:Phenomenon,111
biolink:InformationContentEntity,biolink:has_input,biolink:PhysicalEntity,111
biolink:MolecularActivity,biolink:related_to,biolink:SmallMolecule,110
biolink:GenomicEntity,biolink:disrupts,biolink:GrossAnatomicalStructure,110
biolink:Disease,biolink:coexists_with,biolink:Cohort,110
biolink:Activity,biolink:associated_with,biolink:PhenotypicFeature,110
biolink:InformationContentEntity,biolink:subclass_of,biolink:NamedThing,110
biolink:MolecularMixture,biolink:close_match,biolink:Device,110
biolink:CellularComponent,biolink:coexists_with,biolink:Gene,110
biolink:Disease,biolink:precedes,biolink:BiologicalEntity,110
biolink:Drug,biolink:physically_interacts_with,biolink:SmallMolecule,110
biolink:SmallMolecule,biolink:chemically_similar_to,biolink:MolecularMixture,109
biolink:MolecularActivity,biolink:subclass_of,biolink:Pathway,109
biolink:Disease,biolink:subclass_of,biolink:PopulationOfIndividualOrganisms,109
biolink:AnatomicalEntity,biolink:coexists_with,biolink:PhenotypicFeature,109
biolink:Agent,biolink:subclass_of,biolink:InformationContentEntity,109
biolink:ClinicalAttribute,biolink:subclass_of,biolink:InformationContentEntity,108
biolink:Behavior,biolink:associated_with,biolink:Disease,108
biolink:Procedure,biolink:has_input,biolink:MolecularActivity,108
biolink:NamedThing,biolink:has_part,biolink:AnatomicalEntity,108
biolink:Device,biolink:close_match,biolink:Drug,108
biolink:Phenomenon,biolink:located_in,biolink:Protein,108
biolink:Food,biolink:located_in,biolink:PopulationOfIndividualOrganisms,108
biolink:Drug,biolink:coexists_with,biolink:MolecularActivity,108
biolink:Phenomenon,biolink:related_to,biolink:Drug,108
biolink:PhenotypicFeature,biolink:disrupts,biolink:AnatomicalEntity,107
biolink:ComplexMolecularMixture,biolink:affects,biolink:GrossAnatomicalStructure,107
biolink:MolecularActivity,biolink:produces,biolink:ChemicalEntity,107
biolink:Gene,biolink:related_to,biolink:Disease,107
biolink:Disease,biolink:has_input,biolink:Disease,107
biolink:Device,biolink:affects,biolink:MolecularActivity,107
biolink:Publication,biolink:has_input,biolink:ChemicalEntity,107
biolink:BiologicalProcess,biolink:located_in,biolink:MolecularMixture,107
biolink:Gene,biolink:causes,biolink:InformationContentEntity,107
biolink:NamedThing,biolink:affects,biolink:OrganismTaxon,107
biolink:Drug,biolink:causes,biolink:NamedThing,107
biolink:Phenomenon,biolink:occurs_in,biolink:Human,107
biolink:NamedThing,biolink:associated_with,biolink:Disease,107
biolink:ClinicalAttribute,biolink:diagnoses,biolink:PhenotypicFeature,107
biolink:Procedure,biolink:subclass_of,biolink:ChemicalEntity,107
biolink:ComplexMolecularMixture,biolink:located_in,biolink:Cell,107
biolink:GenomicEntity,biolink:affects,biolink:PhysiologicalProcess,107
biolink:Drug,biolink:subclass_of,biolink:BiologicalEntity,106
biolink:Device,biolink:related_to,biolink:Disease,106
biolink:MolecularActivity,biolink:coexists_with,biolink:PhysiologicalProcess,106
biolink:PhenotypicFeature,biolink:subclass_of,biolink:Cohort,106
biolink:PhysicalEntity,biolink:affects,biolink:BiologicalProcess,106
biolink:MolecularMixture,biolink:interacts_with,biolink:Polypeptide,106
biolink:ChemicalEntity,biolink:superclass_of,biolink:ChemicalEntity,106
biolink:NamedThing,biolink:has_phenotype,biolink:PhysiologicalProcess,106
biolink:PopulationOfIndividualOrganisms,biolink:produces,biolink:InformationContentEntity,106
biolink:MolecularMixture,biolink:contraindicated_in,biolink:PhenotypicFeature,106
biolink:AnatomicalEntity,biolink:related_to,biolink:Activity,106
biolink:ClinicalAttribute,biolink:subclass_of,biolink:PhenotypicFeature,106
biolink:PopulationOfIndividualOrganisms,biolink:related_to,biolink:Activity,106
biolink:PhysicalEntity,biolink:has_input,biolink:Protein,106
biolink:PhysiologicalProcess,biolink:has_phenotype,biolink:NamedThing,106
biolink:PopulationOfIndividualOrganisms,biolink:treats_or_applied_or_studied_to_treat,biolink:Cohort,106
biolink:MolecularMixture,biolink:related_to,biolink:ChemicalMixture,105
biolink:DiseaseOrPhenotypicFeature,biolink:subclass_of,biolink:PhenotypicFeature,105
biolink:Gene,biolink:related_to,biolink:NamedThing,105
biolink:Food,biolink:located_in,biolink:Cell,105
biolink:SmallMolecule,biolink:has_input,biolink:ChemicalEntity,105
biolink:NucleicAcidEntity,biolink:disrupts,biolink:Phenomenon,105
biolink:Procedure,biolink:related_to,biolink:Food,105
biolink:Disease,biolink:has_participant,biolink:Gene,105
biolink:BiologicalProcess,biolink:precedes,biolink:InformationContentEntity,104
biolink:Cohort,biolink:related_to,biolink:Procedure,104
biolink:Drug,biolink:diagnoses,biolink:Disease,104
biolink:PhenotypicFeature,biolink:affects,biolink:Agent,104
biolink:Gene,biolink:gene_associated_with_condition,biolink:BiologicalProcess,104
biolink:NucleicAcidEntity,biolink:has_part,biolink:Drug,104
biolink:Activity,biolink:affects,biolink:ClinicalAttribute,104
biolink:Polypeptide,biolink:coexists_with,biolink:Polypeptide,104
biolink:BiologicalProcess,biolink:regulates,biolink:NamedThing,104
biolink:Disease,biolink:disease_has_location,biolink:Cell,104
biolink:Disease,biolink:has_phenotype,biolink:AnatomicalEntity,104
biolink:AnatomicalEntity,biolink:produces,biolink:MolecularMixture,104
biolink:PhysiologicalProcess,biolink:affects,biolink:InformationContentEntity,104
biolink:ComplexMolecularMixture,biolink:associated_with,biolink:PhenotypicFeature,104
biolink:Activity,biolink:subclass_of,biolink:Event,104
biolink:PopulationOfIndividualOrganisms,biolink:has_input,biolink:Publication,104
biolink:Activity,biolink:subclass_of,biolink:Device,104
biolink:Procedure,biolink:related_to,biolink:Cohort,104
biolink:ChemicalEntity,biolink:causes,biolink:NamedThing,104
biolink:SmallMolecule,biolink:causes,biolink:NamedThing,103
biolink:ChemicalMixture,biolink:located_in,biolink:OrganismTaxon,103
biolink:SmallMolecule,biolink:related_to,biolink:Activity,103
biolink:PhysicalEntity,biolink:related_to,biolink:Publication,103
biolink:NamedThing,biolink:has_participant,biolink:AnatomicalEntity,103
biolink:CellularComponent,biolink:affects,biolink:InformationContentEntity,103
biolink:Disease,biolink:related_to,biolink:Device,102
biolink:ChemicalEntity,biolink:derives_from,biolink:NucleicAcidEntity,102
biolink:Human,biolink:has_part,biolink:NucleicAcidEntity,102
biolink:Protein,biolink:causes,biolink:Behavior,102
biolink:ChemicalEntity,biolink:physically_interacts_with,biolink:ChemicalEntity,102
biolink:Drug,biolink:related_to,biolink:Cohort,102
biolink:PhenotypicFeature,biolink:affects,biolink:DiseaseOrPhenotypicFeature,102
biolink:Behavior,biolink:affects,biolink:Phenomenon,102
biolink:PhysiologicalProcess,biolink:predisposes_to_condition,biolink:Disease,102
biolink:PhenotypicFeature,biolink:coexists_with,biolink:ChemicalEntity,102
biolink:Gene,biolink:treats_or_applied_or_studied_to_treat,biolink:Cohort,102
biolink:MolecularActivity,biolink:associated_with,biolink:PhysiologicalProcess,102
biolink:MolecularActivity,biolink:produces,biolink:SmallMolecule,101
biolink:Gene,biolink:interacts_with,biolink:Device,101
biolink:AnatomicalEntity,biolink:predisposes_to_condition,biolink:Disease,101
biolink:ClinicalAttribute,biolink:related_to,biolink:ChemicalEntity,101
biolink:BiologicalProcess,biolink:located_in,biolink:NucleicAcidEntity,101
biolink:PhysicalEntity,biolink:related_to,biolink:PhenotypicFeature,101
biolink:InformationContentEntity,biolink:affects,biolink:AnatomicalEntity,101
biolink:ComplexMolecularMixture,biolink:disrupts,biolink:Disease,101
biolink:AnatomicalEntity,biolink:coexists_with,biolink:Protein,101
biolink:NucleicAcidEntity,biolink:close_match,biolink:ChemicalEntity,100
biolink:Disease,biolink:contraindicated_in,biolink:MolecularMixture,100
biolink:Drug,biolink:coexists_with,biolink:InformationContentEntity,100
biolink:MolecularMixture,biolink:disrupts,biolink:InformationContentEntity,100
biolink:Protein,biolink:coexists_with,biolink:InformationContentEntity,100
biolink:ChemicalMixture,biolink:preventative_for_condition,biolink:Disease,100
biolink:Human,biolink:has_part,biolink:PhenotypicFeature,100
biolink:ChemicalEntity,biolink:related_to,biolink:ClinicalAttribute,100
biolink:AnatomicalEntity,biolink:interacts_with,biolink:Drug,100
biolink:ChemicalEntity,biolink:affects,biolink:NamedThing,100
biolink:Device,biolink:affects,biolink:InformationContentEntity,100
biolink:Gene,biolink:has_part,biolink:CellularComponent,100
biolink:BiologicalProcess,biolink:temporally_related_to,biolink:MolecularActivity,100
biolink:Food,biolink:treats_or_applied_or_studied_to_treat,biolink:Cohort,100
biolink:ClinicalAttribute,biolink:interacts_with,biolink:Disease,99
biolink:SmallMolecule,biolink:subclass_of,biolink:ComplexMolecularMixture,99
biolink:Publication,biolink:related_to,biolink:AnatomicalEntity,99
biolink:BiologicalProcess,biolink:temporally_related_to,biolink:BiologicalProcess,99
biolink:PhenotypicFeature,biolink:has_input,biolink:ChemicalEntity,99
biolink:BiologicalProcess,biolink:affects,biolink:NamedThing,99
biolink:Activity,biolink:has_input,biolink:ComplexMolecularMixture,99
biolink:Procedure,biolink:treats_or_applied_or_studied_to_treat,biolink:Publication,99
biolink:Cell,biolink:subclass_of,biolink:Drug,99
biolink:InformationContentEntity,biolink:interacts_with,biolink:ChemicalEntity,99
biolink:Procedure,biolink:has_part,biolink:Cell,99
biolink:MolecularMixture,biolink:coexists_with,biolink:NucleicAcidEntity,99
biolink:Device,biolink:disrupts,biolink:Disease,99
biolink:MolecularActivity,biolink:directly_physically_interacts_with,biolink:MolecularActivity,99
biolink:ChemicalEntity,biolink:coexists_with,biolink:CellularComponent,99
biolink:Procedure,biolink:precedes,biolink:ClinicalAttribute,99
biolink:ComplexMolecularMixture,biolink:subclass_of,biolink:Protein,99
biolink:SmallMolecule,biolink:affects,biolink:Food,99
biolink:Disease,biolink:precedes,biolink:InformationContentEntity,98
biolink:Polypeptide,biolink:treats_or_applied_or_studied_to_treat,biolink:PopulationOfIndividualOrganisms,98
biolink:PhenotypicFeature,biolink:has_input,biolink:Protein,98
biolink:ChemicalEntity,biolink:derives_from,biolink:ComplexMolecularMixture,98
biolink:Publication,biolink:related_to,biolink:PhysicalEntity,98
biolink:NucleicAcidEntity,biolink:affects,biolink:NucleicAcidEntity,98
biolink:NucleicAcidEntity,biolink:has_part,biolink:SmallMolecule,98
biolink:ChemicalEntity,biolink:causes,biolink:Procedure,98
biolink:GenomicEntity,biolink:located_in,biolink:Agent,97
biolink:Gene,biolink:has_input,biolink:Drug,97
biolink:Procedure,biolink:preventative_for_condition,biolink:BiologicalEntity,97
biolink:Procedure,biolink:subclass_of,biolink:BiologicalProcess,97
biolink:BiologicalProcess,biolink:regulates,biolink:PhysiologicalProcess,97
biolink:CellularComponent,biolink:related_to,biolink:SmallMolecule,97
biolink:BiologicalEntity,biolink:has_part,biolink:ChemicalEntity,97
biolink:Behavior,biolink:preventative_for_condition,biolink:Disease,97
biolink:Protein,biolink:acts_upstream_of_positive_effect,biolink:BiologicalProcess,97
biolink:Cell,biolink:overlaps,biolink:OrganismTaxon,97
biolink:ChemicalEntity,biolink:has_metabolite,biolink:ChemicalEntity,97
biolink:ChemicalEntity,biolink:subclass_of,biolink:Phenomenon,97
biolink:Publication,biolink:associated_with,biolink:Disease,97
biolink:NucleicAcidEntity,biolink:related_to,biolink:Gene,97
biolink:Disease,biolink:disrupts,biolink:Phenomenon,97
biolink:MolecularMixture,biolink:causes,biolink:InformationContentEntity,97
biolink:OrganismTaxon,biolink:occurs_in,biolink:PhenotypicFeature,96
biolink:Cell,biolink:has_part,biolink:ComplexMolecularMixture,96
biolink:SmallMolecule,biolink:related_to,biolink:OrganismTaxon,96
biolink:Polypeptide,biolink:derives_from,biolink:Protein,96
biolink:PhysicalEntity,biolink:diagnoses,biolink:OrganismTaxon,96
biolink:Gene,biolink:affects,biolink:Activity,96
biolink:Agent,biolink:has_part,biolink:Drug,96
biolink:ClinicalAttribute,biolink:causes,biolink:PhenotypicFeature,96
biolink:NamedThing,biolink:close_match,biolink:AnatomicalEntity,96
biolink:ChemicalMixture,biolink:affects,biolink:Disease,96
biolink:NucleicAcidEntity,biolink:derives_from,biolink:Gene,96
biolink:MolecularMixture,biolink:affects,biolink:Activity,96
biolink:Gene,biolink:subclass_of,biolink:ChemicalEntity,96
biolink:Activity,biolink:preventative_for_condition,biolink:DiseaseOrPhenotypicFeature,96
biolink:Food,biolink:treats_or_applied_or_studied_to_treat,biolink:PhenotypicFeature,95
biolink:PhenotypicFeature,biolink:subclass_of,biolink:DiseaseOrPhenotypicFeature,95
biolink:Gene,biolink:produces,biolink:MolecularMixture,95
biolink:ChemicalEntity,biolink:interacts_with,biolink:PhenotypicFeature,95
biolink:NamedThing,biolink:occurs_in,biolink:Cohort,95
biolink:Disease,biolink:has_part,biolink:NucleicAcidEntity,95
biolink:ChemicalEntity,biolink:subclass_of,biolink:NamedThing,95
biolink:Protein,biolink:causes,biolink:NamedThing,95
biolink:PhenotypicFeature,biolink:has_part,biolink:Gene,95
biolink:BiologicalEntity,biolink:affects,biolink:Phenomenon,95
biolink:PhenotypicFeature,biolink:interacts_with,biolink:SmallMolecule,95
biolink:BiologicalProcess,biolink:related_to,biolink:NamedThing,94
biolink:NucleicAcidEntity,biolink:disrupts,biolink:Cell,94
biolink:Protein,biolink:has_member,biolink:Drug,94
biolink:Food,biolink:disrupts,biolink:Disease,94
biolink:Activity,biolink:has_input,biolink:Food,94
biolink:Cohort,biolink:interacts_with,biolink:Agent,94
biolink:PhysicalEntity,biolink:affects,biolink:Phenomenon,94
biolink:MolecularActivity,biolink:coexists_with,biolink:Drug,94
biolink:Activity,biolink:related_to,biolink:GrossAnatomicalStructure,94
biolink:GenomicEntity,biolink:coexists_with,biolink:GenomicEntity,94
biolink:InformationContentEntity,biolink:produces,biolink:ChemicalEntity,94
biolink:PhysicalEntity,biolink:interacts_with,biolink:Drug,94
biolink:Cell,biolink:subclass_of,biolink:ChemicalEntity,94
biolink:PopulationOfIndividualOrganisms,biolink:predisposes_to_condition,biolink:Disease,93
biolink:Publication,biolink:subclass_of,biolink:PhysicalEntity,93
biolink:BiologicalProcess,biolink:precedes,biolink:Phenomenon,93
biolink:NamedThing,biolink:related_to,biolink:BiologicalProcess,93
biolink:MolecularActivity,biolink:interacts_with,biolink:Drug,93
biolink:Food,biolink:affects,biolink:InformationContentEntity,93
biolink:Human,biolink:has_part,biolink:GenomicEntity,92
biolink:MolecularEntity,biolink:catalyzes,biolink:MolecularActivity,92
biolink:Gene,biolink:located_in,biolink:ChemicalEntity,92
biolink:MolecularActivity,biolink:preventative_for_condition,biolink:Disease,92
biolink:NamedThing,biolink:related_to,biolink:Drug,92
biolink:ClinicalAttribute,biolink:preventative_for_condition,biolink:Disease,92
biolink:Phenomenon,biolink:related_to,biolink:Protein,92
biolink:GrossAnatomicalStructure,biolink:related_to,biolink:OrganismTaxon,92
biolink:SmallMolecule,biolink:disrupts,biolink:ClinicalAttribute,92
biolink:PhenotypicFeature,biolink:disrupts,biolink:Behavior,92
biolink:Drug,biolink:interacts_with,biolink:PhysicalEntity,92
biolink:NucleicAcidEntity,biolink:coexists_with,biolink:MolecularMixture,92
biolink:Protein,biolink:subclass_of,biolink:Device,91
biolink:PhenotypicFeature,biolink:related_to,biolink:PhysicalEntity,91
biolink:PhenotypicFeature,biolink:manifestation_of,biolink:Phenomenon,91
biolink:PhenotypicFeature,biolink:has_phenotype,biolink:PhenotypicFeature,91
biolink:Procedure,biolink:related_to,biolink:CellularComponent,91
biolink:MolecularMixture,biolink:related_to,biolink:BiologicalProcess,91
biolink:NamedThing,biolink:close_match,biolink:BiologicalEntity,91
biolink:Gene,biolink:biomarker_for,biolink:PhenotypicFeature,91
biolink:PhysiologicalProcess,biolink:associated_with,biolink:MolecularActivity,91
biolink:Protein,biolink:regulates,biolink:Pathway,91
biolink:Food,biolink:disrupts,biolink:BiologicalProcess,91
biolink:Device,biolink:treats_or_applied_or_studied_to_treat,biolink:Activity,90
biolink:Agent,biolink:interacts_with,biolink:Cohort,90
biolink:Protein,biolink:associated_with,biolink:PhysiologicalProcess,90
biolink:Device,biolink:treats_or_applied_or_studied_to_treat,biolink:ClinicalAttribute,90
biolink:InformationContentEntity,biolink:subclass_of,biolink:Disease,90
biolink:BiologicalProcess,biolink:related_to,biolink:ClinicalAttribute,90
biolink:BiologicalProcess,biolink:occurs_in,biolink:NucleicAcidEntity,90
biolink:PhysicalEntity,biolink:affects,biolink:Disease,90
biolink:Polypeptide,biolink:close_match,biolink:SmallMolecule,90
biolink:PhysiologicalProcess,biolink:affects,biolink:Cell,90
biolink:Agent,biolink:has_part,biolink:ChemicalEntity,90
biolink:Activity,biolink:has_input,biolink:PhenotypicFeature,90
biolink:NamedThing,biolink:has_phenotype,biolink:NamedThing,90
biolink:Disease,biolink:applied_to_treat,biolink:SmallMolecule,90
biolink:Phenomenon,biolink:has_participant,biolink:ChemicalEntity,89
biolink:PhenotypicFeature,biolink:coexists_with,biolink:AnatomicalEntity,89
biolink:NamedThing,biolink:has_participant,biolink:PhysicalEntity,89
biolink:Drug,biolink:close_match,biolink:OrganismTaxon,89
biolink:ChemicalEntity,biolink:related_to,biolink:Phenomenon,89
biolink:SmallMolecule,biolink:derives_from,biolink:Gene,89
biolink:MolecularMixture,biolink:treats_or_applied_or_studied_to_treat,biolink:BiologicalEntity,89
biolink:ComplexMolecularMixture,biolink:related_to,biolink:SmallMolecule,89
biolink:Publication,biolink:related_to,biolink:SmallMolecule,88
biolink:ChemicalEntity,biolink:produces,biolink:Gene,88
biolink:NamedThing,biolink:predisposes_to_condition,biolink:Disease,88
biolink:Phenomenon,biolink:occurs_in,biolink:Disease,88
biolink:ComplexMolecularMixture,biolink:subclass_of,biolink:ChemicalEntity,88
biolink:Protein,biolink:capable_of,biolink:BiologicalProcess,88
biolink:Phenomenon,biolink:affects,biolink:Protein,88
biolink:BiologicalProcess,biolink:occurs_in,biolink:Behavior,88
biolink:SmallMolecule,biolink:interacts_with,biolink:PhenotypicFeature,88
biolink:MolecularActivity,biolink:produces,biolink:Drug,88
biolink:Polypeptide,biolink:derives_from,biolink:ChemicalEntity,88
biolink:PopulationOfIndividualOrganisms,biolink:has_part,biolink:ComplexMolecularMixture,87
biolink:Phenomenon,biolink:diagnoses,biolink:PhenotypicFeature,87
biolink:Phenomenon,biolink:affects,biolink:Procedure,87
biolink:InformationContentEntity,biolink:affects,biolink:Drug,87
biolink:NamedThing,biolink:related_to,biolink:PhysicalEntity,87
biolink:Behavior,biolink:has_input,biolink:Drug,87
biolink:AnatomicalEntity,biolink:produces,biolink:Polypeptide,87
biolink:NucleicAcidEntity,biolink:disrupts,biolink:GrossAnatomicalStructure,87
biolink:Drug,biolink:subclass_of,biolink:MolecularEntity,87
biolink:BiologicalProcess,biolink:related_to,biolink:Activity,87
biolink:NucleicAcidEntity,biolink:derives_from,biolink:ChemicalEntity,87
biolink:CellularComponent,biolink:causes,biolink:BiologicalProcess,86
biolink:BiologicalProcess,biolink:regulates,biolink:Disease,86
biolink:GrossAnatomicalStructure,biolink:related_to,biolink:Activity,86
biolink:SmallMolecule,biolink:produces,biolink:MolecularMixture,86
biolink:InformationContentEntity,biolink:subclass_of,biolink:ClinicalAttribute,86
biolink:Publication,biolink:related_to,biolink:Phenomenon,86
biolink:MolecularMixture,biolink:causes,biolink:MolecularActivity,86
biolink:PhenotypicFeature,biolink:close_match,biolink:BiologicalProcess,86
biolink:MolecularActivity,biolink:related_to,biolink:Cell,86
biolink:InformationContentEntity,biolink:affects,biolink:MolecularActivity,86
biolink:Drug,biolink:same_as,biolink:ChemicalEntity,86
biolink:ChemicalEntity,biolink:treats_or_applied_or_studied_to_treat,biolink:AnatomicalEntity,86
biolink:PhysicalEntity,biolink:has_part,biolink:Device,86
biolink:Phenomenon,biolink:occurs_in,biolink:Agent,86
biolink:Polypeptide,biolink:disrupts,biolink:PhysiologicalProcess,85
biolink:CellLine,biolink:subclass_of,biolink:CellLine,85
biolink:MolecularActivity,biolink:located_in,biolink:MolecularMixture,85
biolink:PhysicalEntity,biolink:interacts_with,biolink:SmallMolecule,85
biolink:AnatomicalEntity,biolink:coexists_with,biolink:ChemicalEntity,85
biolink:MolecularActivity,biolink:disrupts,biolink:BiologicalProcess,85
biolink:Polypeptide,biolink:interacts_with,biolink:GenomicEntity,85
biolink:MolecularEntity,biolink:has_part,biolink:Drug,85
biolink:ComplexMolecularMixture,biolink:related_to,biolink:ComplexMolecularMixture,85
biolink:PhysiologicalProcess,biolink:coexists_with,biolink:MolecularActivity,85
biolink:Behavior,biolink:affects,biolink:Cohort,85
biolink:MolecularMixture,biolink:related_to,biolink:Polypeptide,85
biolink:Food,biolink:affects,biolink:AnatomicalEntity,85
biolink:ChemicalEntity,biolink:affects,biolink:MolecularEntity,85
biolink:MolecularMixture,biolink:located_in,biolink:Human,85
biolink:InformationContentEntity,biolink:has_member,biolink:Agent,85
biolink:InformationContentEntity,biolink:interacts_with,biolink:PhenotypicFeature,85
biolink:MolecularActivity,biolink:causes,biolink:PhenotypicFeature,84
biolink:OrganismTaxon,biolink:subclass_of,biolink:Drug,84
biolink:Procedure,biolink:close_match,biolink:Activity,84
biolink:Protein,biolink:affects,biolink:Cohort,84
biolink:Gene,biolink:disrupts,biolink:InformationContentEntity,84
biolink:Protein,biolink:has_part,biolink:AnatomicalEntity,84
biolink:NucleicAcidEntity,biolink:produces,biolink:ChemicalEntity,84
biolink:Drug,biolink:treats_or_applied_or_studied_to_treat,biolink:CellularComponent,84
biolink:Treatment,biolink:subclass_of,biolink:Treatment,84
biolink:Device,biolink:related_to,biolink:AnatomicalEntity,84
biolink:NamedThing,biolink:subclass_of,biolink:Activity,83
biolink:DiseaseOrPhenotypicFeature,biolink:predisposes_to_condition,biolink:BiologicalProcess,83
biolink:InformationContentEntity,biolink:subclass_of,biolink:AnatomicalEntity,83
biolink:Drug,biolink:interacts_with,biolink:InformationContentEntity,83
biolink:InformationContentEntity,biolink:occurs_in,biolink:PhenotypicFeature,83
biolink:BiologicalEntity,biolink:manifestation_of,biolink:BiologicalProcess,83
biolink:Activity,biolink:treats_or_applied_or_studied_to_treat,biolink:Procedure,83
biolink:SmallMolecule,biolink:related_to,biolink:AnatomicalEntity,83
biolink:PhenotypicFeature,biolink:causes,biolink:AnatomicalEntity,83
biolink:Behavior,biolink:affects,biolink:AnatomicalEntity,83
biolink:ChemicalMixture,biolink:has_part,biolink:MolecularMixture,83
biolink:PhysiologicalProcess,biolink:causes,biolink:BiologicalProcess,83
biolink:CellularComponent,biolink:affects,biolink:PhenotypicFeature,83
biolink:PhysiologicalProcess,biolink:located_in,biolink:MolecularMixture,83
biolink:AnatomicalEntity,biolink:affects,biolink:MolecularActivity,83
biolink:BiologicalProcess,biolink:located_in,biolink:PhenotypicFeature,83
biolink:Protein,biolink:decreases_response_to,biolink:Protein,83
biolink:InformationContentEntity,biolink:occurs_in,biolink:Agent,82
biolink:CellularComponent,biolink:has_participant,biolink:Protein,82
biolink:BiologicalProcess,biolink:subclass_of,biolink:NamedThing,82
biolink:BiologicalProcess,biolink:precedes,biolink:Disease,82
biolink:PhenotypicFeature,biolink:located_in,biolink:Disease,82
biolink:ChemicalEntity,biolink:affects,biolink:IndividualOrganism,82
biolink:Protein,biolink:applied_to_treat,biolink:Disease,82
biolink:Protein,biolink:positively_correlated_with,biolink:BiologicalProcess,82
biolink:Phenomenon,biolink:has_part,biolink:Phenomenon,82
biolink:AnatomicalEntity,biolink:composed_primarily_of,biolink:Cell,82
biolink:Gene,biolink:affects,biolink:Procedure,82
biolink:Gene,biolink:directly_physically_interacts_with,biolink:Drug,82
biolink:ChemicalEntity,biolink:treats_or_applied_or_studied_to_treat,biolink:ClinicalAttribute,82
biolink:Publication,biolink:related_to,biolink:IndividualOrganism,81
biolink:Gene,biolink:gene_associated_with_condition,biolink:InformationContentEntity,81
biolink:GenomicEntity,biolink:interacts_with,biolink:OrganismTaxon,81
biolink:PhenotypicFeature,biolink:affects,biolink:BiologicalEntity,81
biolink:PhysiologicalProcess,biolink:occurs_in,biolink:MolecularMixture,81
biolink:NamedThing,biolink:related_to,biolink:PhenotypicFeature,81
biolink:CellularComponent,biolink:overlaps,biolink:Cell,81
biolink:OrganismTaxon,biolink:interacts_with,biolink:Agent,81
biolink:PhenotypicFeature,biolink:occurs_in,biolink:Activity,81
biolink:IndividualOrganism,biolink:related_to,biolink:Publication,81
biolink:NucleicAcidEntity,biolink:preventative_for_condition,biolink:Disease,81
biolink:MolecularActivity,biolink:disrupts,biolink:MolecularActivity,81
biolink:Disease,biolink:affects,biolink:Drug,81
biolink:Disease,biolink:affects,biolink:Gene,81
biolink:ComplexMolecularMixture,biolink:preventative_for_condition,biolink:PhenotypicFeature,81
biolink:Disease,biolink:has_phenotype,biolink:DiseaseOrPhenotypicFeature,81
biolink:Gene,biolink:affects,biolink:OrganismTaxon,81
biolink:ChemicalEntity,biolink:interacts_with,biolink:Phenomenon,81
biolink:NucleicAcidEntity,biolink:produces,biolink:SmallMolecule,80
biolink:AnatomicalEntity,biolink:affects,biolink:ChemicalEntity,80
biolink:MolecularMixture,biolink:affects,biolink:GeneFamily,80
biolink:Polypeptide,biolink:interacts_with,biolink:NucleicAcidEntity,80
biolink:Agent,biolink:has_part,biolink:SmallMolecule,80
biolink:MolecularMixture,biolink:physically_interacts_with,biolink:GeneFamily,80
biolink:ClinicalAttribute,biolink:affects,biolink:Cohort,80
biolink:OrganismTaxon,biolink:related_to,biolink:BiologicalProcess,80
biolink:Cell,biolink:interacts_with,biolink:CellularComponent,80
biolink:Gene,biolink:produces,biolink:NucleicAcidEntity,80
biolink:Food,biolink:related_to,biolink:Protein,80
biolink:SmallMolecule,biolink:preventative_for_condition,biolink:BiologicalEntity,80
biolink:AnatomicalEntity,biolink:manifestation_of,biolink:Disease,80
biolink:Disease,biolink:has_phenotype,biolink:InformationContentEntity,80
biolink:Phenomenon,biolink:affects,biolink:Behavior,79
biolink:Protein,biolink:derives_from,biolink:GenomicEntity,79
biolink:Protein,biolink:produces,biolink:PhenotypicFeature,79
biolink:Disease,biolink:interacts_with,biolink:ClinicalAttribute,79
biolink:PopulationOfIndividualOrganisms,biolink:related_to,biolink:Cohort,79
biolink:EnvironmentalProcess,biolink:subclass_of,biolink:EnvironmentalProcess,79
biolink:Procedure,biolink:diagnoses,biolink:Behavior,79
biolink:Disease,biolink:occurs_in,biolink:ChemicalEntity,79
biolink:PhenotypicFeature,biolink:coexists_with,biolink:SmallMolecule,79
biolink:SmallMolecule,biolink:directly_physically_interacts_with,biolink:ComplexMolecularMixture,79
biolink:Pathway,biolink:overlaps,biolink:Pathway,79
biolink:SmallMolecule,biolink:contraindicated_in,biolink:BiologicalProcess,79
biolink:Pathway,biolink:regulates,biolink:BiologicalProcess,79
biolink:Cohort,biolink:related_to,biolink:PopulationOfIndividualOrganisms,79
biolink:ComplexMolecularMixture,biolink:directly_physically_interacts_with,biolink:SmallMolecule,79
biolink:Publication,biolink:preventative_for_condition,biolink:Disease,79
biolink:SmallMolecule,biolink:close_match,biolink:Device,79
biolink:GenomicEntity,biolink:interacts_with,biolink:GenomicEntity,78
biolink:PhenotypicFeature,biolink:related_to,biolink:NamedThing,78
biolink:Food,biolink:close_match,biolink:ChemicalEntity,78
biolink:ChemicalEntity,biolink:has_part,biolink:Gene,78
biolink:MolecularMixture,biolink:related_to,biolink:Gene,78
biolink:Phenomenon,biolink:regulates,biolink:Phenomenon,78
biolink:Agent,biolink:has_part,biolink:Cell,78
biolink:ChemicalEntity,biolink:disrupts,biolink:OrganismTaxon,78
biolink:Cell,biolink:related_to,biolink:InformationContentEntity,78
biolink:Drug,biolink:predisposes_to_condition,biolink:InformationContentEntity,78
biolink:Procedure,biolink:affects,biolink:Gene,78
biolink:MolecularActivity,biolink:affects,biolink:Activity,78
biolink:ChemicalEntity,biolink:disrupts,biolink:Procedure,78
biolink:Protein,biolink:associated_with,biolink:AnatomicalEntity,78
biolink:SmallMolecule,biolink:interacts_with,biolink:PhysicalEntity,78
biolink:AnatomicalEntity,biolink:interacts_with,biolink:SmallMolecule,78
biolink:Protein,biolink:related_to,biolink:Cell,78
biolink:Phenomenon,biolink:subclass_of,biolink:MolecularActivity,78
biolink:AnatomicalEntity,biolink:affects,biolink:OrganismTaxon,78
biolink:ChemicalEntity,biolink:exacerbates_condition,biolink:BiologicalProcess,77
biolink:BiologicalProcess,biolink:causes,biolink:Activity,77
biolink:NucleicAcidEntity,biolink:located_in,biolink:Human,77
biolink:Procedure,biolink:causes,biolink:NamedThing,77
biolink:Disease,biolink:related_to,biolink:MolecularMixture,77
biolink:SmallMolecule,biolink:predisposes_to_condition,biolink:InformationContentEntity,77
biolink:Disease,biolink:precedes,biolink:Procedure,77
biolink:SmallMolecule,biolink:treats_or_applied_or_studied_to_treat,biolink:AnatomicalEntity,77
biolink:Procedure,biolink:related_to,biolink:Agent,77
biolink:Device,biolink:has_input,biolink:ChemicalMixture,77
biolink:Event,biolink:subclass_of,biolink:Publication,77
biolink:PopulationOfIndividualOrganisms,biolink:has_input,biolink:Activity,77
biolink:ChemicalMixture,biolink:affects,biolink:Protein,77
biolink:GenomicEntity,biolink:affects,biolink:GenomicEntity,77
biolink:MolecularMixture,biolink:subclass_of,biolink:Polypeptide,77
biolink:Polypeptide,biolink:subclass_of,biolink:Publication,77
biolink:Device,biolink:close_match,biolink:Protein,77
biolink:CellularComponent,biolink:interacts_with,biolink:Cell,77
biolink:Phenomenon,biolink:affects,biolink:ClinicalAttribute,76
biolink:PhysiologicalProcess,biolink:located_in,biolink:NucleicAcidEntity,76
biolink:Activity,biolink:preventative_for_condition,biolink:Behavior,76
biolink:Protein,biolink:derives_from,biolink:Polypeptide,76
biolink:GrossAnatomicalStructure,biolink:produces,biolink:GenomicEntity,76
biolink:Drug,biolink:close_match,biolink:ComplexMolecularMixture,76
biolink:Protein,biolink:subclass_of,biolink:GenomicEntity,76
biolink:GrossAnatomicalStructure,biolink:coexists_with,biolink:Disease,76
biolink:Agent,biolink:related_to,biolink:Procedure,76
biolink:InformationContentEntity,biolink:exacerbates_condition,biolink:Disease,76
biolink:Drug,biolink:related_to,biolink:GrossAnatomicalStructure,76
biolink:ChemicalEntity,biolink:preventative_for_condition,biolink:InformationContentEntity,76
biolink:NamedThing,biolink:related_to,biolink:Behavior,76
biolink:BiologicalProcess,biolink:causes,biolink:InformationContentEntity,76
biolink:InformationContentEntity,biolink:produces,biolink:Drug,76
biolink:GenomicEntity,biolink:coexists_with,biolink:NucleicAcidEntity,76
biolink:Device,biolink:subclass_of,biolink:Activity,76
biolink:PhenotypicFeature,biolink:derives_from,biolink:Cell,75
biolink:MolecularMixture,biolink:located_in,biolink:ChemicalEntity,75
biolink:Food,biolink:affects,biolink:Cell,75
biolink:Protein,biolink:treats_or_applied_or_studied_to_treat,biolink:DiseaseOrPhenotypicFeature,75
biolink:Device,biolink:coexists_with,biolink:MolecularMixture,75
biolink:PhysicalEntity,biolink:subclass_of,biolink:Agent,75
biolink:Disease,biolink:located_in,biolink:ChemicalEntity,75
biolink:Phenomenon,biolink:affects,biolink:BiologicalEntity,75
biolink:BiologicalProcess,biolink:predisposes_to_condition,biolink:PhenotypicFeature,75
biolink:GenomicEntity,biolink:has_part,biolink:SmallMolecule,75
biolink:Disease,biolink:applied_to_treat,biolink:Protein,75
biolink:GenomicEntity,biolink:has_part,biolink:Drug,75
biolink:Cell,biolink:treats_or_applied_or_studied_to_treat,biolink:Disease,74
biolink:Device,biolink:interacts_with,biolink:ChemicalMixture,74
biolink:Protein,biolink:disrupts,biolink:IndividualOrganism,74
biolink:GenomicEntity,biolink:interacts_with,biolink:NucleicAcidEntity,74
biolink:ClinicalAttribute,biolink:subclass_of,biolink:ClinicalAttribute,74
biolink:AnatomicalEntity,biolink:associated_with,biolink:ClinicalAttribute,74
biolink:Publication,biolink:subclass_of,biolink:IndividualOrganism,74
biolink:SmallMolecule,biolink:decreases_response_to,biolink:Protein,74
biolink:ComplexMolecularMixture,biolink:disrupts,biolink:Phenomenon,74
biolink:MolecularActivity,biolink:treats_or_applied_or_studied_to_treat,biolink:Cohort,74
biolink:Behavior,biolink:related_to,biolink:NamedThing,74
biolink:Procedure,biolink:subclass_of,biolink:AnatomicalEntity,74
biolink:Device,biolink:associated_with,biolink:PhenotypicFeature,74
biolink:ChemicalEntity,biolink:disrupts,biolink:DiseaseOrPhenotypicFeature,74
biolink:PhysicalEntity,biolink:has_input,biolink:MolecularMixture,74
biolink:CellularComponent,biolink:subclass_of,biolink:Cell,74
biolink:AnatomicalEntity,biolink:coexists_with,biolink:Drug,74
biolink:Procedure,biolink:located_in,biolink:PhenotypicFeature,74
biolink:Device,biolink:disrupts,biolink:PhenotypicFeature,74
biolink:NucleicAcidEntity,biolink:located_in,biolink:PhenotypicFeature,74
biolink:NucleicAcidEntity,biolink:interacts_with,biolink:Polypeptide,74
biolink:BiologicalProcess,biolink:biomarker_for,biolink:Disease,74
biolink:Cohort,biolink:treats_or_applied_or_studied_to_treat,biolink:PopulationOfIndividualOrganisms,73
biolink:MolecularActivity,biolink:coexists_with,biolink:Protein,73
biolink:NamedThing,biolink:precedes,biolink:NamedThing,73
biolink:ChemicalMixture,biolink:related_to,biolink:MolecularMixture,73
biolink:Phenomenon,biolink:related_to,biolink:SmallMolecule,73
biolink:Protein,biolink:biomarker_for,biolink:Publication,73
biolink:BiologicalProcess,biolink:interacts_with,biolink:ChemicalExposure,73
biolink:Procedure,biolink:located_in,biolink:OrganismTaxon,73
biolink:Publication,biolink:coexists_with,biolink:Procedure,73
biolink:GenomicEntity,biolink:preventative_for_condition,biolink:PhenotypicFeature,73
biolink:PhysiologicalProcess,biolink:occurs_in,biolink:PhenotypicFeature,73
biolink:ChemicalEntity,biolink:predisposes_to_condition,biolink:InformationContentEntity,73
biolink:MolecularActivity,biolink:located_in,biolink:GrossAnatomicalStructure,73
biolink:CellularComponent,biolink:affects,biolink:Activity,73
biolink:ChemicalExposure,biolink:interacts_with,biolink:BiologicalProcess,73
biolink:Activity,biolink:related_to,biolink:NucleicAcidEntity,73
biolink:BiologicalProcess,biolink:has_output,biolink:BiologicalEntity,73
biolink:ChemicalEntity,biolink:has_part,biolink:NucleicAcidEntity,72
biolink:Gene,biolink:produces,biolink:GenomicEntity,72
biolink:Drug,biolink:has_metabolite,biolink:ChemicalEntity,72
biolink:InformationContentEntity,biolink:produces,biolink:SmallMolecule,72
biolink:Drug,biolink:has_member,biolink:MolecularMixture,72
biolink:ChemicalEntity,biolink:physically_interacts_with,biolink:Disease,72
biolink:Pathway,biolink:has_participant,biolink:CellularComponent,72
biolink:NucleicAcidEntity,biolink:related_to,biolink:NucleicAcidEntity,72
biolink:CellularComponent,biolink:subclass_of,biolink:Gene,72
biolink:MolecularMixture,biolink:same_as,biolink:MolecularMixture,72
biolink:ChemicalEntity,biolink:applied_to_treat,biolink:Disease,72
biolink:BiologicalEntity,biolink:related_to,biolink:PhenotypicFeature,72
biolink:PhenotypicFeature,biolink:manifestation_of,biolink:InformationContentEntity,72
biolink:Behavior,biolink:close_match,biolink:InformationContentEntity,72
biolink:PopulationOfIndividualOrganisms,biolink:coexists_with,biolink:Disease,72
biolink:Device,biolink:close_match,biolink:PhysicalEntity,72
biolink:Disease,biolink:subclass_of,biolink:Activity,72
biolink:Behavior,biolink:affects,biolink:GrossAnatomicalStructure,72
biolink:BiologicalProcess,biolink:negatively_correlated_with,biolink:PhenotypicFeature,72
biolink:Disease,biolink:occurs_in,biolink:Drug,71
biolink:InformationContentEntity,biolink:affects,biolink:InformationContentEntity,71
biolink:GenomicEntity,biolink:located_in,biolink:Human,71
biolink:BiologicalEntity,biolink:related_to,biolink:MolecularMixture,71
biolink:Polypeptide,biolink:close_match,biolink:Drug,71
biolink:PhysiologicalProcess,biolink:coexists_with,biolink:Phenomenon,71
biolink:BiologicalProcess,biolink:causes,biolink:DiseaseOrPhenotypicFeature,71
biolink:Device,biolink:precedes,biolink:Procedure,71
biolink:GrossAnatomicalStructure,biolink:subclass_of,biolink:Protein,71
biolink:BiologicalProcess,biolink:has_participant,biolink:MolecularMixture,71
biolink:MolecularActivity,biolink:predisposes_to_condition,biolink:Disease,71
biolink:Drug,biolink:subclass_of,biolink:NamedThing,71
biolink:Procedure,biolink:coexists_with,biolink:InformationContentEntity,71
biolink:GenomicEntity,biolink:related_to,biolink:Device,71
biolink:BiologicalProcess,biolink:has_input,biolink:MolecularMixture,71
biolink:InformationContentEntity,biolink:located_in,biolink:Protein,71
biolink:AnatomicalEntity,biolink:overlaps,biolink:Cell,71
biolink:Activity,biolink:subclass_of,biolink:Agent,71
biolink:Polypeptide,biolink:affects,biolink:OrganismTaxon,71
biolink:InformationContentEntity,biolink:affects,biolink:ChemicalEntity,70
biolink:OrganismTaxon,biolink:subclass_of,biolink:AnatomicalEntity,70
biolink:AnatomicalEntity,biolink:coexists_with,biolink:SmallMolecule,70
biolink:Food,biolink:related_to,biolink:Procedure,70
biolink:Pathway,biolink:has_part,biolink:BiologicalProcess,70
biolink:GrossAnatomicalStructure,biolink:causes,biolink:GrossAnatomicalStructure,70
biolink:CellularComponent,biolink:produces,biolink:GenomicEntity,70
biolink:Procedure,biolink:coexists_with,biolink:ClinicalAttribute,70
biolink:Phenomenon,biolink:subclass_of,biolink:Activity,70
biolink:Cohort,biolink:has_part,biolink:OrganismTaxon,70
biolink:PhenotypicFeature,biolink:close_match,biolink:Procedure,70
biolink:NamedThing,biolink:treats_or_applied_or_studied_to_treat,biolink:Cohort,70
biolink:AnatomicalEntity,biolink:has_member,biolink:GrossAnatomicalStructure,70
biolink:PhenotypicFeature,biolink:affects,biolink:CellularComponent,70
biolink:OrganismTaxon,biolink:interacts_with,biolink:MolecularMixture,70
biolink:ChemicalEntity,biolink:subclass_of,biolink:AnatomicalEntity,70
biolink:ChemicalMixture,biolink:related_to,biolink:Device,70
biolink:Disease,biolink:precedes,biolink:NamedThing,70
biolink:InformationContentEntity,biolink:coexists_with,biolink:ChemicalEntity,70
biolink:Procedure,biolink:close_match,biolink:InformationContentEntity,70
biolink:Cohort,biolink:subclass_of,biolink:NamedThing,70
biolink:MolecularMixture,biolink:interacts_with,biolink:OrganismTaxon,70
biolink:Gene,biolink:associated_with,biolink:InformationContentEntity,70
biolink:MolecularActivity,biolink:has_part,biolink:BiologicalProcess,70
biolink:Device,biolink:causes,biolink:InformationContentEntity,69
biolink:Procedure,biolink:related_to,biolink:BiologicalEntity,69
biolink:CellularComponent,biolink:has_part,biolink:PhenotypicFeature,69
biolink:OrganismTaxon,biolink:treats_or_applied_or_studied_to_treat,biolink:Disease,69
biolink:Drug,biolink:same_as,biolink:Protein,69
biolink:Device,biolink:has_input,biolink:Procedure,69
biolink:OrganismTaxon,biolink:treats_or_applied_or_studied_to_treat,biolink:OrganismTaxon,69
biolink:PhenotypicFeature,biolink:has_side_effect,biolink:ChemicalEntity,69
biolink:CellularComponent,biolink:has_part,biolink:GrossAnatomicalStructure,69
biolink:Protein,biolink:affects_response_to,biolink:ComplexMolecularMixture,69
biolink:NucleicAcidEntity,biolink:subclass_of,biolink:ChemicalEntity,69
biolink:Gene,biolink:affects,biolink:BiologicalEntity,69
biolink:Drug,biolink:has_part,biolink:Polypeptide,69
biolink:ComplexMolecularMixture,biolink:coexists_with,biolink:ComplexMolecularMixture,69
biolink:Drug,biolink:has_member,biolink:Protein,69
biolink:Device,biolink:causes,biolink:BiologicalEntity,69
biolink:PhenotypicFeature,biolink:located_in,biolink:Human,69
biolink:MolecularMixture,biolink:positively_correlated_with,biolink:Disease,69
biolink:ChemicalEntity,biolink:has_side_effect,biolink:PhenotypicFeature,69
biolink:MolecularMixture,biolink:has_input,biolink:Drug,69
biolink:ChemicalEntity,biolink:has_input,biolink:Device,69
biolink:AnatomicalEntity,biolink:treats_or_applied_or_studied_to_treat,biolink:OrganismTaxon,69
biolink:IndividualOrganism,biolink:related_to,biolink:Behavior,68
biolink:ChemicalEntity,biolink:positively_correlated_with,biolink:PhenotypicFeature,68
biolink:Phenomenon,biolink:causes,biolink:BiologicalProcess,68
biolink:Gene,biolink:related_to,biolink:MolecularMixture,68
biolink:AnatomicalEntity,biolink:related_to,biolink:Publication,68
biolink:BiologicalProcess,biolink:has_input,biolink:Protein,68
biolink:Cohort,biolink:produces,biolink:PhysicalEntity,68
biolink:InformationContentEntity,biolink:has_part,biolink:Drug,68
biolink:InformationContentEntity,biolink:has_member,biolink:NamedThing,68
biolink:SmallMolecule,biolink:exacerbates_condition,biolink:BiologicalProcess,68
biolink:Behavior,biolink:related_to,biolink:IndividualOrganism,68
biolink:Phenomenon,biolink:located_in,biolink:ChemicalEntity,68
biolink:Phenomenon,biolink:located_in,biolink:Agent,68
biolink:MolecularActivity,biolink:related_to,biolink:Procedure,68
biolink:MolecularMixture,biolink:affects,biolink:Polypeptide,68
biolink:Behavior,biolink:causes,biolink:Disease,67
biolink:Disease,biolink:predisposes_to_condition,biolink:AnatomicalEntity,67
biolink:GenomicEntity,biolink:disrupts,biolink:CellularComponent,67
biolink:Behavior,biolink:affects,biolink:Activity,67
biolink:Behavior,biolink:affects,biolink:PopulationOfIndividualOrganisms,67
biolink:Publication,biolink:has_input,biolink:Publication,67
biolink:Drug,biolink:decreases_response_to,biolink:Protein,67
biolink:MolecularMixture,biolink:physically_interacts_with,biolink:MolecularEntity,67
biolink:Disease,biolink:close_match,biolink:Protein,67
biolink:GeneFamily,biolink:subclass_of,biolink:Protein,67
biolink:PhenotypicFeature,biolink:associated_with,biolink:NucleicAcidEntity,67
biolink:ChemicalEntity,biolink:coexists_with,biolink:ChemicalMixture,67
biolink:Disease,biolink:produces,biolink:GenomicEntity,67
biolink:BiologicalEntity,biolink:coexists_with,biolink:BiologicalEntity,67
biolink:GeneFamily,biolink:regulates,biolink:BiologicalProcess,67
biolink:MolecularMixture,biolink:affects,biolink:GenomicEntity,67
biolink:PhenotypicFeature,biolink:occurs_in,biolink:AnatomicalEntity,67
biolink:Food,biolink:subclass_of,biolink:Drug,67
biolink:MolecularActivity,biolink:has_input,biolink:NucleicAcidEntity,67
biolink:SmallMolecule,biolink:regulates,biolink:BiologicalProcess,67
biolink:NamedThing,biolink:biomarker_for,biolink:Disease,67
biolink:IndividualOrganism,biolink:affects,biolink:Protein,67
biolink:MolecularMixture,biolink:similar_to,biolink:Drug,67
biolink:Behavior,biolink:subclass_of,biolink:Phenomenon,67
biolink:NucleicAcidEntity,biolink:disrupts,biolink:CellularComponent,67
biolink:Protein,biolink:capable_of,biolink:MolecularActivity,67
biolink:SmallMolecule,biolink:has_part,biolink:Polypeptide,66
biolink:Phenomenon,biolink:has_input,biolink:MolecularMixture,66
biolink:Procedure,biolink:coexists_with,biolink:Drug,66
biolink:Polypeptide,biolink:derives_from,biolink:SmallMolecule,66
biolink:SmallMolecule,biolink:interacts_with,biolink:Phenomenon,66
biolink:Cell,biolink:produces,biolink:GrossAnatomicalStructure,66
biolink:Procedure,biolink:diagnoses,biolink:PhysiologicalProcess,66
biolink:Agent,biolink:treats_or_applied_or_studied_to_treat,biolink:Disease,66
biolink:AnatomicalEntity,biolink:affects,biolink:SmallMolecule,66
biolink:Protein,biolink:close_match,biolink:MolecularMixture,66
biolink:DiseaseOrPhenotypicFeature,biolink:subclass_of,biolink:Publication,66
biolink:MolecularMixture,biolink:affects,biolink:MolecularEntity,66
biolink:ClinicalAttribute,biolink:treats_or_applied_or_studied_to_treat,biolink:Cohort,66
biolink:Device,biolink:disrupts,biolink:Phenomenon,66
biolink:Disease,biolink:positively_correlated_with,biolink:Disease,66
biolink:Behavior,biolink:causes,biolink:PhenotypicFeature,66
biolink:Activity,biolink:treats_or_applied_or_studied_to_treat,biolink:BiologicalProcess,66
biolink:Agent,biolink:interacts_with,biolink:OrganismTaxon,66
biolink:SmallMolecule,biolink:causes,biolink:ClinicalAttribute,66
biolink:Phenomenon,biolink:interacts_with,biolink:ChemicalEntity,66
biolink:PhenotypicFeature,biolink:affects,biolink:Procedure,65
biolink:Polypeptide,biolink:affects,biolink:Polypeptide,65
biolink:NucleicAcidEntity,biolink:interacts_with,biolink:MolecularMixture,65
biolink:Device,biolink:related_to,biolink:GenomicEntity,65
biolink:Gene,biolink:has_input,biolink:Protein,65
biolink:PhenotypicFeature,biolink:predisposes_to_condition,biolink:AnatomicalEntity,65
biolink:Device,biolink:causes,biolink:BiologicalProcess,65
biolink:Phenomenon,biolink:has_participant,biolink:Gene,65
biolink:BiologicalProcess,biolink:causes,biolink:Phenomenon,65
biolink:Protein,biolink:has_input,biolink:MolecularMixture,65
biolink:OrganismTaxon,biolink:causes,biolink:NamedThing,65
biolink:ComplexMolecularMixture,biolink:subclass_of,biolink:Publication,65
biolink:AnatomicalEntity,biolink:has_input,biolink:Device,65
biolink:ComplexMolecularMixture,biolink:subclass_of,biolink:Procedure,65
biolink:BiologicalEntity,biolink:produces,biolink:ChemicalEntity,65
biolink:Phenomenon,biolink:occurs_in,biolink:PhenotypicFeature,65
biolink:CellularComponent,biolink:close_match,biolink:NucleicAcidEntity,65
biolink:PhysicalEntity,biolink:interacts_with,biolink:Protein,65
biolink:Phenomenon,biolink:located_in,biolink:MolecularMixture,65
biolink:BiologicalEntity,biolink:same_as,biolink:Gene,65
biolink:MolecularMixture,biolink:affected_by,biolink:Protein,64
biolink:Drug,biolink:interacts_with,biolink:MolecularActivity,64
biolink:Device,biolink:related_to,biolink:ChemicalMixture,64
biolink:SmallMolecule,biolink:treats_or_applied_or_studied_to_treat,biolink:CellularComponent,64
biolink:Polypeptide,biolink:affects,biolink:NucleicAcidEntity,64
biolink:SmallMolecule,biolink:subclass_of,biolink:OrganismTaxon,64
biolink:PhysicalEntity,biolink:subclass_of,biolink:NamedThing,64
biolink:Activity,biolink:subclass_of,biolink:PhenotypicFeature,64
biolink:Phenomenon,biolink:causes,biolink:Activity,64
biolink:CellularComponent,biolink:has_participant,biolink:GenomicEntity,64
biolink:Procedure,biolink:disrupts,biolink:MolecularActivity,64
biolink:Protein,biolink:gene_product_of,biolink:GenomicEntity,64
biolink:PopulationOfIndividualOrganisms,biolink:has_part,biolink:OrganismTaxon,64
biolink:Drug,biolink:has_part,biolink:Device,64
biolink:Gene,biolink:derives_from,biolink:SmallMolecule,64
biolink:Disease,biolink:located_in,biolink:Drug,64
biolink:Protein,biolink:affected_by,biolink:MolecularMixture,64
biolink:ChemicalEntity,biolink:disrupts,biolink:ClinicalAttribute,64
biolink:Disease,biolink:treats,biolink:ChemicalEntity,63
biolink:OrganismTaxon,biolink:related_to,biolink:SmallMolecule,63
biolink:MolecularMixture,biolink:interacts_with,biolink:ChemicalMixture,63
biolink:MolecularActivity,biolink:interacts_with,biolink:ChemicalEntity,63
biolink:Activity,biolink:related_to,biolink:ComplexMolecularMixture,63
biolink:Drug,biolink:contraindicated_in,biolink:ClinicalAttribute,63
biolink:MolecularMixture,biolink:located_in,biolink:PhenotypicFeature,63
biolink:Polypeptide,biolink:coexists_with,biolink:MolecularMixture,63
biolink:MolecularMixture,biolink:treats_or_applied_or_studied_to_treat,biolink:InformationContentEntity,63
biolink:Cohort,biolink:has_part,biolink:InformationContentEntity,63
biolink:Protein,biolink:coexists_with,biolink:OrganismTaxon,63
biolink:AnatomicalEntity,biolink:composed_primarily_of,biolink:AnatomicalEntity,63
biolink:NamedThing,biolink:interacts_with,biolink:Gene,63
biolink:NamedThing,biolink:subclass_of,biolink:PhysicalEntity,63
biolink:BiologicalProcess,biolink:has_input,biolink:NamedThing,63
biolink:PhysicalEntity,biolink:has_input,biolink:InformationContentEntity,63
biolink:MolecularMixture,biolink:drug_regulatory_status_world_wide,biolink:Disease,63
biolink:IndividualOrganism,biolink:related_to,biolink:Procedure,63
biolink:Protein,biolink:physically_interacts_with,biolink:MolecularMixture,63
biolink:NamedThing,biolink:close_match,biolink:Publication,63
biolink:Behavior,biolink:occurs_in,biolink:Activity,63
biolink:Gene,biolink:interacts_with,biolink:NamedThing,63
biolink:Protein,biolink:same_as,biolink:Gene,62
biolink:Procedure,biolink:has_part,biolink:MolecularMixture,62
biolink:MolecularActivity,biolink:interacts_with,biolink:SmallMolecule,62
biolink:Food,biolink:related_to,biolink:SmallMolecule,62
biolink:MolecularMixture,biolink:interacts_with,biolink:ComplexMolecularMixture,62
biolink:Polypeptide,biolink:subclass_of,biolink:Drug,62
biolink:InformationContentEntity,biolink:affects,biolink:PhysiologicalProcess,62
biolink:ChemicalEntity,biolink:physically_interacts_with,biolink:SmallMolecule,62
biolink:InformationContentEntity,biolink:coexists_with,biolink:Activity,62
biolink:AnatomicalEntity,biolink:preventative_for_condition,biolink:Disease,62
biolink:ComplexMolecularMixture,biolink:directly_physically_interacts_with,biolink:Protein,62
biolink:OrganismTaxon,biolink:subclass_of,biolink:Food,62
biolink:GenomicEntity,biolink:derives_from,biolink:Protein,62
biolink:Procedure,biolink:related_to,biolink:IndividualOrganism,62
biolink:GenomicEntity,biolink:interacts_with,biolink:Polypeptide,62
biolink:Procedure,biolink:disrupts,biolink:AnatomicalEntity,62
biolink:Protein,biolink:directly_physically_interacts_with,biolink:ComplexMolecularMixture,62
biolink:Drug,biolink:coexists_with,biolink:Procedure,62
biolink:NucleicAcidEntity,biolink:has_part,biolink:GenomicEntity,61
biolink:NamedThing,biolink:applied_to_treat,biolink:Drug,61
biolink:Drug,biolink:applied_to_treat,biolink:NamedThing,61
biolink:GrossAnatomicalStructure,biolink:has_part,biolink:OrganismTaxon,61
biolink:InformationContentEntity,biolink:affects,biolink:ClinicalAttribute,61
biolink:BiologicalProcess,biolink:related_to,biolink:OrganismTaxon,61
biolink:Gene,biolink:affects_response_to,biolink:Drug,61
biolink:InformationContentEntity,biolink:has_member,biolink:PopulationOfIndividualOrganisms,61
biolink:ChemicalEntity,biolink:has_member,biolink:MolecularMixture,61
biolink:Agent,biolink:has_input,biolink:PhysicalEntity,61
biolink:AnatomicalEntity,biolink:close_match,biolink:ChemicalEntity,61
biolink:NamedThing,biolink:coexists_with,biolink:BiologicalProcess,61
biolink:Food,biolink:treats_or_applied_or_studied_to_treat,biolink:PopulationOfIndividualOrganisms,61
biolink:Polypeptide,biolink:affects,biolink:MolecularMixture,61
biolink:CellularComponent,biolink:affects,biolink:CellularComponent,61
biolink:NucleicAcidEntity,biolink:interacts_with,biolink:GenomicEntity,61
biolink:Cohort,biolink:has_input,biolink:Procedure,61
biolink:Polypeptide,biolink:interacts_with,biolink:Cell,61
biolink:Disease,biolink:predisposes_to_condition,biolink:Procedure,61
biolink:AnatomicalEntity,biolink:related_to,biolink:Device,61
biolink:InformationContentEntity,biolink:biomarker_for,biolink:Disease,61
biolink:BiologicalProcess,biolink:subclass_of,biolink:Procedure,61
biolink:PhenotypicFeature,biolink:preventative_for_condition,biolink:PhenotypicFeature,60
biolink:Behavior,biolink:subclass_of,biolink:Procedure,60
biolink:Drug,biolink:derives_from,biolink:Gene,60
biolink:BiologicalProcess,biolink:associated_with,biolink:InformationContentEntity,60
biolink:Activity,biolink:has_input,biolink:Gene,60
biolink:Phenomenon,biolink:precedes,biolink:BiologicalProcess,60
biolink:MolecularActivity,biolink:occurs_in,biolink:BiologicalEntity,60
biolink:ComplexMolecularMixture,biolink:disrupts,biolink:PhenotypicFeature,60
biolink:NamedThing,biolink:manifestation_of,biolink:Disease,60
biolink:Gene,biolink:causes,biolink:Phenomenon,60
biolink:Gene,biolink:derives_from,biolink:NucleicAcidEntity,60
biolink:MolecularActivity,biolink:subclass_of,biolink:PhysiologicalProcess,60
biolink:GeographicLocation,biolink:related_to,biolink:PopulationOfIndividualOrganisms,60
biolink:InformationContentEntity,biolink:interacts_with,biolink:SmallMolecule,60
biolink:CellularComponent,biolink:has_part,biolink:OrganismTaxon,60
biolink:ChemicalEntity,biolink:derives_from,biolink:Polypeptide,60
biolink:Phenomenon,biolink:related_to,biolink:PhysicalEntity,60
biolink:Device,biolink:treats_or_applied_or_studied_to_treat,biolink:AnatomicalEntity,60
biolink:PopulationOfIndividualOrganisms,biolink:related_to,biolink:GeographicLocation,60
biolink:Cohort,biolink:diagnoses,biolink:BiologicalEntity,60
biolink:ComplexMolecularMixture,biolink:positively_correlated_with,biolink:PhenotypicFeature,60
biolink:ComplexMolecularMixture,biolink:related_to,biolink:Disease,60
biolink:MolecularMixture,biolink:treats_or_applied_or_studied_to_treat,biolink:GrossAnatomicalStructure,60
biolink:Event,biolink:causes,biolink:Disease,60
biolink:SmallMolecule,biolink:coexists_with,biolink:PhysicalEntity,60
biolink:Gene,biolink:interacts_with,biolink:ComplexMolecularMixture,59
biolink:Protein,biolink:related_to,biolink:PhysiologicalProcess,59
biolink:Device,biolink:interacts_with,biolink:Polypeptide,59
biolink:OrganismTaxon,biolink:coexists_with,biolink:ChemicalEntity,59
biolink:ChemicalMixture,biolink:interacts_with,biolink:Device,59
biolink:PhenotypicFeature,biolink:occurs_in,biolink:Publication,59
biolink:AnatomicalEntity,biolink:affects,biolink:Drug,59
biolink:SmallMolecule,biolink:subclass_of,biolink:BiologicalProcess,59
biolink:PhysicalEntity,biolink:related_to,biolink:Phenomenon,59
biolink:AnatomicalEntity,biolink:subclass_of,biolink:PhenotypicFeature,59
biolink:Publication,biolink:affects,biolink:Activity,59
biolink:GrossAnatomicalStructure,biolink:subclass_of,biolink:CellularComponent,59
biolink:MolecularActivity,biolink:has_output,biolink:MolecularMixture,59
biolink:Phenomenon,biolink:occurs_in,biolink:GrossAnatomicalStructure,59
biolink:BiologicalEntity,biolink:same_as,biolink:MicroRNA,59
biolink:Disease,biolink:produces,biolink:CellularComponent,59
biolink:Behavior,biolink:occurs_in,biolink:Behavior,59
biolink:NamedThing,biolink:related_to,biolink:IndividualOrganism,58
biolink:Polypeptide,biolink:affects,biolink:InformationContentEntity,58
biolink:PhysiologicalProcess,biolink:affects,biolink:GenomicEntity,58
biolink:InformationContentEntity,biolink:coexists_with,biolink:InformationContentEntity,58
biolink:BiologicalProcess,biolink:manifestation_of,biolink:Disease,58
biolink:InformationContentEntity,biolink:occurs_in,biolink:Human,58
biolink:IndividualOrganism,biolink:close_match,biolink:OrganismTaxon,58
biolink:AnatomicalEntity,biolink:coexists_with,biolink:Cell,58
biolink:PopulationOfIndividualOrganisms,biolink:subclass_of,biolink:PhenotypicFeature,58
biolink:NamedThing,biolink:has_part,biolink:Disease,58
biolink:Pathway,biolink:temporally_related_to,biolink:MolecularActivity,58
biolink:CellularComponent,biolink:subclass_of,biolink:GrossAnatomicalStructure,58
biolink:NucleicAcidEntity,biolink:affects,biolink:InformationContentEntity,58
biolink:Device,biolink:has_part,biolink:MolecularMixture,58
biolink:NucleicAcidEntity,biolink:affects,biolink:Polypeptide,58
biolink:Gene,biolink:coexists_with,biolink:Device,58
biolink:Disease,biolink:disrupts,biolink:PhysiologicalProcess,58
biolink:Protein,biolink:has_input,biolink:Device,58
biolink:ChemicalEntity,biolink:causes,biolink:AnatomicalEntity,58
biolink:Phenomenon,biolink:interacts_with,biolink:SmallMolecule,58
biolink:ComplexMolecularMixture,biolink:located_in,biolink:PopulationOfIndividualOrganisms,58
biolink:NucleicAcidEntity,biolink:interacts_with,biolink:NucleicAcidEntity,58
biolink:InformationContentEntity,biolink:related_to,biolink:Gene,58
biolink:BiologicalEntity,biolink:produces,biolink:Drug,58
biolink:Disease,biolink:close_match,biolink:Gene,58
biolink:PhenotypicFeature,biolink:manifestation_of,biolink:MolecularActivity,58
biolink:Cell,biolink:affects,biolink:PhenotypicFeature,57
biolink:NamedThing,biolink:coexists_with,biolink:NamedThing,57
biolink:ChemicalEntity,biolink:close_match,biolink:Polypeptide,57
biolink:Disease,biolink:predisposes_to_condition,biolink:ClinicalAttribute,57
biolink:Protein,biolink:has_part,biolink:MolecularActivity,57
biolink:Device,biolink:affects,biolink:PhysiologicalProcess,57
biolink:InformationContentEntity,biolink:subclass_of,biolink:Food,57
biolink:Agent,biolink:diagnoses,biolink:PhenotypicFeature,57
biolink:Publication,biolink:predisposes_to_condition,biolink:Disease,57
biolink:ClinicalAttribute,biolink:preventative_for_condition,biolink:PhenotypicFeature,57
biolink:SmallMolecule,biolink:disrupts,biolink:DiseaseOrPhenotypicFeature,57
biolink:ChemicalEntity,biolink:causes,biolink:ClinicalAttribute,57
biolink:DiseaseOrPhenotypicFeature,biolink:causes,biolink:PhenotypicFeature,57
biolink:IndividualOrganism,biolink:related_to,biolink:NamedThing,57
biolink:InformationContentEntity,biolink:affects,biolink:Activity,57
biolink:OrganismTaxon,biolink:related_to,biolink:PhenotypicFeature,57
biolink:ChemicalEntity,biolink:occurs_in,biolink:OrganismTaxon,57
biolink:Phenomenon,biolink:interacts_with,biolink:Drug,57
biolink:InformationContentEntity,biolink:has_member,biolink:AnatomicalEntity,57
biolink:Polypeptide,biolink:subclass_of,biolink:InformationContentEntity,57
biolink:Procedure,biolink:located_in,biolink:ChemicalEntity,57
biolink:Disease,biolink:produces,biolink:NucleicAcidEntity,57
biolink:AnatomicalEntity,biolink:close_match,biolink:PhenotypicFeature,57
biolink:ChemicalMixture,biolink:related_to,biolink:BiologicalEntity,57
biolink:ChemicalEntity,biolink:coexists_with,biolink:PhysicalEntity,57
biolink:PhenotypicFeature,biolink:related_to,biolink:OrganismTaxon,56
biolink:GenomicEntity,biolink:subclass_of,biolink:Procedure,56
biolink:GrossAnatomicalStructure,biolink:composed_primarily_of,biolink:CellularComponent,56
biolink:Cohort,biolink:related_to,biolink:IndividualOrganism,56
biolink:Food,biolink:disrupts,biolink:PhenotypicFeature,56
biolink:AnatomicalEntity,biolink:associated_with,biolink:PopulationOfIndividualOrganisms,56
biolink:IndividualOrganism,biolink:related_to,biolink:Cohort,56
biolink:PhysiologicalProcess,biolink:occurs_in,biolink:Human,56
biolink:Publication,biolink:occurs_in,biolink:PopulationOfIndividualOrganisms,56
biolink:BiologicalEntity,biolink:in_taxon,biolink:PhysicalEntity,56
biolink:Drug,biolink:positively_correlated_with,biolink:PhenotypicFeature,56
biolink:BiologicalEntity,biolink:precedes,biolink:Disease,56
biolink:Disease,biolink:affects,biolink:ChemicalEntity,56
biolink:Polypeptide,biolink:derives_from,biolink:Gene,56
biolink:InformationContentEntity,biolink:precedes,biolink:BiologicalProcess,56
biolink:MolecularMixture,biolink:affects,biolink:NucleicAcidEntity,56
biolink:NamedThing,biolink:affects,biolink:PhenotypicFeature,56
biolink:InformationContentEntity,biolink:has_input,biolink:Activity,56
biolink:CellularComponent,biolink:related_to,biolink:AnatomicalEntity,56
biolink:BiologicalProcess,biolink:occurs_in,biolink:NamedThing,56
biolink:Device,biolink:coexists_with,biolink:Device,56
biolink:GrossAnatomicalStructure,biolink:produces,biolink:NucleicAcidEntity,56
biolink:MolecularMixture,biolink:interacts_with,biolink:NucleicAcidEntity,56
biolink:Activity,biolink:treats_or_applied_or_studied_to_treat,biolink:AnatomicalEntity,55
biolink:MolecularMixture,biolink:coexists_with,biolink:ComplexMolecularMixture,55
biolink:Gene,biolink:genetically_associated_with,biolink:PhenotypicFeature,55
biolink:ChemicalEntity,biolink:same_as,biolink:MolecularMixture,55
biolink:PhysicalEntity,biolink:subclass_of,biolink:Activity,55
biolink:BiologicalEntity,biolink:subclass_of,biolink:Cell,55
biolink:Gene,biolink:subclass_of,biolink:Drug,55
biolink:Drug,biolink:disrupts,biolink:DiseaseOrPhenotypicFeature,55
biolink:SmallMolecule,biolink:coexists_with,biolink:CellularComponent,55
biolink:Disease,biolink:close_match,biolink:InformationContentEntity,55
biolink:NucleicAcidEntity,biolink:close_match,biolink:Polypeptide,55
biolink:Drug,biolink:related_to,biolink:Cell,55
biolink:Drug,biolink:has_part,biolink:NucleicAcidEntity,55
biolink:PhenotypicFeature,biolink:associated_with,biolink:MolecularMixture,55
biolink:PhysicalEntity,biolink:treats_or_applied_or_studied_to_treat,biolink:InformationContentEntity,55
biolink:SmallMolecule,biolink:physically_interacts_with,biolink:SmallMolecule,55
biolink:Phenomenon,biolink:related_to,biolink:NamedThing,55
biolink:NamedThing,biolink:related_to,biolink:Phenomenon,55
biolink:PhenotypicFeature,biolink:causes,biolink:GrossAnatomicalStructure,54
biolink:ComplexMolecularMixture,biolink:interacts_with,biolink:ComplexMolecularMixture,54
biolink:Food,biolink:affects,biolink:Activity,54
biolink:ComplexMolecularMixture,biolink:interacts_with,biolink:Gene,54
biolink:Procedure,biolink:causes,biolink:InformationContentEntity,54
biolink:ComplexMolecularMixture,biolink:interacts_with,biolink:MolecularMixture,54
biolink:Agent,biolink:treats_or_applied_or_studied_to_treat,biolink:Cohort,54
biolink:Procedure,biolink:precedes,biolink:MolecularActivity,54
biolink:GenomicEntity,biolink:related_to,biolink:MolecularActivity,54
biolink:CellularComponent,biolink:located_in,biolink:Human,54
biolink:Disease,biolink:diagnoses,biolink:PhenotypicFeature,54
biolink:Cohort,biolink:produces,biolink:Publication,54
biolink:Disease,biolink:related_to,biolink:ComplexMolecularMixture,54
biolink:Phenomenon,biolink:affects,biolink:Cell,54
biolink:NucleicAcidEntity,biolink:interacts_with,biolink:OrganismTaxon,54
biolink:DiseaseOrPhenotypicFeature,biolink:subclass_of,biolink:GrossAnatomicalStructure,54
biolink:InformationContentEntity,biolink:affects,biolink:SmallMolecule,54
biolink:BiologicalProcess,biolink:occurs_in,biolink:MolecularMixture,54
biolink:ChemicalEntity,biolink:interacts_with,biolink:MolecularActivity,54
biolink:Phenomenon,biolink:regulates,biolink:MolecularActivity,54
biolink:MolecularActivity,biolink:related_to,biolink:GenomicEntity,54
biolink:Activity,biolink:diagnoses,biolink:OrganismTaxon,54
biolink:ChemicalEntity,biolink:expressed_in,biolink:GrossAnatomicalStructure,53
biolink:Food,biolink:predisposes_to_condition,biolink:InformationContentEntity,53
biolink:PhenotypicFeature,biolink:correlated_with,biolink:Disease,53
biolink:MolecularMixture,biolink:disrupts,biolink:PhysiologicalProcess,53
biolink:Device,biolink:has_part,biolink:Protein,53
biolink:MolecularEntity,biolink:subclass_of,biolink:GeneFamily,53
biolink:Disease,biolink:coexists_with,biolink:GrossAnatomicalStructure,53
biolink:GrossAnatomicalStructure,biolink:has_part,biolink:Food,53
biolink:Drug,biolink:negatively_correlated_with,biolink:Disease,53
biolink:SmallMolecule,biolink:drug_regulatory_status_world_wide,biolink:PhenotypicFeature,53
biolink:GeographicLocation,biolink:related_to,biolink:InformationContentEntity,53
biolink:Disease,biolink:located_in,biolink:Device,53
biolink:PhenotypicFeature,biolink:coexists_with,biolink:MolecularActivity,53
biolink:Food,biolink:located_in,biolink:CellularComponent,53
biolink:Protein,biolink:coexists_with,biolink:MolecularActivity,53
biolink:CellularComponent,biolink:causes,biolink:PhenotypicFeature,53
biolink:Activity,biolink:preventative_for_condition,biolink:ClinicalAttribute,53
biolink:Protein,biolink:subclass_of,biolink:BiologicalProcess,53
biolink:Protein,biolink:interacts_with,biolink:PhysicalEntity,53
biolink:Disease,biolink:is_sequence_variant_of,biolink:ChemicalEntity,53
biolink:PhysicalEntity,biolink:has_part,biolink:Drug,53
biolink:ComplexMolecularMixture,biolink:treats_or_applied_or_studied_to_treat,biolink:Cell,53
biolink:AnatomicalEntity,biolink:subclass_of,biolink:PhysicalEntity,53
biolink:ComplexMolecularMixture,biolink:affects,biolink:Gene,53
biolink:Disease,biolink:produces,biolink:ComplexMolecularMixture,53
biolink:PhysiologicalProcess,biolink:precedes,biolink:PhysiologicalProcess,53
biolink:Gene,biolink:coexists_with,biolink:ComplexMolecularMixture,53
biolink:InformationContentEntity,biolink:related_to,biolink:GeographicLocation,53
biolink:Cell,biolink:manifestation_of,biolink:Disease,53
biolink:Drug,biolink:has_input,biolink:MolecularMixture,53
biolink:NucleicAcidEntity,biolink:located_in,biolink:Agent,53
biolink:Phenomenon,biolink:produces,biolink:AnatomicalEntity,53
biolink:Drug,biolink:has_metabolite,biolink:Drug,52
biolink:Disease,biolink:occurs_in,biolink:AnatomicalEntity,52
biolink:Procedure,biolink:close_match,biolink:Publication,52
biolink:SmallMolecule,biolink:subclass_of,biolink:BiologicalEntity,52
biolink:ChemicalEntity,biolink:causes,biolink:Behavior,52
biolink:MolecularMixture,biolink:affects,biolink:Procedure,52
biolink:CellularComponent,biolink:has_part,biolink:ComplexMolecularMixture,52
biolink:Device,biolink:located_in,biolink:PopulationOfIndividualOrganisms,52
biolink:Procedure,biolink:subclass_of,biolink:Phenomenon,52
biolink:ChemicalMixture,biolink:located_in,biolink:AnatomicalEntity,52
biolink:Device,biolink:treats_or_applied_or_studied_to_treat,biolink:Procedure,52
biolink:Publication,biolink:occurs_in,biolink:Cohort,52
biolink:Gene,biolink:located_in,biolink:InformationContentEntity,52
biolink:PopulationOfIndividualOrganisms,biolink:subclass_of,biolink:Cohort,52
biolink:Gene,biolink:has_part,biolink:MolecularMixture,52
biolink:MolecularActivity,biolink:has_participant,biolink:BiologicalProcess,52
biolink:NamedThing,biolink:treats_or_applied_or_studied_to_treat,biolink:PopulationOfIndividualOrganisms,52
biolink:Activity,biolink:located_in,biolink:Gene,52
biolink:Disease,biolink:treats_or_applied_or_studied_to_treat,biolink:SmallMolecule,52
biolink:Disease,biolink:subclass_of,biolink:BehavioralFeature,52
biolink:AnatomicalEntity,biolink:treats_or_applied_or_studied_to_treat,biolink:Cohort,52
biolink:MolecularMixture,biolink:subclass_of,biolink:Phenomenon,52
biolink:OrganismTaxon,biolink:located_in,biolink:ChemicalEntity,52
biolink:Gene,biolink:causes,biolink:BiologicalEntity,52
biolink:AnatomicalEntity,biolink:contributes_to,biolink:GrossAnatomicalStructure,52
biolink:Activity,biolink:subclass_of,biolink:Phenomenon,52
biolink:Phenomenon,biolink:subclass_of,biolink:Behavior,52
biolink:Human,biolink:interacts_with,biolink:OrganismTaxon,52
biolink:GenomicEntity,biolink:has_phenotype,biolink:DiseaseOrPhenotypicFeature,51
biolink:ChemicalEntity,biolink:negatively_correlated_with,biolink:Disease,51
biolink:Cell,biolink:produces,biolink:CellularComponent,51
biolink:NamedThing,biolink:is_sequence_variant_of,biolink:Protein,51
biolink:AnatomicalEntity,biolink:affects,biolink:InformationContentEntity,51
biolink:ClinicalAttribute,biolink:occurs_in,biolink:PhenotypicFeature,51
biolink:NucleicAcidEntity,biolink:produces,biolink:Drug,51
biolink:Protein,biolink:subclass_of,biolink:AnatomicalEntity,51
biolink:NucleicAcidEntity,biolink:related_to,biolink:Device,51
biolink:ClinicalAttribute,biolink:has_input,biolink:Procedure,51
biolink:ComplexMolecularMixture,biolink:affects,biolink:MolecularActivity,51
biolink:GenomicEntity,biolink:disrupts,biolink:Behavior,51
biolink:OrganismTaxon,biolink:subclass_of,biolink:NucleicAcidEntity,51
biolink:Device,biolink:treats_or_applied_or_studied_to_treat,biolink:Behavior,51
biolink:MolecularActivity,biolink:coexists_with,biolink:Phenomenon,51
biolink:Device,biolink:related_to,biolink:GrossAnatomicalStructure,51
biolink:MolecularActivity,biolink:related_to,biolink:InformationContentEntity,51
biolink:ChemicalEntity,biolink:associated_with,biolink:NamedThing,51
biolink:Disease,biolink:subclass_of,biolink:Procedure,51
biolink:MolecularActivity,biolink:coexists_with,biolink:MolecularActivity,51
biolink:Protein,biolink:predisposes_to_condition,biolink:BiologicalProcess,50
biolink:SmallMolecule,biolink:treats,biolink:Procedure,50
biolink:Protein,biolink:associated_with,biolink:GrossAnatomicalStructure,50
biolink:Procedure,biolink:precedes,biolink:NamedThing,50
biolink:Drug,biolink:regulates,biolink:GeneFamily,50
biolink:Cell,biolink:contributes_to,biolink:Disease,50
biolink:OrganismTaxon,biolink:produces,biolink:GenomicEntity,50
biolink:PopulationOfIndividualOrganisms,biolink:related_to,biolink:Disease,50
biolink:Publication,biolink:interacts_with,biolink:ChemicalEntity,50
biolink:BiologicalProcess,biolink:subclass_of,biolink:Activity,50
biolink:Activity,biolink:coexists_with,biolink:InformationContentEntity,50
biolink:BiologicalProcess,biolink:causes,biolink:PhysiologicalProcess,50
biolink:ChemicalEntity,biolink:located_in,biolink:Food,50
biolink:Polypeptide,biolink:disrupts,biolink:Behavior,50
biolink:MolecularActivity,biolink:has_output,biolink:NucleicAcidEntity,50
biolink:MolecularMixture,biolink:precedes,biolink:Procedure,50
biolink:Cohort,biolink:has_input,biolink:BiologicalProcess,50
biolink:Disease,biolink:related_to,biolink:PopulationOfIndividualOrganisms,50
biolink:Device,biolink:interacts_with,biolink:ComplexMolecularMixture,50
biolink:SmallMolecule,biolink:disrupts,biolink:OrganismTaxon,50
biolink:InformationContentEntity,biolink:disrupts,biolink:BiologicalProcess,50
biolink:ClinicalAttribute,biolink:affects,biolink:PopulationOfIndividualOrganisms,50
biolink:Pathway,biolink:positively_correlated_with,biolink:BiologicalProcess,50
biolink:Protein,biolink:has_member,biolink:Protein,50
biolink:Publication,biolink:close_match,biolink:InformationContentEntity,50
biolink:InformationContentEntity,biolink:occurs_in,biolink:Disease,50
biolink:Behavior,biolink:related_to,biolink:ChemicalEntity,49
biolink:PhysicalEntity,biolink:affects,biolink:ChemicalEntity,49
biolink:Procedure,biolink:has_part,biolink:Procedure,49
biolink:Device,biolink:related_to,biolink:NucleicAcidEntity,49
biolink:Disease,biolink:coexists_with,biolink:NucleicAcidEntity,49
biolink:BiologicalProcess,biolink:regulates,biolink:PhenotypicFeature,49
biolink:Drug,biolink:interacts_with,biolink:Phenomenon,49
biolink:Cohort,biolink:has_input,biolink:Cohort,49
biolink:Protein,biolink:treats_or_applied_or_studied_to_treat,biolink:Procedure,49
biolink:Behavior,biolink:preventative_for_condition,biolink:PhenotypicFeature,49
biolink:InformationContentEntity,biolink:subclass_of,biolink:PopulationOfIndividualOrganisms,49
biolink:Drug,biolink:preventative_for_condition,biolink:AnatomicalEntity,49
biolink:ChemicalEntity,biolink:physically_interacts_with,biolink:NucleicAcidEntity,49
biolink:ChemicalEntity,biolink:subclass_of,biolink:NucleicAcidEntity,49
biolink:Device,biolink:treats_or_applied_or_studied_to_treat,biolink:BiologicalProcess,49
biolink:Food,biolink:predisposes_to_condition,biolink:DiseaseOrPhenotypicFeature,49
biolink:Cell,biolink:related_to,biolink:MolecularActivity,49
biolink:SmallMolecule,biolink:interacts_with,biolink:MolecularActivity,49
biolink:Cohort,biolink:occurs_in,biolink:PopulationOfIndividualOrganisms,49
biolink:Procedure,biolink:diagnoses,biolink:Phenomenon,49
biolink:Pathway,biolink:related_to,biolink:MolecularActivity,49
biolink:Procedure,biolink:coexists_with,biolink:Publication,49
biolink:NucleicAcidEntity,biolink:occurs_in,biolink:PopulationOfIndividualOrganisms,49
biolink:SmallMolecule,biolink:correlated_with,biolink:Protein,48
biolink:MolecularMixture,biolink:chemically_similar_to,biolink:Drug,48
biolink:Procedure,biolink:subclass_of,biolink:Protein,48
biolink:AnatomicalEntity,biolink:regulates,biolink:Gene,48
biolink:Drug,biolink:coexists_with,biolink:PhysicalEntity,48
biolink:ChemicalEntity,biolink:treats_or_applied_or_studied_to_treat,biolink:Behavior,48
biolink:Procedure,biolink:precedes,biolink:AnatomicalEntity,48
biolink:Cohort,biolink:subclass_of,biolink:Agent,48
biolink:InformationContentEntity,biolink:disrupts,biolink:Disease,48
biolink:InformationContentEntity,biolink:coexists_with,biolink:SmallMolecule,48
biolink:ChemicalEntity,biolink:has_side_effect,biolink:Disease,48
biolink:PhenotypicFeature,biolink:subclass_of,biolink:BehavioralFeature,48
biolink:PhysicalEntity,biolink:associated_with,biolink:Disease,48
biolink:Drug,biolink:superclass_of,biolink:ComplexMolecularMixture,48
biolink:MolecularActivity,biolink:subclass_of,biolink:Publication,48
biolink:Phenomenon,biolink:related_to,biolink:Device,48
biolink:InformationContentEntity,biolink:causes,biolink:BiologicalProcess,48
biolink:Procedure,biolink:causes,biolink:Procedure,48
biolink:ClinicalAttribute,biolink:located_in,biolink:Agent,48
biolink:Agent,biolink:related_to,biolink:Cohort,48
biolink:Cohort,biolink:related_to,biolink:Agent,48
biolink:PhysiologicalProcess,biolink:subclass_of,biolink:Publication,48
biolink:ComplexMolecularMixture,biolink:superclass_of,biolink:Drug,48
biolink:ChemicalEntity,biolink:has_part,biolink:MolecularMixture,48
biolink:MolecularActivity,biolink:has_output,biolink:Gene,48
biolink:Gene,biolink:has_input,biolink:SmallMolecule,48
biolink:CellularComponent,biolink:close_match,biolink:AnatomicalEntity,48
biolink:Activity,biolink:affects,biolink:Drug,48
biolink:NucleicAcidEntity,biolink:subclass_of,biolink:Gene,48
biolink:Phenomenon,biolink:occurs_in,biolink:Protein,48
biolink:SmallMolecule,biolink:causes,biolink:Behavior,48
biolink:PhenotypicFeature,biolink:has_input,biolink:Food,48
biolink:Food,biolink:subclass_of,biolink:PhysicalEntity,48
biolink:Protein,biolink:close_match,biolink:Device,48
biolink:Publication,biolink:has_part,biolink:Publication,48
biolink:PhenotypicFeature,biolink:disrupts,biolink:MolecularActivity,48
biolink:Disease,biolink:has_side_effect,biolink:ChemicalEntity,48
biolink:InformationContentEntity,biolink:occurs_in,biolink:GrossAnatomicalStructure,48
biolink:SmallMolecule,biolink:applied_to_treat,biolink:Procedure,48
biolink:BiologicalProcess,biolink:correlated_with,biolink:Disease,48
biolink:Behavior,biolink:subclass_of,biolink:NamedThing,48
biolink:InformationContentEntity,biolink:has_member,biolink:PhysicalEntity,48
biolink:ChemicalEntity,biolink:treats_or_applied_or_studied_to_treat,biolink:CellularComponent,48
biolink:MolecularActivity,biolink:related_to,biolink:AnatomicalEntity,47
biolink:BiologicalProcess,biolink:precedes,biolink:Procedure,47
biolink:Procedure,biolink:close_match,biolink:PhenotypicFeature,47
biolink:PhenotypicFeature,biolink:associated_with,biolink:ClinicalAttribute,47
biolink:MolecularMixture,biolink:produces,biolink:AnatomicalEntity,47
biolink:Cell,biolink:coexists_with,biolink:CellularComponent,47
biolink:Disease,biolink:affects,biolink:NucleicAcidEntity,47
biolink:NamedThing,biolink:has_input,biolink:Device,47
biolink:Drug,biolink:has_input,biolink:Procedure,47
biolink:PhenotypicFeature,biolink:interacts_with,biolink:Cohort,47
biolink:Publication,biolink:coexists_with,biolink:Activity,47
biolink:MolecularActivity,biolink:located_in,biolink:Drug,47
biolink:Activity,biolink:affects,biolink:Agent,47
biolink:Cohort,biolink:subclass_of,biolink:PhenotypicFeature,47
biolink:Protein,biolink:occurs_in,biolink:Cell,47
biolink:PhenotypicFeature,biolink:produces,biolink:GrossAnatomicalStructure,47
biolink:NucleicAcidEntity,biolink:disrupts,biolink:Behavior,47
biolink:Publication,biolink:related_to,biolink:NamedThing,47
biolink:Procedure,biolink:occurs_in,biolink:Disease,47
biolink:NamedThing,biolink:subclass_of,biolink:Cohort,47
biolink:InformationContentEntity,biolink:related_to,biolink:OrganismTaxon,47
biolink:ComplexMolecularMixture,biolink:interacts_with,biolink:Device,47
biolink:Phenomenon,biolink:located_in,biolink:InformationContentEntity,47
biolink:BiologicalProcess,biolink:precedes,biolink:AnatomicalEntity,47
biolink:AnatomicalEntity,biolink:associated_with,biolink:BiologicalProcess,47
biolink:Protein,biolink:biomarker_for,biolink:GenomicEntity,47
biolink:Procedure,biolink:subclass_of,biolink:Behavior,47
biolink:CellularComponent,biolink:overlaps,biolink:GrossAnatomicalStructure,47
biolink:Phenomenon,biolink:close_match,biolink:InformationContentEntity,47
biolink:ChemicalEntity,biolink:regulates,biolink:Protein,47
biolink:BiologicalProcess,biolink:precedes,biolink:ClinicalAttribute,47
biolink:InformationContentEntity,biolink:predisposes_to_condition,biolink:BiologicalProcess,47
biolink:CellularComponent,biolink:affects,biolink:GrossAnatomicalStructure,47
biolink:ChemicalMixture,biolink:interacts_with,biolink:MolecularMixture,47
biolink:Publication,biolink:precedes,biolink:Procedure,46
biolink:MolecularMixture,biolink:coexists_with,biolink:Polypeptide,46
biolink:Procedure,biolink:affects,biolink:GrossAnatomicalStructure,46
biolink:Event,biolink:coexists_with,biolink:Disease,46
biolink:ChemicalMixture,biolink:located_in,biolink:GrossAnatomicalStructure,46
biolink:SmallMolecule,biolink:has_input,biolink:Device,46
biolink:ChemicalEntity,biolink:treats_or_applied_or_studied_to_treat,biolink:NamedThing,46
biolink:Procedure,biolink:affects,biolink:OrganismTaxon,46
biolink:ComplexMolecularMixture,biolink:affects,biolink:ComplexMolecularMixture,46
biolink:SmallMolecule,biolink:subclass_of,biolink:MolecularEntity,46
biolink:AnatomicalEntity,biolink:has_part,biolink:ComplexMolecularMixture,46
biolink:Publication,biolink:treats_or_applied_or_studied_to_treat,biolink:Agent,46
biolink:Cohort,biolink:related_to,biolink:Publication,46
biolink:NucleicAcidEntity,biolink:gene_associated_with_condition,biolink:PhenotypicFeature,46
biolink:Disease,biolink:occurs_in,biolink:GenomicEntity,46
biolink:Drug,biolink:disrupts,biolink:OrganismTaxon,46
biolink:Human,biolink:has_part,biolink:Polypeptide,46
biolink:Cohort,biolink:subclass_of,biolink:Disease,46
biolink:ClinicalAttribute,biolink:manifestation_of,biolink:BiologicalProcess,46
biolink:Disease,biolink:close_match,biolink:AnatomicalEntity,46
biolink:Drug,biolink:subclass_of,biolink:Cell,46
biolink:GenomicEntity,biolink:produces,biolink:Gene,46
biolink:ChemicalEntity,biolink:related_to,biolink:GrossAnatomicalStructure,46
biolink:Cell,biolink:overlaps,biolink:Cell,46
biolink:GenomicEntity,biolink:has_part,biolink:Polypeptide,46
biolink:SmallMolecule,biolink:treats_or_applied_or_studied_to_treat,biolink:Activity,46
biolink:Cell,biolink:affects,biolink:Procedure,46
biolink:Protein,biolink:subclass_of,biolink:Food,46
biolink:MolecularActivity,biolink:occurs_in,biolink:InformationContentEntity,46
biolink:NamedThing,biolink:precedes,biolink:Disease,46
biolink:GrossAnatomicalStructure,biolink:coexists_with,biolink:Cell,46
biolink:Protein,biolink:predisposes_to_condition,biolink:NamedThing,46
biolink:Disease,biolink:disrupts,biolink:PhenotypicFeature,46
biolink:OrganismTaxon,biolink:coexists_with,biolink:Protein,46
biolink:AnatomicalEntity,biolink:has_part,biolink:OrganismTaxon,45
biolink:MolecularMixture,biolink:affects,biolink:DiseaseOrPhenotypicFeature,45
biolink:ChemicalEntity,biolink:treats_or_applied_or_studied_to_treat,biolink:BiologicalProcess,45
biolink:BiologicalProcess,biolink:associated_with,biolink:ComplexMolecularMixture,45
biolink:InformationContentEntity,biolink:has_part,biolink:Gene,45
biolink:Protein,biolink:coexists_with,biolink:Activity,45
biolink:Device,biolink:close_match,biolink:MolecularMixture,45
biolink:OrganismTaxon,biolink:affects,biolink:Cell,45
biolink:InformationContentEntity,biolink:has_part,biolink:CellularComponent,45
biolink:Device,biolink:subclass_of,biolink:SmallMolecule,45
biolink:Publication,biolink:related_to,biolink:Device,45
biolink:Publication,biolink:related_to,biolink:Cohort,45
biolink:Publication,biolink:subclass_of,biolink:Behavior,45
biolink:BiologicalProcess,biolink:contributes_to,biolink:Disease,45
biolink:Polypeptide,biolink:close_match,biolink:Polypeptide,45
biolink:GenomicEntity,biolink:interacts_with,biolink:MolecularMixture,45
biolink:AnatomicalEntity,biolink:causes,biolink:GrossAnatomicalStructure,45
biolink:Event,biolink:occurs_in,biolink:PopulationOfIndividualOrganisms,45
biolink:SmallMolecule,biolink:negatively_correlated_with,biolink:PhenotypicFeature,45
biolink:BiologicalProcess,biolink:produces,biolink:Gene,45
biolink:ChemicalEntity,biolink:has_part,biolink:CellularComponent,45
biolink:OrganismTaxon,biolink:close_match,biolink:Human,45
biolink:NamedThing,biolink:related_to,biolink:OrganismTaxon,45
biolink:MolecularActivity,biolink:affects,biolink:NucleicAcidEntity,45
biolink:ComplexMolecularMixture,biolink:located_in,biolink:Cohort,45
biolink:IndividualOrganism,biolink:located_in,biolink:Agent,45
biolink:AnatomicalEntity,biolink:subclass_of,biolink:BiologicalEntity,45
biolink:CellularComponent,biolink:coexists_with,biolink:ChemicalEntity,45
biolink:AnatomicalEntity,biolink:subclass_of,biolink:ChemicalEntity,45
biolink:Activity,biolink:produces,biolink:Drug,45
biolink:MolecularActivity,biolink:occurs_in,biolink:Drug,45
biolink:NucleicAcidEntity,biolink:disrupts,biolink:AnatomicalEntity,45
biolink:MolecularActivity,biolink:subclass_of,biolink:Drug,45
biolink:Phenomenon,biolink:affects,biolink:ChemicalEntity,45
biolink:MolecularActivity,biolink:subclass_of,biolink:Protein,45
biolink:Cell,biolink:has_not_completed,biolink:BiologicalProcess,44
biolink:PhenotypicFeature,biolink:close_match,biolink:ClinicalAttribute,44
biolink:Cell,biolink:interacts_with,biolink:PhenotypicFeature,44
biolink:Publication,biolink:causes,biolink:PhenotypicFeature,44
biolink:Behavior,biolink:manifestation_of,biolink:PhenotypicFeature,44
biolink:OrganismTaxon,biolink:subclass_of,biolink:ChemicalEntity,44
biolink:OrganismTaxon,biolink:interacts_with,biolink:Cell,44
biolink:PhysiologicalProcess,biolink:affects,biolink:MolecularMixture,44
biolink:InformationContentEntity,biolink:has_member,biolink:GrossAnatomicalStructure,44
biolink:ChemicalEntity,biolink:related_to,biolink:Behavior,44
biolink:NamedThing,biolink:occurs_in,biolink:PopulationOfIndividualOrganisms,44
biolink:Behavior,biolink:precedes,biolink:BiologicalProcess,44
biolink:Protein,biolink:has_part,biolink:Food,44
biolink:MolecularMixture,biolink:coexists_with,biolink:GenomicEntity,44
biolink:Procedure,biolink:diagnoses,biolink:NucleicAcidEntity,44
biolink:Drug,biolink:subclass_of,biolink:MolecularActivity,44
biolink:ComplexMolecularMixture,biolink:treats_or_applied_or_studied_to_treat,biolink:Human,44
biolink:IndividualOrganism,biolink:subclass_of,biolink:Activity,44
biolink:Device,biolink:diagnoses,biolink:Disease,44
biolink:PhysiologicalProcess,biolink:has_part,biolink:MolecularActivity,44
biolink:NucleicAcidEntity,biolink:causes,biolink:InformationContentEntity,44
biolink:Cell,biolink:physically_interacts_with,biolink:Cell,44
biolink:Agent,biolink:related_to,biolink:PhysicalEntity,44
biolink:AnatomicalEntity,biolink:produces,biolink:GenomicEntity,44
biolink:Drug,biolink:superclass_of,biolink:Drug,44
biolink:BiologicalEntity,biolink:related_to,biolink:ChemicalMixture,44
biolink:ChemicalEntity,biolink:affects,biolink:GeneFamily,44
biolink:MolecularActivity,biolink:associated_with,biolink:Disease,44
biolink:SmallMolecule,biolink:treats_or_applied_or_studied_to_treat,biolink:Phenomenon,44
biolink:Phenomenon,biolink:coexists_with,biolink:PhenotypicFeature,44
biolink:NamedThing,biolink:related_to,biolink:SmallMolecule,44
biolink:MolecularActivity,biolink:affects,biolink:PopulationOfIndividualOrganisms,44
biolink:MolecularMixture,biolink:affects,biolink:OrganismTaxon,44
biolink:Publication,biolink:subclass_of,biolink:Device,44
biolink:PhysicalEntity,biolink:related_to,biolink:Agent,44
biolink:Activity,biolink:causes,biolink:InformationContentEntity,44
biolink:Disease,biolink:related_to,biolink:PhysicalEntity,43
biolink:ChemicalEntity,biolink:related_to,biolink:Publication,43
biolink:InformationContentEntity,biolink:has_part,biolink:ChemicalEntity,43
biolink:Publication,biolink:has_part,biolink:AnatomicalEntity,43
biolink:NamedThing,biolink:correlated_with,biolink:SmallMolecule,43
biolink:CellularComponent,biolink:related_to,biolink:PhenotypicFeature,43
biolink:Behavior,biolink:related_to,biolink:Drug,43
biolink:GenomicEntity,biolink:coexists_with,biolink:MolecularMixture,43
biolink:BiologicalEntity,biolink:produces,biolink:SmallMolecule,43
biolink:Cell,biolink:produces,biolink:ComplexMolecularMixture,43
biolink:NucleicAcidEntity,biolink:affects,biolink:MolecularMixture,43
biolink:Publication,biolink:has_input,biolink:Activity,43
biolink:ChemicalEntity,biolink:produces,biolink:MolecularMixture,43
biolink:MolecularMixture,biolink:has_part,biolink:CellularComponent,43
biolink:Procedure,biolink:preventative_for_condition,biolink:ClinicalAttribute,43
biolink:BiologicalProcess,biolink:produces,biolink:GrossAnatomicalStructure,43
biolink:Publication,biolink:affects,biolink:Cohort,43
biolink:GrossAnatomicalStructure,biolink:coexists_with,biolink:PhenotypicFeature,43
biolink:Agent,biolink:has_part,biolink:CellularComponent,43
biolink:OrganismTaxon,biolink:related_to,biolink:MolecularActivity,43
biolink:Device,biolink:related_to,biolink:Polypeptide,43
biolink:PhenotypicFeature,biolink:biomarker_for,biolink:InformationContentEntity,43
biolink:Drug,biolink:related_to,biolink:Publication,43
biolink:Protein,biolink:preventative_for_condition,biolink:BiologicalEntity,43
biolink:MolecularMixture,biolink:same_as,biolink:Drug,43
biolink:Activity,biolink:coexists_with,biolink:Protein,43
biolink:AnatomicalEntity,biolink:produces,biolink:NucleicAcidEntity,43
biolink:BiologicalEntity,biolink:affects,biolink:Cohort,43
biolink:PhenotypicFeature,biolink:close_match,biolink:Behavior,43
biolink:OrganismTaxon,biolink:interacts_with,biolink:GenomicEntity,43
biolink:Polypeptide,biolink:related_to,biolink:Device,43
biolink:PhenotypicFeature,biolink:subclass_of,biolink:PopulationOfIndividualOrganisms,43
biolink:Event,biolink:occurs_in,biolink:Cohort,43
biolink:SmallMolecule,biolink:contraindicated_in,biolink:Procedure,43
biolink:AnatomicalEntity,biolink:composed_primarily_of,biolink:CellularComponent,43
biolink:Phenomenon,biolink:manifestation_of,biolink:BiologicalProcess,43
biolink:SmallMolecule,biolink:correlated_with,biolink:NamedThing,43
biolink:Phenomenon,biolink:close_match,biolink:BiologicalProcess,43
biolink:ChemicalEntity,biolink:subclass_of,biolink:BiologicalProcess,43
biolink:ChemicalEntity,biolink:coexists_with,biolink:InformationContentEntity,43
biolink:PhysiologicalProcess,biolink:produces,biolink:Polypeptide,43
biolink:AnatomicalEntity,biolink:affects,biolink:Cohort,43
biolink:NamedThing,biolink:related_to,biolink:Publication,42
biolink:Drug,biolink:subclass_of,biolink:PhysicalEntity,42
biolink:NamedThing,biolink:close_match,biolink:Phenomenon,42
biolink:ClinicalAttribute,biolink:affects,biolink:Phenomenon,42
biolink:Gene,biolink:has_part,biolink:Gene,42
biolink:Protein,biolink:related_to,biolink:GrossAnatomicalStructure,42
biolink:InformationContentEntity,biolink:occurs_in,biolink:InformationContentEntity,42
biolink:MolecularMixture,biolink:chemically_similar_to,biolink:MolecularMixture,42
biolink:PhenotypicFeature,biolink:coexists_with,biolink:Phenomenon,42
biolink:Cohort,biolink:interacts_with,biolink:PhenotypicFeature,42
biolink:Behavior,biolink:subclass_of,biolink:ClinicalAttribute,42
biolink:Drug,biolink:preventative_for_condition,biolink:NamedThing,42
biolink:NucleicAcidEntity,biolink:occurs_in,biolink:Cohort,42
biolink:OrganismTaxon,biolink:affects,biolink:PhysiologicalProcess,42
biolink:Procedure,biolink:has_input,biolink:Cell,42
biolink:Drug,biolink:produces,biolink:GenomicEntity,42
biolink:Gene,biolink:increases_response_to,biolink:SmallMolecule,42
biolink:Cell,biolink:coexists_with,biolink:GrossAnatomicalStructure,42
biolink:PhenotypicFeature,biolink:occurs_in,biolink:Behavior,42
biolink:PhysicalEntity,biolink:related_to,biolink:Disease,42
biolink:Protein,biolink:produces,biolink:Food,42
biolink:Disease,biolink:manifestation_of,biolink:Activity,42
biolink:ChemicalEntity,biolink:associated_with,biolink:BiologicalProcess,42
biolink:GrossAnatomicalStructure,biolink:has_input,biolink:InformationContentEntity,42
biolink:ChemicalMixture,biolink:coexists_with,biolink:ChemicalEntity,42
biolink:InformationContentEntity,biolink:has_input,biolink:MolecularMixture,42
biolink:DiseaseOrPhenotypicFeature,biolink:subclass_of,biolink:AnatomicalEntity,42
biolink:CellularComponent,biolink:interacts_with,biolink:Drug,42
biolink:BiologicalEntity,biolink:located_in,biolink:PhenotypicFeature,42
biolink:ChemicalMixture,biolink:treats_or_applied_or_studied_to_treat,biolink:PhenotypicFeature,42
biolink:DiseaseOrPhenotypicFeature,biolink:occurs_in,biolink:Agent,42
biolink:Protein,biolink:has_participant,biolink:ChemicalEntity,42
biolink:ChemicalEntity,biolink:close_match,biolink:Gene,42
biolink:Publication,biolink:has_input,biolink:Agent,41
biolink:Polypeptide,biolink:causes,biolink:BiologicalProcess,41
biolink:GenomicEntity,biolink:has_molecular_consequence,biolink:InformationContentEntity,41
biolink:SmallMolecule,biolink:coexists_with,biolink:ChemicalMixture,41
biolink:Drug,biolink:preventative_for_condition,biolink:Procedure,41
biolink:MolecularMixture,biolink:subclass_of,biolink:NamedThing,41
biolink:Agent,biolink:has_part,biolink:Gene,41
biolink:Drug,biolink:precedes,biolink:Disease,41
biolink:OrganismTaxon,biolink:related_to,biolink:InformationContentEntity,41
biolink:Drug,biolink:produces,biolink:Polypeptide,41
biolink:Procedure,biolink:has_input,biolink:PopulationOfIndividualOrganisms,41
biolink:MolecularMixture,biolink:interacts_with,biolink:GenomicEntity,41
biolink:BiologicalProcess,biolink:close_match,biolink:PhenotypicFeature,41
biolink:BiologicalProcess,biolink:affects,biolink:NucleicAcidEntity,41
biolink:ChemicalEntity,biolink:affected_by,biolink:Protein,41
biolink:Gene,biolink:related_to,biolink:PhysiologicalProcess,41
biolink:Polypeptide,biolink:related_to,biolink:NucleicAcidEntity,41
biolink:BiologicalProcess,biolink:diagnoses,biolink:OrganismTaxon,41
biolink:Cohort,biolink:occurs_in,biolink:Cohort,41
biolink:Protein,biolink:affected_by,biolink:ChemicalEntity,41
biolink:NamedThing,biolink:subclass_of,biolink:Procedure,41
biolink:IndividualOrganism,biolink:subclass_of,biolink:InformationContentEntity,41
biolink:PhysiologicalProcess,biolink:occurs_in,biolink:Agent,41
biolink:Food,biolink:affects,biolink:ClinicalAttribute,41
biolink:Procedure,biolink:causes,biolink:BiologicalProcess,41
biolink:Protein,biolink:same_as,biolink:Protein,41
biolink:Procedure,biolink:subclass_of,biolink:SmallMolecule,41
biolink:Polypeptide,biolink:treats_or_applied_or_studied_to_treat,biolink:PhenotypicFeature,41
biolink:Human,biolink:has_input,biolink:InformationContentEntity,41
biolink:Disease,biolink:interacts_with,biolink:PhenotypicFeature,41
biolink:Device,biolink:related_to,biolink:Phenomenon,41
biolink:ChemicalEntity,biolink:coexists_with,biolink:OrganismTaxon,41
biolink:Polypeptide,biolink:affects,biolink:GenomicEntity,41
biolink:Protein,biolink:gene_associated_with_condition,biolink:MolecularActivity,41
biolink:PhenotypicFeature,biolink:has_input,biolink:SmallMolecule,41
biolink:ChemicalEntity,biolink:preventative_for_condition,biolink:BiologicalEntity,41
biolink:Drug,biolink:affects,biolink:PopulationOfIndividualOrganisms,41
biolink:CellularComponent,biolink:disrupts,biolink:Disease,41
biolink:Food,biolink:close_match,biolink:Drug,41
biolink:Activity,biolink:disrupts,biolink:MolecularActivity,41
biolink:PhenotypicFeature,biolink:has_input,biolink:InformationContentEntity,40
biolink:Cell,biolink:located_in,biolink:IndividualOrganism,40
biolink:PhenotypicFeature,biolink:has_input,biolink:PhysicalEntity,40
biolink:Protein,biolink:located_in,biolink:Device,40
biolink:ComplexMolecularMixture,biolink:affects,biolink:AnatomicalEntity,40
biolink:NamedThing,biolink:contraindicated_in,biolink:Protein,40
biolink:Device,biolink:has_input,biolink:AnatomicalEntity,40
biolink:InformationContentEntity,biolink:close_match,biolink:Publication,40
biolink:Protein,biolink:disrupts,biolink:NamedThing,40
biolink:Event,biolink:subclass_of,biolink:InformationContentEntity,40
biolink:PhenotypicFeature,biolink:produces,biolink:MolecularMixture,40
biolink:GrossAnatomicalStructure,biolink:located_in,biolink:PhenotypicFeature,40
biolink:Disease,biolink:related_to,biolink:MolecularActivity,40
biolink:Agent,biolink:produces,biolink:Device,40
biolink:Disease,biolink:located_in,biolink:ClinicalAttribute,40
biolink:NucleicAcidEntity,biolink:derives_from,biolink:NucleicAcidEntity,40
biolink:AnatomicalEntity,biolink:causes,biolink:BiologicalProcess,40
biolink:PhenotypicFeature,biolink:interacts_with,biolink:Cell,40
biolink:Protein,biolink:contraindicated_in,biolink:NamedThing,40
biolink:ChemicalMixture,biolink:causes,biolink:PhenotypicFeature,40
biolink:OrganismTaxon,biolink:has_part,biolink:Device,40
biolink:BiologicalProcess,biolink:produces,biolink:NucleicAcidEntity,40
biolink:BiologicalProcess,biolink:produces,biolink:ComplexMolecularMixture,40
biolink:MolecularActivity,biolink:has_participant,biolink:ChemicalMixture,40
biolink:PhysiologicalProcess,biolink:related_to,biolink:Protein,40
biolink:Drug,biolink:associated_with,biolink:ClinicalAttribute,40
biolink:SmallMolecule,biolink:coexists_with,biolink:Activity,40
biolink:BiologicalProcess,biolink:has_input,biolink:Device,40
biolink:Disease,biolink:affects,biolink:SmallMolecule,40
biolink:ComplexMolecularMixture,biolink:located_in,biolink:CellularComponent,40
biolink:SmallMolecule,biolink:disrupts,biolink:Polypeptide,40
biolink:BiologicalProcess,biolink:has_participant,biolink:Disease,40
biolink:ChemicalEntity,biolink:interacts_with,biolink:InformationContentEntity,40
biolink:Drug,biolink:related_to,biolink:Behavior,39
biolink:GrossAnatomicalStructure,biolink:homologous_to,biolink:GrossAnatomicalStructure,39
biolink:Protein,biolink:located_in,biolink:ComplexMolecularMixture,39
biolink:ChemicalMixture,biolink:coexists_with,biolink:Drug,39
biolink:SmallMolecule,biolink:treats_or_applied_or_studied_to_treat,biolink:Behavior,39
biolink:NamedThing,biolink:close_match,biolink:Procedure,39
biolink:GrossAnatomicalStructure,biolink:derives_from,biolink:AnatomicalEntity,39
biolink:PhysiologicalProcess,biolink:associated_with,biolink:Disease,39
biolink:Phenomenon,biolink:subclass_of,biolink:ClinicalAttribute,39
biolink:OrganismTaxon,biolink:located_in,biolink:MolecularMixture,39
biolink:Cell,biolink:has_increased_amount,biolink:CellularComponent,39
biolink:InformationContentEntity,biolink:subclass_of,biolink:PhysicalEntity,39
biolink:Activity,biolink:has_input,biolink:AnatomicalEntity,39
biolink:MolecularMixture,biolink:located_in,biolink:Agent,39
biolink:Cohort,biolink:subclass_of,biolink:Activity,39
biolink:GenomicEntity,biolink:interacts_with,biolink:Device,39
biolink:ChemicalEntity,biolink:close_match,biolink:PhysicalEntity,39
biolink:Polypeptide,biolink:interacts_with,biolink:Device,39
biolink:Behavior,biolink:occurs_in,biolink:Publication,39
biolink:Activity,biolink:subclass_of,biolink:BiologicalProcess,39
biolink:GrossAnatomicalStructure,biolink:produces,biolink:Device,39
biolink:Agent,biolink:related_to,biolink:PhenotypicFeature,39
biolink:Agent,biolink:related_to,biolink:Publication,39
biolink:MolecularMixture,biolink:causes,biolink:Phenomenon,39
biolink:SmallMolecule,biolink:causes,biolink:AnatomicalEntity,39
biolink:InformationContentEntity,biolink:related_to,biolink:MolecularMixture,39
biolink:CellularComponent,biolink:affects,biolink:AnatomicalEntity,39
biolink:Procedure,biolink:predisposes_to_condition,biolink:InformationContentEntity,39
biolink:ComplexMolecularMixture,biolink:treats_or_applied_or_studied_to_treat,biolink:Agent,39
biolink:PhenotypicFeature,biolink:related_to,biolink:Agent,39
biolink:PhysiologicalProcess,biolink:coexists_with,biolink:InformationContentEntity,39
biolink:InformationContentEntity,biolink:subclass_of,biolink:Device,39
biolink:Procedure,biolink:has_input,biolink:OrganismTaxon,39
biolink:Device,biolink:derives_from,biolink:ChemicalEntity,39
biolink:MolecularActivity,biolink:has_participant,biolink:CellularComponent,39
biolink:Protein,biolink:treats_or_applied_or_studied_to_treat,biolink:ClinicalAttribute,38
biolink:Activity,biolink:related_to,biolink:Food,38
biolink:Activity,biolink:causes,biolink:DiseaseOrPhenotypicFeature,38
biolink:OrganismTaxon,biolink:preventative_for_condition,biolink:Disease,38
biolink:Procedure,biolink:precedes,biolink:Behavior,38
biolink:PhysiologicalProcess,biolink:related_to,biolink:MolecularActivity,38
biolink:BiologicalEntity,biolink:model_of,biolink:BiologicalEntity,38
biolink:CellularComponent,biolink:related_to,biolink:Drug,38
biolink:Activity,biolink:occurs_in,biolink:InformationContentEntity,38
biolink:MolecularActivity,biolink:treats_or_applied_or_studied_to_treat,biolink:PopulationOfIndividualOrganisms,38
biolink:ChemicalEntity,biolink:subclass_of,biolink:Cell,38
biolink:PhysiologicalProcess,biolink:coexists_with,biolink:PhenotypicFeature,38
biolink:PhenotypicFeature,biolink:coexists_with,biolink:Cohort,38
biolink:SmallMolecule,biolink:associated_with,biolink:NamedThing,38
biolink:MolecularActivity,biolink:located_in,biolink:SmallMolecule,38
biolink:Drug,biolink:increases_response_to,biolink:Protein,38
biolink:ChemicalEntity,biolink:close_match,biolink:BiologicalProcess,38
biolink:AnatomicalEntity,biolink:close_match,biolink:Protein,38
biolink:NamedThing,biolink:related_to,biolink:BiologicalEntity,38
biolink:AnatomicalEntity,biolink:close_match,biolink:Drug,38
biolink:BiologicalEntity,biolink:affects,biolink:PhysiologicalProcess,38
biolink:Disease,biolink:disrupts,biolink:InformationContentEntity,38
biolink:GenomicEntity,biolink:affects,biolink:NucleicAcidEntity,38
biolink:PhysicalEntity,biolink:composed_primarily_of,biolink:PhysicalEntity,38
biolink:AnatomicalEntity,biolink:associated_with,biolink:Procedure,38
biolink:ChemicalEntity,biolink:coexists_with,biolink:Activity,38
biolink:ChemicalEntity,biolink:related_to,biolink:CellularComponent,38
biolink:OrganismTaxon,biolink:close_match,biolink:ChemicalEntity,38
biolink:MolecularMixture,biolink:affects,biolink:Device,38
biolink:MolecularActivity,biolink:related_to,biolink:PhysiologicalProcess,38
biolink:PhysiologicalProcess,biolink:close_match,biolink:PhysiologicalProcess,38
biolink:ChemicalEntity,biolink:expressed_in,biolink:AnatomicalEntity,38
biolink:ClinicalAttribute,biolink:has_input,biolink:ChemicalEntity,38
biolink:Phenomenon,biolink:associated_with,biolink:Drug,38
biolink:PhenotypicFeature,biolink:subclass_of,biolink:PhysiologicalProcess,38
biolink:AnatomicalEntity,biolink:affects,biolink:GrossAnatomicalStructure,38
biolink:PhenotypicFeature,biolink:interacts_with,biolink:Disease,37
biolink:Disease,biolink:causes,biolink:Behavior,37
biolink:DiseaseOrPhenotypicFeature,biolink:subclass_of,biolink:InformationContentEntity,37
biolink:BiologicalProcess,biolink:has_input,biolink:OrganismTaxon,37
biolink:Food,biolink:causes,biolink:BiologicalProcess,37
biolink:BiologicalProcess,biolink:occurs_in,biolink:Publication,37
biolink:GenomicEntity,biolink:is_sequence_variant_of,biolink:GenomicEntity,37
biolink:Cell,biolink:develops_from,biolink:OrganismTaxon,37
biolink:PopulationOfIndividualOrganisms,biolink:has_part,biolink:Food,37
biolink:Protein,biolink:affects,biolink:ChemicalMixture,37
biolink:Activity,biolink:precedes,biolink:Activity,37
biolink:Disease,biolink:has_part,biolink:Cell,37
biolink:BiologicalProcess,biolink:treats,biolink:Disease,37
biolink:Protein,biolink:affects,biolink:PopulationOfIndividualOrganisms,37
biolink:AnatomicalEntity,biolink:affects,biolink:PhysiologicalProcess,37
biolink:Publication,biolink:has_input,biolink:Protein,37
biolink:ChemicalEntity,biolink:derives_from,biolink:GenomicEntity,37
biolink:InformationContentEntity,biolink:has_member,biolink:IndividualOrganism,37
biolink:SmallMolecule,biolink:treats,biolink:NamedThing,37
biolink:MolecularActivity,biolink:occurs_in,biolink:ChemicalEntity,37
biolink:BiologicalProcess,biolink:causes,biolink:AnatomicalEntity,37
biolink:Agent,biolink:related_to,biolink:NamedThing,37
biolink:ComplexMolecularMixture,biolink:causes,biolink:Phenomenon,37
biolink:OrganismTaxon,biolink:coexists_with,biolink:Drug,37
biolink:ClinicalAttribute,biolink:has_input,biolink:SmallMolecule,37
biolink:PhenotypicFeature,biolink:affects,biolink:NamedThing,37
biolink:NamedThing,biolink:related_to,biolink:Agent,37
biolink:GenomicEntity,biolink:disrupts,biolink:AnatomicalEntity,37
biolink:ChemicalMixture,biolink:affects,biolink:PhenotypicFeature,37
biolink:NamedThing,biolink:treats,biolink:SmallMolecule,37
biolink:Agent,biolink:subclass_of,biolink:PhysicalEntity,37
biolink:Drug,biolink:derives_from,biolink:NucleicAcidEntity,37
biolink:MolecularMixture,biolink:exacerbates_condition,biolink:Disease,37
biolink:PopulationOfIndividualOrganisms,biolink:has_part,biolink:InformationContentEntity,37
biolink:Activity,biolink:affects,biolink:PhysiologicalProcess,37
biolink:MolecularMixture,biolink:subclass_of,biolink:MolecularEntity,37
biolink:Procedure,biolink:related_to,biolink:PopulationOfIndividualOrganisms,37
biolink:MolecularActivity,biolink:located_in,biolink:InformationContentEntity,36
biolink:PhysiologicalProcess,biolink:produces,biolink:AnatomicalEntity,36
biolink:MolecularMixture,biolink:located_in,biolink:MolecularMixture,36
biolink:SmallMolecule,biolink:treats_or_applied_or_studied_to_treat,biolink:BiologicalProcess,36
biolink:ChemicalEntity,biolink:affects,biolink:Cohort,36
biolink:MolecularActivity,biolink:positively_correlated_with,biolink:BiologicalProcess,36
biolink:ChemicalEntity,biolink:has_member,biolink:Protein,36
biolink:PhenotypicFeature,biolink:has_participant,biolink:Protein,36
biolink:Behavior,biolink:close_match,biolink:PhenotypicFeature,36
biolink:SmallMolecule,biolink:associated_with,biolink:BiologicalProcess,36
biolink:Food,biolink:coexists_with,biolink:Food,36
biolink:PhysiologicalProcess,biolink:located_in,biolink:CellularComponent,36
biolink:Disease,biolink:predisposes_to_condition,biolink:Behavior,36
biolink:OrganismTaxon,biolink:produces,biolink:Polypeptide,36
biolink:ComplexMolecularMixture,biolink:treats_or_applied_or_studied_to_treat,biolink:GrossAnatomicalStructure,36
biolink:SmallMolecule,biolink:located_in,biolink:Food,36
biolink:Cohort,biolink:has_part,biolink:Food,36
biolink:MolecularActivity,biolink:causes,biolink:PhysiologicalProcess,36
biolink:Protein,biolink:has_part,biolink:PhenotypicFeature,36
biolink:Drug,biolink:contraindicated_in,biolink:InformationContentEntity,36
biolink:ChemicalEntity,biolink:superclass_of,biolink:ComplexMolecularMixture,36
biolink:ComplexMolecularMixture,biolink:superclass_of,biolink:ChemicalEntity,36
biolink:Drug,biolink:superclass_of,biolink:ChemicalExposure,36
biolink:PhysiologicalProcess,biolink:related_to,biolink:Disease,36
biolink:BiologicalEntity,biolink:subclass_of,biolink:Disease,36
biolink:Drug,biolink:has_part,biolink:Food,36
biolink:Phenomenon,biolink:subclass_of,biolink:NamedThing,36
biolink:NucleicAcidEntity,biolink:related_to,biolink:Polypeptide,36
biolink:Publication,biolink:related_to,biolink:Agent,36
biolink:Pathway,biolink:has_participant,biolink:Polypeptide,36
biolink:Polypeptide,biolink:exacerbates_condition,biolink:Disease,36
biolink:Device,biolink:related_to,biolink:ClinicalAttribute,36
biolink:Disease,biolink:is_sequence_variant_of,biolink:PhysiologicalProcess,36
biolink:Disease,biolink:gene_product_of,biolink:PhysiologicalProcess,36
biolink:Disease,biolink:located_in,biolink:MolecularMixture,36
biolink:BiologicalProcess,biolink:correlated_with,biolink:PhenotypicFeature,36
biolink:ChemicalExposure,biolink:superclass_of,biolink:Drug,36
biolink:Disease,biolink:applied_to_treat,biolink:ChemicalEntity,36
biolink:OrganismTaxon,biolink:related_to,biolink:NamedThing,36
biolink:Activity,biolink:coexists_with,biolink:Publication,36
biolink:MolecularMixture,biolink:related_to,biolink:PhenotypicFeature,36
biolink:NamedThing,biolink:biomarker_for,biolink:NamedThing,36
biolink:ChemicalEntity,biolink:expressed_in,biolink:Cell,36
biolink:BiologicalProcess,biolink:precedes,biolink:Behavior,36
biolink:MolecularMixture,biolink:subclass_of,biolink:ComplexMolecularMixture,35
biolink:CellularComponent,biolink:related_to,biolink:GrossAnatomicalStructure,35
biolink:BiologicalProcess,biolink:causes,biolink:ClinicalAttribute,35
biolink:Activity,biolink:located_in,biolink:Publication,35
biolink:Disease,biolink:disrupts,biolink:Disease,35
biolink:GrossAnatomicalStructure,biolink:subclass_of,biolink:Cell,35
biolink:Publication,biolink:has_input,biolink:SmallMolecule,35
biolink:PhysicalEntity,biolink:related_to,biolink:IndividualOrganism,35
biolink:Protein,biolink:related_to,biolink:Publication,35
biolink:SmallMolecule,biolink:associated_with,biolink:AnatomicalEntity,35
biolink:ChemicalEntity,biolink:close_match,biolink:ComplexMolecularMixture,35
biolink:Drug,biolink:coexists_with,biolink:CellularComponent,35
biolink:IndividualOrganism,biolink:related_to,biolink:PhysicalEntity,35
biolink:PhenotypicFeature,biolink:causes,biolink:NamedThing,35
biolink:NucleicAcidEntity,biolink:close_match,biolink:SmallMolecule,35
biolink:Gene,biolink:causes,biolink:DiseaseOrPhenotypicFeature,35
biolink:BiologicalProcess,biolink:related_to,biolink:Gene,35
biolink:Activity,biolink:located_in,biolink:Drug,35
biolink:RNAProduct,biolink:subclass_of,biolink:RNAProduct,35
biolink:Device,biolink:has_input,biolink:ComplexMolecularMixture,35
biolink:Drug,biolink:similar_to,biolink:MolecularMixture,35
biolink:AnatomicalEntity,biolink:subclass_of,biolink:BiologicalProcess,35
biolink:ClinicalAttribute,biolink:related_to,biolink:Device,35
biolink:Gene,biolink:decreases_response_to,biolink:SmallMolecule,35
biolink:Protein,biolink:predisposes_to_condition,biolink:ClinicalAttribute,35
biolink:MolecularActivity,biolink:affects,biolink:AnatomicalEntity,35
biolink:SmallMolecule,biolink:subclass_of,biolink:PhysiologicalProcess,35
biolink:MolecularMixture,biolink:located_in,biolink:InformationContentEntity,35
biolink:SmallMolecule,biolink:interacts_with,biolink:CellularComponent,35
biolink:Device,biolink:treats_or_applied_or_studied_to_treat,biolink:Cell,35
biolink:Phenomenon,biolink:related_to,biolink:AnatomicalEntity,35
biolink:ChemicalEntity,biolink:associated_with,biolink:ClinicalAttribute,35
biolink:AnatomicalEntity,biolink:associated_with,biolink:Activity,35
biolink:Device,biolink:disrupts,biolink:Cell,35
biolink:Drug,biolink:disrupts,biolink:Polypeptide,35
biolink:Behavior,biolink:related_to,biolink:ClinicalAttribute,35
biolink:BiologicalProcess,biolink:has_input,biolink:Procedure,35
biolink:ClinicalAttribute,biolink:related_to,biolink:Behavior,35
biolink:Polypeptide,biolink:causes,biolink:Phenomenon,34
biolink:Food,biolink:affects,biolink:Behavior,34
biolink:Protein,biolink:diagnoses,biolink:Disease,34
biolink:NamedThing,biolink:diagnoses,biolink:Disease,34
biolink:Disease,biolink:close_match,biolink:BiologicalProcess,34
biolink:ChemicalEntity,biolink:gene_associated_with_condition,biolink:Disease,34
biolink:Gene,biolink:affects,biolink:ClinicalAttribute,34
biolink:GenomicEntity,biolink:affects,biolink:MolecularMixture,34
biolink:ComplexMolecularMixture,biolink:subclass_of,biolink:Drug,34
biolink:BiologicalProcess,biolink:has_part,biolink:PhysiologicalProcess,34
biolink:ChemicalEntity,biolink:physically_interacts_with,biolink:GeneFamily,34
biolink:Disease,biolink:occurs_in,biolink:IndividualOrganism,34
biolink:ChemicalEntity,biolink:diagnoses,biolink:Disease,34
biolink:Cell,biolink:affects,biolink:Disease,34
biolink:InformationContentEntity,biolink:close_match,biolink:InformationContentEntity,34
biolink:Disease,biolink:occurs_in,biolink:SmallMolecule,34
biolink:PhysicalEntity,biolink:treats_or_applied_or_studied_to_treat,biolink:Agent,34
biolink:InformationContentEntity,biolink:produces,biolink:AnatomicalEntity,34
biolink:ChemicalEntity,biolink:coexists_with,biolink:MolecularActivity,34
biolink:SmallMolecule,biolink:coexists_with,biolink:MolecularActivity,34
biolink:PhysiologicalProcess,biolink:subclass_of,biolink:Phenomenon,34
biolink:GrossAnatomicalStructure,biolink:occurs_in,biolink:OrganismTaxon,34
biolink:AnatomicalEntity,biolink:treats_or_applied_or_studied_to_treat,biolink:PopulationOfIndividualOrganisms,34
biolink:BiologicalProcess,biolink:has_output,biolink:MolecularMixture,34
biolink:Disease,biolink:produces,biolink:PhenotypicFeature,34
biolink:Protein,biolink:acts_upstream_of_or_within_positive_effect,biolink:BiologicalProcess,34
biolink:MolecularActivity,biolink:related_to,biolink:MolecularMixture,34
biolink:ComplexMolecularMixture,biolink:has_member,biolink:ChemicalEntity,34
biolink:PhysiologicalProcess,biolink:occurs_in,biolink:GrossAnatomicalStructure,34
biolink:Human,biolink:subclass_of,biolink:Publication,34
biolink:AnatomicalEntity,biolink:disrupts,biolink:BiologicalProcess,34
biolink:Food,biolink:affects,biolink:BiologicalEntity,33
biolink:Procedure,biolink:preventative_for_condition,biolink:Procedure,33
biolink:Phenomenon,biolink:subclass_of,biolink:Procedure,33
biolink:SmallMolecule,biolink:coexists_with,biolink:InformationContentEntity,33
biolink:GenomicEntity,biolink:has_molecular_consequence,biolink:Phenomenon,33
biolink:ComplexMolecularMixture,biolink:disrupts,biolink:MolecularActivity,33
biolink:AnatomicalEntity,biolink:develops_from,biolink:Cell,33
biolink:GrossAnatomicalStructure,biolink:subclass_of,biolink:PhysicalEntity,33
biolink:Polypeptide,biolink:has_part,biolink:ChemicalEntity,33
biolink:MolecularMixture,biolink:has_metabolite,biolink:SmallMolecule,33
biolink:InformationContentEntity,biolink:disrupts,biolink:PhenotypicFeature,33
biolink:Gene,biolink:derives_from,biolink:Drug,33
biolink:BehavioralFeature,biolink:subclass_of,biolink:Disease,33
biolink:BiologicalProcess,biolink:located_in,biolink:Agent,33
biolink:MolecularActivity,biolink:causes,biolink:Phenomenon,33
biolink:Drug,biolink:has_input,biolink:Food,33
biolink:PhenotypicFeature,biolink:related_to,biolink:DiseaseOrPhenotypicFeature,33
biolink:Procedure,biolink:diagnoses,biolink:ChemicalEntity,33
biolink:Procedure,biolink:associated_with,biolink:BiologicalProcess,33
biolink:Phenomenon,biolink:associated_with,biolink:SmallMolecule,33
biolink:Device,biolink:related_to,biolink:Publication,33
biolink:Publication,biolink:preventative_for_condition,biolink:PhenotypicFeature,33
biolink:ClinicalAttribute,biolink:has_input,biolink:Device,33
biolink:Phenomenon,biolink:predisposes_to_condition,biolink:PhenotypicFeature,33
biolink:Cohort,biolink:subclass_of,biolink:GrossAnatomicalStructure,33
biolink:Publication,biolink:located_in,biolink:PhysicalEntity,33
biolink:Gene,biolink:biomarker_for,biolink:Protein,33
biolink:SmallMolecule,biolink:affects,biolink:Cohort,33
biolink:ComplexMolecularMixture,biolink:coexists_with,biolink:MolecularMixture,33
biolink:Procedure,biolink:affects,biolink:ChemicalEntity,33
biolink:MolecularActivity,biolink:close_match,biolink:PhysiologicalProcess,33
biolink:Activity,biolink:close_match,biolink:Publication,33
biolink:PhysicalEntity,biolink:affects,biolink:Drug,33
biolink:Activity,biolink:occurs_in,biolink:Agent,33
biolink:PhenotypicFeature,biolink:has_part,biolink:NucleicAcidEntity,33
biolink:AnatomicalEntity,biolink:subclass_of,biolink:Protein,33
biolink:Event,biolink:subclass_of,biolink:PhenotypicFeature,33
biolink:Behavior,biolink:coexists_with,biolink:Activity,33
biolink:Activity,biolink:produces,biolink:ChemicalEntity,33
biolink:Drug,biolink:physically_interacts_with,biolink:Drug,33
biolink:Protein,biolink:derives_from,biolink:ComplexMolecularMixture,33
biolink:Cohort,biolink:diagnoses,biolink:NamedThing,33
biolink:Procedure,biolink:produces,biolink:Drug,32
biolink:PhysiologicalProcess,biolink:diagnoses,biolink:OrganismTaxon,32
biolink:Disease,biolink:occurs_in,biolink:NamedThing,32
biolink:OrganismTaxon,biolink:occurs_in,biolink:InformationContentEntity,32
biolink:Cell,biolink:contributes_to,biolink:GrossAnatomicalStructure,32
biolink:Procedure,biolink:produces,biolink:ChemicalEntity,32
biolink:BiologicalProcess,biolink:causes,biolink:Pathway,32
biolink:Disease,biolink:occurs_in,biolink:Behavior,32
biolink:Cell,biolink:associated_with,biolink:Disease,32
biolink:Protein,biolink:occurs_in,biolink:OrganismTaxon,32
biolink:ClinicalAttribute,biolink:subclass_of,biolink:Procedure,32
biolink:MolecularMixture,biolink:subclass_of,biolink:Food,32
biolink:MolecularMixture,biolink:causes,biolink:BiologicalEntity,32
biolink:OrganismTaxon,biolink:affects,biolink:Phenomenon,32
biolink:BiologicalProcess,biolink:produces,biolink:PhenotypicFeature,32
biolink:Behavior,biolink:associated_with,biolink:PhenotypicFeature,32
biolink:Procedure,biolink:diagnoses,biolink:GrossAnatomicalStructure,32
biolink:CellularComponent,biolink:interacts_with,biolink:SmallMolecule,32
biolink:Disease,biolink:treats,biolink:MolecularMixture,32
biolink:MolecularActivity,biolink:coexists_with,biolink:ChemicalEntity,32
biolink:Agent,biolink:related_to,biolink:Behavior,32
biolink:Drug,biolink:negatively_correlated_with,biolink:PhenotypicFeature,32
biolink:ChemicalEntity,biolink:treats_or_applied_or_studied_to_treat,biolink:Activity,32
biolink:Protein,biolink:associated_with,biolink:Behavior,32
biolink:Disease,biolink:subclass_of,biolink:Event,32
biolink:Behavior,biolink:occurs_in,biolink:NamedThing,32
biolink:BiologicalEntity,biolink:related_to,biolink:BiologicalEntity,32
biolink:CellularComponent,biolink:related_to,biolink:Disease,32
biolink:SmallMolecule,biolink:subclass_of,biolink:MolecularActivity,32
biolink:ClinicalAttribute,biolink:has_part,biolink:Protein,32
biolink:AnatomicalEntity,biolink:has_input,biolink:AnatomicalEntity,32
biolink:BiologicalProcess,biolink:associated_with,biolink:Device,32
biolink:Device,biolink:predisposes_to_condition,biolink:PhenotypicFeature,32
biolink:PhenotypicFeature,biolink:disrupts,biolink:Disease,32
biolink:Procedure,biolink:diagnoses,biolink:CellularComponent,32
biolink:Drug,biolink:preventative_for_condition,biolink:ClinicalAttribute,32
biolink:CellularComponent,biolink:interacts_with,biolink:ChemicalEntity,32
biolink:NamedThing,biolink:affects,biolink:Cohort,32
biolink:ClinicalAttribute,biolink:related_to,biolink:Cohort,32
biolink:GrossAnatomicalStructure,biolink:has_part,biolink:Device,32
biolink:Disease,biolink:close_match,biolink:Behavior,32
biolink:Cohort,biolink:related_to,biolink:ClinicalAttribute,32
biolink:Phenomenon,biolink:located_in,biolink:PhenotypicFeature,32
biolink:Behavior,biolink:related_to,biolink:Agent,32
biolink:PhenotypicFeature,biolink:causes,biolink:ClinicalAttribute,32
biolink:OrganismTaxon,biolink:disrupts,biolink:BiologicalProcess,32
biolink:AnatomicalEntity,biolink:affects,biolink:Cell,32
biolink:AnatomicalEntity,biolink:affects,biolink:AnatomicalEntity,32
biolink:InformationContentEntity,biolink:precedes,biolink:PhenotypicFeature,32
biolink:ComplexMolecularMixture,biolink:derives_from,biolink:ChemicalEntity,31
biolink:ChemicalMixture,biolink:disrupts,biolink:BiologicalProcess,31
biolink:ChemicalEntity,biolink:produces,biolink:Polypeptide,31
biolink:Drug,biolink:interacts_with,biolink:CellularComponent,31
biolink:GrossAnatomicalStructure,biolink:associated_with,biolink:InformationContentEntity,31
biolink:Activity,biolink:coexists_with,biolink:NamedThing,31
biolink:MolecularMixture,biolink:coexists_with,biolink:Food,31
biolink:DiseaseOrPhenotypicFeature,biolink:close_match,biolink:InformationContentEntity,31
biolink:Polypeptide,biolink:derives_from,biolink:Polypeptide,31
biolink:Food,biolink:related_to,biolink:BiologicalProcess,31
biolink:GrossAnatomicalStructure,biolink:causes,biolink:PhenotypicFeature,31
biolink:Cohort,biolink:subclass_of,biolink:OrganismTaxon,31
biolink:BiologicalEntity,biolink:has_part,biolink:Drug,31
biolink:InformationContentEntity,biolink:has_part,biolink:SmallMolecule,31
biolink:PhysicalEntity,biolink:treats_or_applied_or_studied_to_treat,biolink:GrossAnatomicalStructure,31
biolink:PhenotypicFeature,biolink:contributes_to,biolink:Disease,31
biolink:InformationContentEntity,biolink:has_phenotype,biolink:PhenotypicFeature,31
biolink:Publication,biolink:coexists_with,biolink:ChemicalEntity,31
biolink:Behavior,biolink:located_in,biolink:Agent,31
biolink:MolecularActivity,biolink:regulates,biolink:PhysiologicalProcess,31
biolink:Drug,biolink:disrupts,biolink:SmallMolecule,31
biolink:MolecularMixture,biolink:derives_from,biolink:MolecularMixture,31
biolink:ChemicalEntity,biolink:subclass_of,biolink:MolecularEntity,31
biolink:Device,biolink:affects,biolink:CellularComponent,31
biolink:PhenotypicFeature,biolink:causes,biolink:Phenomenon,31
biolink:Polypeptide,biolink:has_part,biolink:Protein,31
biolink:Drug,biolink:treats_or_applied_or_studied_to_treat,biolink:ChemicalEntity,31
biolink:MolecularActivity,biolink:located_in,biolink:PhenotypicFeature,31
biolink:Device,biolink:affects,biolink:Activity,31
biolink:SmallMolecule,biolink:derives_from,biolink:NucleicAcidEntity,31
biolink:Human,biolink:has_part,biolink:ComplexMolecularMixture,31
biolink:BiologicalProcess,biolink:negatively_correlated_with,biolink:BiologicalProcess,31
biolink:GenomicEntity,biolink:treats_or_applied_or_studied_to_treat,biolink:Cohort,31
biolink:Gene,biolink:target_for,biolink:Disease,31
biolink:SmallMolecule,biolink:derives_from,biolink:ComplexMolecularMixture,31
biolink:MolecularActivity,biolink:disrupts,biolink:Disease,31
biolink:CellularComponent,biolink:coexists_with,biolink:SmallMolecule,31
biolink:Disease,biolink:has_part,biolink:OrganismTaxon,31
biolink:PhysicalEntity,biolink:coexists_with,biolink:ChemicalEntity,30
biolink:CellularComponent,biolink:coexists_with,biolink:Disease,30
biolink:ChemicalMixture,biolink:affects,biolink:ChemicalEntity,30
biolink:Procedure,biolink:located_in,biolink:Disease,30
biolink:Procedure,biolink:diagnoses,biolink:Cohort,30
biolink:ChemicalEntity,biolink:associated_with,biolink:AnatomicalEntity,30
biolink:Protein,biolink:located_in,biolink:Protein,30
biolink:Procedure,biolink:preventative_for_condition,biolink:AnatomicalEntity,30
biolink:ChemicalEntity,biolink:same_as,biolink:Drug,30
biolink:CellularComponent,biolink:affects,biolink:Cell,30
biolink:OrganismTaxon,biolink:produces,biolink:AnatomicalEntity,30
biolink:NucleicAcidEntity,biolink:close_match,biolink:NucleicAcidEntity,30
biolink:GrossAnatomicalStructure,biolink:interacts_with,biolink:OrganismTaxon,30
biolink:Procedure,biolink:subclass_of,biolink:Food,30
biolink:Phenomenon,biolink:related_to,biolink:IndividualOrganism,30
biolink:PopulationOfIndividualOrganisms,biolink:located_in,biolink:GrossAnatomicalStructure,30
biolink:Device,biolink:subclass_of,biolink:MolecularMixture,30
biolink:BiologicalProcess,biolink:related_to,biolink:Pathway,30
biolink:Disease,biolink:associated_with,biolink:InformationContentEntity,30
biolink:CellularComponent,biolink:close_match,biolink:MolecularActivity,30
biolink:Human,biolink:produces,biolink:Device,30
biolink:Human,biolink:related_to,biolink:Cohort,30
biolink:AnatomicalEntity,biolink:exacerbates_condition,biolink:Disease,30
biolink:ClinicalAttribute,biolink:occurs_in,biolink:GrossAnatomicalStructure,30
biolink:NamedThing,biolink:related_to,biolink:AnatomicalEntity,30
biolink:AnatomicalEntity,biolink:predisposes_to_condition,biolink:PhenotypicFeature,30
biolink:GrossAnatomicalStructure,biolink:precedes,biolink:GrossAnatomicalStructure,30
biolink:Protein,biolink:disrupts,biolink:Protein,30
biolink:PopulationOfIndividualOrganisms,biolink:subclass_of,biolink:Human,30
biolink:Activity,biolink:has_input,biolink:Behavior,30
biolink:InformationContentEntity,biolink:has_member,biolink:Phenomenon,30
biolink:SmallMolecule,biolink:has_part,biolink:MolecularMixture,30
biolink:Device,biolink:derives_from,biolink:Drug,30
biolink:Publication,biolink:interacts_with,biolink:SmallMolecule,30
biolink:Activity,biolink:located_in,biolink:CellularComponent,30
biolink:Cohort,biolink:related_to,biolink:Human,30
biolink:IndividualOrganism,biolink:related_to,biolink:Phenomenon,30
biolink:MolecularActivity,biolink:has_input,biolink:NamedThing,30
biolink:ChemicalEntity,biolink:disrupts,biolink:IndividualOrganism,30
biolink:Food,biolink:affects,biolink:CellularComponent,30
biolink:Activity,biolink:has_input,biolink:BiologicalProcess,30
biolink:InformationContentEntity,biolink:diagnoses,biolink:OrganismTaxon,30
biolink:Phenomenon,biolink:affects,biolink:Human,30
biolink:Cell,biolink:interacts_with,biolink:Polypeptide,30
biolink:Drug,biolink:chemically_similar_to,biolink:Protein,30
biolink:Phenomenon,biolink:coexists_with,biolink:PhysiologicalProcess,30
biolink:Activity,biolink:produces,biolink:SmallMolecule,30
biolink:MolecularActivity,biolink:has_participant,biolink:Phenomenon,30
biolink:Drug,biolink:associated_with,biolink:AnatomicalEntity,30
biolink:Cell,biolink:produces,biolink:PhenotypicFeature,30
biolink:Drug,biolink:associated_with,biolink:NamedThing,30
biolink:Protein,biolink:produces,biolink:Disease,30
biolink:MolecularMixture,biolink:produces,biolink:Gene,30
biolink:Activity,biolink:occurs_in,biolink:PhenotypicFeature,29
biolink:PhenotypicFeature,biolink:coexists_with,biolink:Event,29
biolink:PhysiologicalProcess,biolink:affects,biolink:Human,29
biolink:PhysiologicalProcess,biolink:subclass_of,biolink:InformationContentEntity,29
biolink:PopulationOfIndividualOrganisms,biolink:related_to,biolink:Procedure,29
biolink:InformationContentEntity,biolink:affects,biolink:Human,29
biolink:PhysicalEntity,biolink:treats_or_applied_or_studied_to_treat,biolink:Human,29
biolink:MolecularMixture,biolink:related_to,biolink:NucleicAcidEntity,29
biolink:MolecularMixture,biolink:disrupts,biolink:Activity,29
biolink:MolecularMixture,biolink:has_part,biolink:Polypeptide,29
biolink:Procedure,biolink:located_in,biolink:MolecularMixture,29
biolink:CellularComponent,biolink:affects,biolink:Procedure,29
biolink:MolecularMixture,biolink:subclass_of,biolink:BiologicalEntity,29
biolink:Activity,biolink:located_in,biolink:InformationContentEntity,29
biolink:Pathway,biolink:occurs_in,biolink:Protein,29
biolink:InformationContentEntity,biolink:has_member,biolink:BiologicalProcess,29
biolink:InformationContentEntity,biolink:has_part,biolink:Disease,29
biolink:Disease,biolink:subclass_of,biolink:Cohort,29
biolink:NamedThing,biolink:derives_from,biolink:NamedThing,29
biolink:PhenotypicFeature,biolink:positively_correlated_with,biolink:PhenotypicFeature,29
biolink:SmallMolecule,biolink:preventative_for_condition,biolink:NamedThing,29
biolink:InformationContentEntity,biolink:related_to,biolink:Cell,29
biolink:Phenomenon,biolink:affects,biolink:SmallMolecule,29
biolink:MolecularActivity,biolink:affects,biolink:Polypeptide,29
biolink:GenomicEntity,biolink:gene_associated_with_condition,biolink:PhenotypicFeature,29
biolink:Behavior,biolink:related_to,biolink:PhysicalEntity,29
biolink:Phenomenon,biolink:affects,biolink:Drug,29
biolink:Polypeptide,biolink:subclass_of,biolink:Procedure,29
biolink:ChemicalEntity,biolink:related_to,biolink:Cell,29
biolink:CellularComponent,biolink:coexists_with,biolink:NucleicAcidEntity,29
biolink:ChemicalEntity,biolink:has_input,biolink:PhysicalEntity,29
biolink:Phenomenon,biolink:affects,biolink:NamedThing,29
biolink:OrganismTaxon,biolink:treats_or_applied_or_studied_to_treat,biolink:Cell,29
biolink:PhysiologicalProcess,biolink:located_in,biolink:OrganismTaxon,29
biolink:Disease,biolink:manifestation_of,biolink:NamedThing,29
biolink:ChemicalMixture,biolink:located_in,biolink:Cell,29
biolink:GenomicEntity,biolink:affects,biolink:Polypeptide,29
biolink:Drug,biolink:diagnoses,biolink:PhenotypicFeature,29
biolink:AnatomicalEntity,biolink:causes,biolink:InformationContentEntity,29
biolink:InformationContentEntity,biolink:affects,biolink:Cell,29
biolink:DiseaseOrPhenotypicFeature,biolink:related_to,biolink:PhenotypicFeature,29
biolink:ChemicalMixture,biolink:related_to,biolink:Procedure,29
biolink:Device,biolink:disrupts,biolink:MolecularActivity,29
biolink:SmallMolecule,biolink:interacts_with,biolink:InformationContentEntity,29
biolink:BiologicalProcess,biolink:has_input,biolink:Polypeptide,29
biolink:Polypeptide,biolink:located_in,biolink:Cohort,29
biolink:OrganismTaxon,biolink:interacts_with,biolink:GrossAnatomicalStructure,29
biolink:Protein,biolink:produces,biolink:OrganismTaxon,28
biolink:AnatomicalEntity,biolink:derives_from,biolink:NamedThing,28
biolink:Polypeptide,biolink:derives_from,biolink:NucleicAcidEntity,28
biolink:Disease,biolink:precedes,biolink:Phenomenon,28
biolink:ChemicalEntity,biolink:superclass_of,biolink:ChemicalExposure,28
biolink:Gene,biolink:close_match,biolink:ChemicalEntity,28
biolink:Polypeptide,biolink:preventative_for_condition,biolink:PhenotypicFeature,28
biolink:PhenotypicFeature,biolink:has_input,biolink:PhenotypicFeature,28
biolink:Polypeptide,biolink:coexists_with,biolink:GenomicEntity,28
biolink:Device,biolink:affects,biolink:MolecularMixture,28
biolink:NamedThing,biolink:produces,biolink:Protein,28
biolink:MolecularActivity,biolink:affects,biolink:CellularComponent,28
biolink:Disease,biolink:associated_with,biolink:Procedure,28
biolink:Drug,biolink:close_match,biolink:BiologicalProcess,28
biolink:Cell,biolink:close_match,biolink:AnatomicalEntity,28
biolink:ComplexMolecularMixture,biolink:produces,biolink:Protein,28
biolink:ChemicalMixture,biolink:coexists_with,biolink:Protein,28
biolink:Drug,biolink:contraindicated_in,biolink:Activity,28
biolink:BiologicalEntity,biolink:related_to,biolink:Polypeptide,28
biolink:CellularComponent,biolink:coexists_with,biolink:Cell,28
biolink:Drug,biolink:correlated_with,biolink:Protein,28
biolink:Procedure,biolink:precedes,biolink:MolecularMixture,28
biolink:InformationContentEntity,biolink:has_phenotype,biolink:Disease,28
biolink:ChemicalEntity,biolink:interacts_with,biolink:CellularComponent,28
biolink:Gene,biolink:treats_or_applied_or_studied_to_treat,biolink:PhenotypicFeature,28
biolink:Gene,biolink:subclass_of,biolink:InformationContentEntity,28
biolink:Agent,biolink:has_input,biolink:Drug,28
biolink:Polypeptide,biolink:affects,biolink:Activity,28
biolink:BiologicalProcess,biolink:associated_with,biolink:ClinicalAttribute,28
biolink:Agent,biolink:has_part,biolink:GeographicLocation,28
biolink:AnatomicalEntity,biolink:located_in,biolink:ClinicalAttribute,28
biolink:BiologicalProcess,biolink:has_participant,biolink:Polypeptide,28
biolink:ChemicalExposure,biolink:superclass_of,biolink:ChemicalEntity,28
biolink:Disease,biolink:disrupts,biolink:Activity,28
biolink:ComplexMolecularMixture,biolink:coexists_with,biolink:Gene,28
biolink:Publication,biolink:coexists_with,biolink:Drug,28
biolink:PhysicalEntity,biolink:related_to,biolink:Behavior,28
biolink:Protein,biolink:produces,biolink:Cell,28
biolink:Disease,biolink:occurs_in,biolink:Cell,28
biolink:PopulationOfIndividualOrganisms,biolink:close_match,biolink:InformationContentEntity,28
biolink:AnatomicalEntity,biolink:close_match,biolink:NucleicAcidEntity,28
biolink:Disease,biolink:interacts_with,biolink:InformationContentEntity,28
biolink:AnatomicalEntity,biolink:affects,biolink:PopulationOfIndividualOrganisms,28
biolink:PopulationOfIndividualOrganisms,biolink:has_input,biolink:PopulationOfIndividualOrganisms,28
biolink:Human,biolink:has_part,biolink:MolecularMixture,27
biolink:Protein,biolink:associated_with,biolink:Gene,27
biolink:GenomicEntity,biolink:treats_or_applied_or_studied_to_treat,biolink:OrganismTaxon,27
biolink:Activity,biolink:coexists_with,biolink:SmallMolecule,27
biolink:Drug,biolink:treats,biolink:Activity,27
biolink:Protein,biolink:gene_associated_with_condition,biolink:AnatomicalEntity,27
biolink:Phenomenon,biolink:related_to,biolink:OrganismTaxon,27
biolink:Food,biolink:related_to,biolink:Disease,27
biolink:PhenotypicFeature,biolink:related_to,biolink:PhysiologicalProcess,27
biolink:BiologicalProcess,biolink:coexists_with,biolink:NamedThing,27
biolink:ChemicalEntity,biolink:disrupts,biolink:Polypeptide,27
biolink:ChemicalEntity,biolink:has_part,biolink:AnatomicalEntity,27
biolink:AnatomicalEntity,biolink:related_to,biolink:OrganismTaxon,27
biolink:BiologicalProcess,biolink:has_input,biolink:BiologicalEntity,27
biolink:Activity,biolink:related_to,biolink:OrganismTaxon,27
biolink:Procedure,biolink:preventative_for_condition,biolink:Behavior,27
biolink:PhysiologicalProcess,biolink:located_in,biolink:GrossAnatomicalStructure,27
biolink:Drug,biolink:has_part,biolink:Cell,27
biolink:Gene,biolink:physically_interacts_with,biolink:ChemicalMixture,27
biolink:GrossAnatomicalStructure,biolink:affects,biolink:InformationContentEntity,27
biolink:Publication,biolink:has_input,biolink:InformationContentEntity,27
biolink:ChemicalEntity,biolink:physically_interacts_with,biolink:Drug,27
biolink:NucleicAcidEntity,biolink:affects,biolink:GenomicEntity,27
biolink:AnatomicalEntity,biolink:has_part,biolink:Device,27
biolink:Publication,biolink:coexists_with,biolink:Protein,27
biolink:ChemicalEntity,biolink:derives_from,biolink:Device,27
biolink:Protein,biolink:coexists_with,biolink:ChemicalMixture,27
biolink:PhenotypicFeature,biolink:treats_or_applied_or_studied_to_treat,biolink:Agent,27
biolink:PhenotypicFeature,biolink:located_in,biolink:ClinicalAttribute,27
biolink:Agent,biolink:has_input,biolink:Procedure,27
biolink:BiologicalEntity,biolink:exacerbates_condition,biolink:Disease,27
biolink:GrossAnatomicalStructure,biolink:located_in,biolink:Cohort,27
biolink:BiologicalProcess,biolink:related_to,biolink:Cohort,27
biolink:GrossAnatomicalStructure,biolink:located_in,biolink:OrganismTaxon,27
biolink:OrganismTaxon,biolink:related_to,biolink:Phenomenon,27
biolink:ComplexMolecularMixture,biolink:close_match,biolink:Protein,27
biolink:Drug,biolink:coexists_with,biolink:ChemicalMixture,27
biolink:ClinicalAttribute,biolink:affects,biolink:OrganismTaxon,27
biolink:Polypeptide,biolink:close_match,biolink:NucleicAcidEntity,27
biolink:ChemicalEntity,biolink:close_match,biolink:OrganismTaxon,27
biolink:SmallMolecule,biolink:positively_correlated_with,biolink:BiologicalProcess,27
biolink:PhenotypicFeature,biolink:related_to,biolink:MolecularEntity,27
biolink:CellularComponent,biolink:subclass_of,biolink:NucleicAcidEntity,27
biolink:Activity,biolink:regulates,biolink:Activity,27
biolink:Behavior,biolink:close_match,biolink:Activity,27
biolink:NucleicAcidEntity,biolink:coexists_with,biolink:Device,27
biolink:NucleicAcidEntity,biolink:disrupts,biolink:PhysiologicalProcess,27
biolink:ChemicalMixture,biolink:coexists_with,biolink:SmallMolecule,27
biolink:Cohort,biolink:diagnoses,biolink:InformationContentEntity,27
biolink:Protein,biolink:negatively_correlated_with,biolink:BiologicalProcess,27
biolink:Gene,biolink:affects,biolink:Device,27
biolink:Procedure,biolink:occurs_in,biolink:PhenotypicFeature,26
biolink:Activity,biolink:precedes,biolink:Disease,26
biolink:Cohort,biolink:related_to,biolink:BiologicalProcess,26
biolink:Protein,biolink:treats_or_applied_or_studied_to_treat,biolink:Activity,26
biolink:AnatomicalEntity,biolink:precedes,biolink:BiologicalProcess,26
biolink:Gene,biolink:related_to,biolink:OrganismTaxon,26
biolink:BiologicalProcess,biolink:associated_with,biolink:Procedure,26
biolink:ClinicalAttribute,biolink:manifestation_of,biolink:Disease,26
biolink:Event,biolink:subclass_of,biolink:Event,26
biolink:MolecularMixture,biolink:causes,biolink:Procedure,26
biolink:NamedThing,biolink:close_match,biolink:Cohort,26
biolink:Cell,biolink:positively_correlated_with,biolink:Disease,26
biolink:Protein,biolink:treats_or_applied_or_studied_to_treat,biolink:AnatomicalEntity,26
biolink:MolecularActivity,biolink:coexists_with,biolink:Procedure,26
biolink:ClinicalAttribute,biolink:occurs_in,biolink:Agent,26
biolink:Gene,biolink:treats_or_applied_or_studied_to_treat,biolink:PopulationOfIndividualOrganisms,26
biolink:PhenotypicFeature,biolink:related_to,biolink:CellularComponent,26
biolink:GenomicEntity,biolink:subclass_of,biolink:GenomicEntity,26
biolink:Protein,biolink:positively_correlated_with,biolink:Disease,26
biolink:SmallMolecule,biolink:associated_with,biolink:ClinicalAttribute,26
biolink:Drug,biolink:associated_with,biolink:BiologicalProcess,26
biolink:PhenotypicFeature,biolink:related_to,biolink:Event,26
biolink:Protein,biolink:preventative_for_condition,biolink:NamedThing,26
biolink:Food,biolink:subclass_of,biolink:Protein,26
biolink:BiologicalProcess,biolink:subclass_of,biolink:ClinicalAttribute,26
biolink:Cell,biolink:interacts_with,biolink:OrganismTaxon,26
biolink:ClinicalAttribute,biolink:coexists_with,biolink:ClinicalAttribute,26
biolink:Phenomenon,biolink:subclass_of,biolink:IndividualOrganism,26
biolink:Gene,biolink:located_in,biolink:Disease,26
biolink:Gene,biolink:occurs_in,biolink:Cohort,26
biolink:Gene,biolink:has_input,biolink:ChemicalEntity,26
biolink:BiologicalProcess,biolink:has_input,biolink:BiologicalProcess,26
biolink:InformationContentEntity,biolink:manifestation_of,biolink:PhysiologicalProcess,26
biolink:Behavior,biolink:subclass_of,biolink:IndividualOrganism,26
biolink:BiologicalProcess,biolink:close_match,biolink:InformationContentEntity,26
biolink:MolecularMixture,biolink:same_as,biolink:ChemicalEntity,26
biolink:Device,biolink:subclass_of,biolink:AnatomicalEntity,26
biolink:GenomicEntity,biolink:exacerbates_condition,biolink:Disease,26
biolink:AnatomicalEntity,biolink:disrupts,biolink:Phenomenon,26
biolink:Gene,biolink:produces,biolink:ComplexMolecularMixture,26
biolink:Activity,biolink:occurs_in,biolink:Gene,26
biolink:ChemicalEntity,biolink:same_as,biolink:ChemicalEntity,26
biolink:Cohort,biolink:interacts_with,biolink:Human,26
biolink:Procedure,biolink:causes,biolink:ClinicalAttribute,26
biolink:Device,biolink:has_input,biolink:GeographicLocation,26
biolink:Cell,biolink:affects,biolink:Protein,26
biolink:GeneFamily,biolink:target_for,biolink:PhenotypicFeature,26
biolink:Event,biolink:related_to,biolink:PhenotypicFeature,26
biolink:ChemicalMixture,biolink:located_in,biolink:CellularComponent,26
biolink:OrganismTaxon,biolink:causes,biolink:AnatomicalEntity,26
biolink:Procedure,biolink:treats_or_applied_or_studied_to_treat,biolink:CellularComponent,26
biolink:Drug,biolink:treats_or_applied_or_studied_to_treat,biolink:Publication,26
biolink:ChemicalEntity,biolink:regulates,biolink:BiologicalProcess,26
biolink:OrganismTaxon,biolink:interacts_with,biolink:NucleicAcidEntity,26
biolink:Procedure,biolink:produces,biolink:CellularComponent,26
biolink:ComplexMolecularMixture,biolink:superclass_of,biolink:ComplexMolecularMixture,26
biolink:Procedure,biolink:treats_or_applied_or_studied_to_treat,biolink:Event,26
biolink:GenomicEntity,biolink:causes,biolink:DiseaseOrPhenotypicFeature,26
biolink:InformationContentEntity,biolink:coexists_with,biolink:GrossAnatomicalStructure,26
biolink:Gene,biolink:causes,biolink:Activity,26
biolink:ComplexMolecularMixture,biolink:predisposes_to_condition,biolink:PhenotypicFeature,26
biolink:Device,biolink:affects,biolink:ClinicalAttribute,26
biolink:Drug,biolink:derives_from,biolink:ComplexMolecularMixture,26
biolink:Activity,biolink:affects,biolink:SmallMolecule,26
biolink:Event,biolink:causes,biolink:PhenotypicFeature,26
biolink:Phenomenon,biolink:associated_with,biolink:ChemicalEntity,26
biolink:MolecularMixture,biolink:applied_to_treat,biolink:PhenotypicFeature,25
biolink:ChemicalEntity,biolink:close_match,biolink:InformationContentEntity,25
biolink:NucleicAcidEntity,biolink:has_part,biolink:Polypeptide,25
biolink:Food,biolink:disrupts,biolink:Phenomenon,25
biolink:Protein,biolink:has_part,biolink:ChemicalMixture,25
biolink:PhysicalEntity,biolink:has_part,biolink:OrganismTaxon,25
biolink:Protein,biolink:gene_associated_with_condition,biolink:CellularComponent,25
biolink:Disease,biolink:disease_has_basis_in,biolink:BiologicalProcess,25
biolink:Polypeptide,biolink:produces,biolink:Protein,25
biolink:Gene,biolink:disrupts,biolink:Procedure,25
biolink:Device,biolink:located_in,biolink:PhenotypicFeature,25
biolink:Publication,biolink:interacts_with,biolink:Drug,25
biolink:Gene,biolink:located_in,biolink:Protein,25
biolink:SmallMolecule,biolink:coexists_with,biolink:OrganismTaxon,25
biolink:Protein,biolink:manifestation_of,biolink:Disease,25
biolink:NamedThing,biolink:has_input,biolink:Drug,25
biolink:AnatomicalEntity,biolink:interacts_with,biolink:MolecularMixture,25
biolink:Drug,biolink:coexists_with,biolink:OrganismTaxon,25
biolink:ComplexMolecularMixture,biolink:related_to,biolink:MolecularMixture,25
biolink:Procedure,biolink:coexists_with,biolink:NamedThing,25
biolink:GrossAnatomicalStructure,biolink:coexists_with,biolink:InformationContentEntity,25
biolink:AnatomicalEntity,biolink:close_match,biolink:Disease,25
biolink:Activity,biolink:exacerbates_condition,biolink:Disease,25
biolink:MolecularMixture,biolink:related_to,biolink:PhysicalEntity,25
biolink:ComplexMolecularMixture,biolink:close_match,biolink:Drug,25
biolink:Activity,biolink:diagnoses,biolink:InformationContentEntity,25
biolink:Food,biolink:disrupts,biolink:GrossAnatomicalStructure,25
biolink:InformationContentEntity,biolink:coexists_with,biolink:PhysiologicalProcess,25
biolink:Phenomenon,biolink:related_to,biolink:Publication,25
biolink:MolecularActivity,biolink:coexists_with,biolink:SmallMolecule,25
biolink:AnatomicalEntity,biolink:close_match,biolink:Cell,25
biolink:Human,biolink:has_input,biolink:PhysicalEntity,25
biolink:Gene,biolink:decreases_response_to,biolink:Drug,25
biolink:Protein,biolink:acts_upstream_of_negative_effect,biolink:BiologicalProcess,25
biolink:CellularComponent,biolink:related_to,biolink:Procedure,25
biolink:InformationContentEntity,biolink:related_to,biolink:PhysiologicalProcess,25
biolink:MolecularActivity,biolink:occurs_in,biolink:SmallMolecule,25
biolink:Device,biolink:related_to,biolink:BiologicalProcess,25
biolink:ChemicalEntity,biolink:close_match,biolink:Cell,25
biolink:ChemicalEntity,biolink:has_part,biolink:Device,25
biolink:Activity,biolink:related_to,biolink:BiologicalEntity,25
biolink:GenomicEntity,biolink:coexists_with,biolink:Polypeptide,25
biolink:Publication,biolink:subclass_of,biolink:ChemicalEntity,25
biolink:MolecularMixture,biolink:affects,biolink:BiologicalEntity,25
biolink:BiologicalProcess,biolink:treats_or_applied_or_studied_to_treat,biolink:Cohort,25
biolink:MolecularActivity,biolink:coexists_with,biolink:InformationContentEntity,25
biolink:ChemicalMixture,biolink:close_match,biolink:ChemicalEntity,25
biolink:Device,biolink:affects,biolink:Gene,25
biolink:Disease,biolink:predisposes_to_condition,biolink:NamedThing,25
biolink:NamedThing,biolink:has_side_effect,biolink:Protein,25
biolink:GrossAnatomicalStructure,biolink:located_in,biolink:BiologicalEntity,25
biolink:Gene,biolink:biomarker_for,biolink:Gene,25
biolink:Drug,biolink:associated_with,biolink:Procedure,25
biolink:Gene,biolink:biomarker_for,biolink:Procedure,25
biolink:CellularComponent,biolink:composed_primarily_of,biolink:CellularComponent,25
biolink:Protein,biolink:has_side_effect,biolink:NamedThing,25
biolink:Protein,biolink:interacts_with,biolink:Publication,25
biolink:BiologicalEntity,biolink:contributes_to,biolink:Disease,25
biolink:GenomicEntity,biolink:derives_from,biolink:SmallMolecule,25
biolink:AnatomicalEntity,biolink:related_to,biolink:Phenomenon,25
biolink:Drug,biolink:chemically_similar_to,biolink:MolecularMixture,25
biolink:ChemicalEntity,biolink:derives_from,biolink:Food,25
biolink:Protein,biolink:interacts_with,biolink:GrossAnatomicalStructure,24
biolink:PhenotypicFeature,biolink:related_to,biolink:Food,24
biolink:Drug,biolink:precedes,biolink:PhenotypicFeature,24
biolink:Protein,biolink:coexists_with,biolink:Publication,24
biolink:Gene,biolink:interacts_with,biolink:ChemicalMixture,24
biolink:OrganismTaxon,biolink:subclass_of,biolink:Disease,24
biolink:Food,biolink:interacts_with,biolink:Food,24
biolink:Protein,biolink:predisposes_to_condition,biolink:AnatomicalEntity,24
biolink:Drug,biolink:predisposes_to_condition,biolink:AnatomicalEntity,24
biolink:PhenotypicFeature,biolink:related_to,biolink:IndividualOrganism,24
biolink:OrganismTaxon,biolink:affects,biolink:PhenotypicFeature,24
biolink:Procedure,biolink:disrupts,biolink:Cell,24
biolink:PhenotypicFeature,biolink:disrupts,biolink:PhenotypicFeature,24
biolink:AnatomicalEntity,biolink:related_to,biolink:DiseaseOrPhenotypicFeature,24
biolink:InformationContentEntity,biolink:subclass_of,biolink:Cohort,24
biolink:OrganismTaxon,biolink:disrupts,biolink:Disease,24
biolink:NamedThing,biolink:subclass_of,biolink:ChemicalEntity,24
biolink:Disease,biolink:manifestation_of,biolink:GrossAnatomicalStructure,24
biolink:CellularComponent,biolink:treats_or_applied_or_studied_to_treat,biolink:Cohort,24
biolink:Procedure,biolink:occurs_in,biolink:GrossAnatomicalStructure,24
biolink:PhysiologicalProcess,biolink:produces,biolink:MolecularMixture,24
biolink:MolecularActivity,biolink:associated_with,biolink:MolecularActivity,24
biolink:Drug,biolink:close_match,biolink:PhysicalEntity,24
biolink:Activity,biolink:treats_or_applied_or_studied_to_treat,biolink:NamedThing,24
biolink:Procedure,biolink:located_in,biolink:Drug,24
biolink:Device,biolink:affects,biolink:Device,24
biolink:Food,biolink:related_to,biolink:PhenotypicFeature,24
biolink:PhysiologicalProcess,biolink:affects,biolink:Activity,24
biolink:InformationContentEntity,biolink:treats_or_applied_or_studied_to_treat,biolink:Agent,24
biolink:PhenotypicFeature,biolink:has_input,biolink:Disease,24
biolink:Drug,biolink:contributes_to,biolink:AnatomicalEntity,24
biolink:AnatomicalEntity,biolink:close_match,biolink:CellularComponent,24
biolink:Device,biolink:subclass_of,biolink:ChemicalMixture,24
biolink:Food,biolink:related_to,biolink:Activity,24
biolink:NamedThing,biolink:close_match,biolink:Agent,24
biolink:BiologicalEntity,biolink:same_as,biolink:MolecularMixture,24
biolink:ComplexMolecularMixture,biolink:treats_or_applied_or_studied_to_treat,biolink:BiologicalEntity,24
biolink:IndividualOrganism,biolink:related_to,biolink:PhenotypicFeature,24
biolink:Protein,biolink:close_match,biolink:DiseaseOrPhenotypicFeature,24
biolink:Gene,biolink:occurs_in,biolink:OrganismTaxon,24
biolink:BiologicalEntity,biolink:same_as,biolink:Polypeptide,24
biolink:Behavior,biolink:has_input,biolink:ChemicalEntity,24
biolink:PhysiologicalProcess,biolink:has_input,biolink:Procedure,24
biolink:Device,biolink:derives_from,biolink:SmallMolecule,24
biolink:AnatomicalEntity,biolink:contributes_to,biolink:AnatomicalEntity,24
biolink:Activity,biolink:has_input,biolink:PopulationOfIndividualOrganisms,24
biolink:Protein,biolink:predisposes_to_condition,biolink:Procedure,24
biolink:BiologicalProcess,biolink:manifestation_of,biolink:BiologicalProcess,24
biolink:GrossAnatomicalStructure,biolink:located_in,biolink:ClinicalAttribute,24
biolink:Gene,biolink:biomarker_for,biolink:Disease,24
biolink:NucleicAcidEntity,biolink:coexists_with,biolink:PhenotypicFeature,24
biolink:BiologicalEntity,biolink:affects,biolink:MolecularActivity,24
biolink:Protein,biolink:increases_response_to,biolink:ComplexMolecularMixture,24
biolink:SmallMolecule,biolink:has_part,biolink:NucleicAcidEntity,24
biolink:Food,biolink:causes,biolink:BiologicalEntity,24
biolink:InformationContentEntity,biolink:has_input,biolink:Gene,24
biolink:PhysicalEntity,biolink:derives_from,biolink:PhysicalEntity,24
biolink:ChemicalEntity,biolink:subclass_of,biolink:Disease,24
biolink:ClinicalAttribute,biolink:occurs_in,biolink:Human,24
biolink:BiologicalProcess,biolink:subclass_of,biolink:AnatomicalEntity,24
biolink:NucleicAcidEntity,biolink:preventative_for_condition,biolink:PhenotypicFeature,24
biolink:NucleicAcidEntity,biolink:causes,biolink:MolecularActivity,24
biolink:CellularComponent,biolink:related_to,biolink:Gene,23
biolink:Gene,biolink:physically_interacts_with,biolink:Drug,23
biolink:Polypeptide,biolink:disrupts,biolink:InformationContentEntity,23
biolink:Polypeptide,biolink:treats_or_applied_or_studied_to_treat,biolink:BiologicalEntity,23
biolink:PhenotypicFeature,biolink:coexists_with,biolink:GrossAnatomicalStructure,23
biolink:ComplexMolecularMixture,biolink:related_to,biolink:Device,23
biolink:CellularComponent,biolink:subclass_of,biolink:ChemicalEntity,23
biolink:PhysicalEntity,biolink:related_to,biolink:MolecularMixture,23
biolink:Drug,biolink:related_to,biolink:Phenomenon,23
biolink:Cell,biolink:coexists_with,biolink:Disease,23
biolink:BiologicalProcess,biolink:related_to,biolink:Food,23
biolink:Activity,biolink:occurs_in,biolink:Drug,23
biolink:Gene,biolink:derives_from,biolink:Polypeptide,23
biolink:PhysiologicalProcess,biolink:predisposes_to_condition,biolink:PhenotypicFeature,23
biolink:ChemicalMixture,biolink:treats_or_applied_or_studied_to_treat,biolink:OrganismTaxon,23
biolink:Phenomenon,biolink:subclass_of,biolink:ChemicalEntity,23
biolink:PopulationOfIndividualOrganisms,biolink:treats_or_applied_or_studied_to_treat,biolink:Disease,23
biolink:BiologicalProcess,biolink:has_participant,biolink:PhysiologicalProcess,23
biolink:BiologicalProcess,biolink:occurs_in,biolink:Activity,23
biolink:Protein,biolink:subclass_of,biolink:Activity,23
biolink:GeographicLocation,biolink:subclass_of,biolink:NamedThing,23
biolink:SmallMolecule,biolink:subclass_of,biolink:PhysicalEntity,23
biolink:Gene,biolink:affects_response_to,biolink:SmallMolecule,23
biolink:Gene,biolink:related_to,biolink:PhysicalEntity,23
biolink:PhysiologicalProcess,biolink:related_to,biolink:PhysiologicalProcess,23
biolink:Behavior,biolink:has_input,biolink:Procedure,23
biolink:AnatomicalEntity,biolink:derives_from,biolink:GrossAnatomicalStructure,23
biolink:SmallMolecule,biolink:disrupts,biolink:IndividualOrganism,23
biolink:GrossAnatomicalStructure,biolink:associated_with,biolink:DiseaseOrPhenotypicFeature,23
biolink:Cohort,biolink:has_input,biolink:Disease,23
biolink:PhenotypicFeature,biolink:subclass_of,biolink:Event,23
biolink:Agent,biolink:has_part,biolink:GenomicEntity,23
biolink:Procedure,biolink:causes,biolink:AnatomicalEntity,23
biolink:SmallMolecule,biolink:disrupts,biolink:NamedThing,23
biolink:InformationContentEntity,biolink:has_input,biolink:Publication,23
biolink:Publication,biolink:treats_or_applied_or_studied_to_treat,biolink:GrossAnatomicalStructure,23
biolink:AnatomicalEntity,biolink:disrupts,biolink:Disease,23
biolink:Device,biolink:interacts_with,biolink:NucleicAcidEntity,23
biolink:PhysiologicalProcess,biolink:affects,biolink:BiologicalEntity,23
biolink:Phenomenon,biolink:affects,biolink:Agent,23
biolink:AnatomicalEntity,biolink:associated_with,biolink:Behavior,23
biolink:Procedure,biolink:subclass_of,biolink:IndividualOrganism,23
biolink:Agent,biolink:has_part,biolink:PhenotypicFeature,23
biolink:OrganismTaxon,biolink:causes,biolink:Activity,23
biolink:OrganismTaxon,biolink:treats_or_applied_or_studied_to_treat,biolink:Cohort,23
biolink:ChemicalEntity,biolink:subclass_of,biolink:Activity,23
biolink:CellLine,biolink:subclass_of,biolink:Cell,23
biolink:CellularComponent,biolink:occurs_in,biolink:Cell,23
biolink:Pathway,biolink:affects,biolink:Protein,23
biolink:BiologicalEntity,biolink:causes,biolink:Disease,23
biolink:AnatomicalEntity,biolink:coexists_with,biolink:CellularComponent,23
biolink:AnatomicalEntity,biolink:preventative_for_condition,biolink:PhenotypicFeature,23
biolink:InformationContentEntity,biolink:located_in,biolink:PhysicalEntity,23
biolink:ChemicalMixture,biolink:related_to,biolink:ChemicalMixture,23
biolink:ComplexMolecularMixture,biolink:affects,biolink:CellularComponent,23
biolink:MolecularActivity,biolink:same_as,biolink:Pathway,23
biolink:Protein,biolink:preventative_for_condition,biolink:BiologicalProcess,23
biolink:Phenomenon,biolink:exacerbates_condition,biolink:Disease,23
biolink:Activity,biolink:located_in,biolink:SmallMolecule,23
biolink:Device,biolink:coexists_with,biolink:Activity,23
biolink:SmallMolecule,biolink:preventative_for_condition,biolink:AnatomicalEntity,23
biolink:Procedure,biolink:affects,biolink:IndividualOrganism,23
biolink:AnatomicalEntity,biolink:affects,biolink:NamedThing,23
biolink:Disease,biolink:precedes,biolink:PhysiologicalProcess,23
biolink:CellularComponent,biolink:produces,biolink:NucleicAcidEntity,23
biolink:SmallMolecule,biolink:derives_from,biolink:Device,22
biolink:Food,biolink:preventative_for_condition,biolink:PhenotypicFeature,22
biolink:Disease,biolink:related_to,biolink:Food,22
biolink:MolecularMixture,biolink:has_input,biolink:SmallMolecule,22
biolink:AnatomicalEntity,biolink:causes,biolink:BiologicalEntity,22
biolink:Phenomenon,biolink:occurs_in,biolink:InformationContentEntity,22
biolink:Drug,biolink:close_match,biolink:Gene,22
biolink:ChemicalEntity,biolink:located_in,biolink:Drug,22
biolink:CellularComponent,biolink:associated_with,biolink:PhysiologicalProcess,22
biolink:GenomicEntity,biolink:produces,biolink:AnatomicalEntity,22
biolink:PhenotypicFeature,biolink:close_match,biolink:Phenomenon,22
biolink:Cell,biolink:subclass_of,biolink:CellularComponent,22
biolink:NucleicAcidEntity,biolink:close_match,biolink:Protein,22
biolink:ClinicalAttribute,biolink:treats_or_applied_or_studied_to_treat,biolink:PopulationOfIndividualOrganisms,22
biolink:PhysiologicalProcess,biolink:affects,biolink:NucleicAcidEntity,22
biolink:NamedThing,biolink:close_match,biolink:Device,22
biolink:AnatomicalEntity,biolink:precedes,biolink:Procedure,22
biolink:NamedThing,biolink:subclass_of,biolink:Disease,22
biolink:PhysicalEntity,biolink:affects,biolink:Protein,22
biolink:PhysicalEntity,biolink:coexists_with,biolink:Drug,22
biolink:Procedure,biolink:predisposes_to_condition,biolink:AnatomicalEntity,22
biolink:Phenomenon,biolink:causes,biolink:Procedure,22
biolink:NucleicAcidEntity,biolink:disrupts,biolink:InformationContentEntity,22
biolink:Drug,biolink:produces,biolink:NucleicAcidEntity,22
biolink:PhysiologicalProcess,biolink:related_to,biolink:Gene,22
biolink:GeographicLocation,biolink:subclass_of,biolink:Agent,22
biolink:Behavior,biolink:has_input,biolink:Protein,22
biolink:ChemicalMixture,biolink:disrupts,biolink:Phenomenon,22
biolink:Device,biolink:subclass_of,biolink:Protein,22
biolink:Procedure,biolink:coexists_with,biolink:Protein,22
biolink:MolecularActivity,biolink:affects,biolink:BiologicalEntity,22
biolink:NucleicAcidEntity,biolink:derives_from,biolink:Polypeptide,22
biolink:OrganismTaxon,biolink:predisposes_to_condition,biolink:Disease,22
biolink:PhysiologicalProcess,biolink:produces,biolink:NucleicAcidEntity,22
biolink:Phenomenon,biolink:occurs_in,biolink:AnatomicalEntity,22
biolink:Publication,biolink:treats_or_applied_or_studied_to_treat,biolink:OrganismTaxon,22
biolink:PhysicalEntity,biolink:subclass_of,biolink:IndividualOrganism,22
biolink:OrganismTaxon,biolink:affects,biolink:ChemicalEntity,22
biolink:Protein,biolink:causes,biolink:Gene,22
biolink:Activity,biolink:treats_or_applied_or_studied_to_treat,biolink:Publication,22
biolink:ClinicalAttribute,biolink:predisposes_to_condition,biolink:BiologicalProcess,22
biolink:Agent,biolink:subclass_of,biolink:PopulationOfIndividualOrganisms,22
biolink:Cell,biolink:coexists_with,biolink:AnatomicalEntity,22
biolink:Cell,biolink:capable_of,biolink:MolecularActivity,22
biolink:OrganismTaxon,biolink:related_to,biolink:Activity,22
biolink:InformationContentEntity,biolink:treats_or_applied_or_studied_to_treat,biolink:InformationContentEntity,22
biolink:PhenotypicFeature,biolink:occurs_in,biolink:IndividualOrganism,22
biolink:PhenotypicFeature,biolink:related_to,biolink:MolecularActivity,22
biolink:BiologicalProcess,biolink:has_participant,biolink:ChemicalMixture,22
biolink:SmallMolecule,biolink:increases_response_to,biolink:Protein,22
biolink:PhenotypicFeature,biolink:precedes,biolink:InformationContentEntity,22
biolink:InformationContentEntity,biolink:subclass_of,biolink:GeographicLocation,22
biolink:PhenotypicFeature,biolink:subclass_of,biolink:Cell,22
biolink:AnatomicalEntity,biolink:associated_with,biolink:Protein,22
biolink:Disease,biolink:has_part,biolink:BiologicalProcess,22
biolink:PhysicalEntity,biolink:located_in,biolink:Cohort,22
biolink:Phenomenon,biolink:has_part,biolink:MolecularActivity,22
biolink:Activity,biolink:occurs_in,biolink:Human,22
biolink:MolecularActivity,biolink:located_in,biolink:GenomicEntity,22
biolink:Activity,biolink:located_in,biolink:Cohort,22
biolink:InformationContentEntity,biolink:related_to,biolink:DiseaseOrPhenotypicFeature,22
biolink:Protein,biolink:produces,biolink:ChemicalMixture,22
biolink:Polypeptide,biolink:causes,biolink:InformationContentEntity,22
biolink:Publication,biolink:affects,biolink:ChemicalEntity,22
biolink:MolecularMixture,biolink:has_part,biolink:Gene,22
biolink:InformationContentEntity,biolink:precedes,biolink:InformationContentEntity,22
biolink:ChemicalEntity,biolink:has_input,biolink:MolecularMixture,22
biolink:PhenotypicFeature,biolink:diagnoses,biolink:OrganismTaxon,22
biolink:MolecularActivity,biolink:has_input,biolink:Polypeptide,22
biolink:Drug,biolink:affects,biolink:PhysicalEntity,21
biolink:Disease,biolink:causes,biolink:Cell,21
biolink:Phenomenon,biolink:has_input,biolink:PhysicalEntity,21
biolink:Agent,biolink:related_to,biolink:PopulationOfIndividualOrganisms,21
biolink:Cell,biolink:located_in,biolink:GeographicLocation,21
biolink:PhysiologicalProcess,biolink:occurs_in,biolink:Cell,21
biolink:MolecularActivity,biolink:produces,biolink:CellularComponent,21
biolink:MolecularMixture,biolink:interacts_with,biolink:BiologicalProcess,21
biolink:ChemicalMixture,biolink:preventative_for_condition,biolink:PhenotypicFeature,21
biolink:Disease,biolink:close_match,biolink:BiologicalEntity,21
biolink:PhenotypicFeature,biolink:causes,biolink:Behavior,21
biolink:Phenomenon,biolink:related_to,biolink:MolecularActivity,21
biolink:SmallMolecule,biolink:produces,biolink:Polypeptide,21
biolink:GenomicEntity,biolink:produces,biolink:GenomicEntity,21
biolink:GenomicEntity,biolink:related_to,biolink:MolecularMixture,21
biolink:InformationContentEntity,biolink:subclass_of,biolink:GrossAnatomicalStructure,21
biolink:CellularComponent,biolink:affects,biolink:Gene,21
biolink:MolecularActivity,biolink:related_to,biolink:Phenomenon,21
biolink:PhysicalEntity,biolink:coexists_with,biolink:Protein,21
biolink:BiologicalProcess,biolink:close_match,biolink:CellularComponent,21
biolink:Drug,biolink:disrupts,biolink:NamedThing,21
biolink:PhenotypicFeature,biolink:related_to,biolink:PathologicalProcess,21
biolink:OrganismTaxon,biolink:interacts_with,biolink:Publication,21
biolink:MolecularActivity,biolink:related_to,biolink:PhenotypicFeature,21
biolink:Procedure,biolink:occurs_in,biolink:Agent,21
biolink:PhenotypicFeature,biolink:associated_with,biolink:InformationContentEntity,21
biolink:Activity,biolink:affects,biolink:Gene,21
biolink:Gene,biolink:treats_or_applied_or_studied_to_treat,biolink:CellularComponent,21
biolink:Human,biolink:interacts_with,biolink:Cohort,21
biolink:InformationContentEntity,biolink:occurs_in,biolink:BiologicalEntity,21
biolink:Activity,biolink:coexists_with,biolink:Device,21
biolink:ClinicalAttribute,biolink:has_input,biolink:Protein,21
biolink:Activity,biolink:coexists_with,biolink:ChemicalEntity,21
biolink:Polypeptide,biolink:derives_from,biolink:Drug,21
biolink:PhysicalEntity,biolink:subclass_of,biolink:Phenomenon,21
biolink:MolecularActivity,biolink:overlaps,biolink:MolecularActivity,21
biolink:CellularComponent,biolink:superclass_of,biolink:AnatomicalEntity,21
biolink:PopulationOfIndividualOrganisms,biolink:related_to,biolink:Agent,21
biolink:InformationContentEntity,biolink:located_in,biolink:Publication,21
biolink:GrossAnatomicalStructure,biolink:has_input,biolink:GrossAnatomicalStructure,21
biolink:CellularComponent,biolink:has_part,biolink:InformationContentEntity,21
biolink:InformationContentEntity,biolink:located_in,biolink:Cohort,21
biolink:SmallMolecule,biolink:close_match,biolink:Gene,21
biolink:MolecularEntity,biolink:subclass_of,biolink:Protein,21
biolink:NucleicAcidEntity,biolink:related_to,biolink:MolecularMixture,21
biolink:Phenomenon,biolink:coexists_with,biolink:MolecularActivity,21
biolink:Publication,biolink:affects,biolink:MolecularActivity,21
biolink:Device,biolink:related_to,biolink:ComplexMolecularMixture,21
biolink:Activity,biolink:close_match,biolink:PhysicalEntity,21
biolink:SmallMolecule,biolink:close_match,biolink:Polypeptide,21
biolink:Disease,biolink:associated_with,biolink:ComplexMolecularMixture,21
biolink:NucleicAcidEntity,biolink:affects,biolink:OrganismTaxon,21
biolink:Gene,biolink:increases_response_to,biolink:Drug,21
biolink:InformationContentEntity,biolink:has_participant,biolink:SmallMolecule,21
biolink:Procedure,biolink:has_input,biolink:BiologicalProcess,21
biolink:NucleicAcidEntity,biolink:associated_with,biolink:InformationContentEntity,21
biolink:MolecularActivity,biolink:has_input,biolink:ChemicalMixture,21
biolink:NamedThing,biolink:coexists_with,biolink:Procedure,21
biolink:Disease,biolink:has_participant,biolink:CellularComponent,21
biolink:CellularComponent,biolink:produces,biolink:ComplexMolecularMixture,21
biolink:ChemicalEntity,biolink:affects,biolink:PhysicalEntity,21
biolink:PhysicalEntity,biolink:affects,biolink:SmallMolecule,21
biolink:SmallMolecule,biolink:related_to,biolink:GrossAnatomicalStructure,21
biolink:AnatomicalEntity,biolink:superclass_of,biolink:CellularComponent,21
biolink:MolecularMixture,biolink:associated_with,biolink:InformationContentEntity,21
biolink:Gene,biolink:causes,biolink:Procedure,21
biolink:BiologicalProcess,biolink:interacts_with,biolink:PhenotypicFeature,21
biolink:CellularComponent,biolink:related_to,biolink:InformationContentEntity,21
biolink:PhenotypicFeature,biolink:related_to,biolink:ComplexMolecularMixture,21
biolink:InformationContentEntity,biolink:related_to,biolink:CellularComponent,21
biolink:DiseaseOrPhenotypicFeature,biolink:exacerbates_condition,biolink:Disease,21
biolink:PhysicalEntity,biolink:located_in,biolink:InformationContentEntity,21
biolink:Gene,biolink:associated_with,biolink:PhysiologicalProcess,21
biolink:Protein,biolink:treats_or_applied_or_studied_to_treat,biolink:ChemicalEntity,21
biolink:BiologicalProcess,biolink:interacts_with,biolink:MolecularMixture,21
biolink:SmallMolecule,biolink:derives_from,biolink:Polypeptide,21
biolink:AnatomicalEntity,biolink:causes,biolink:AnatomicalEntity,20
biolink:GenomicEntity,biolink:located_in,biolink:PhenotypicFeature,20
biolink:Behavior,biolink:affects,biolink:Procedure,20
biolink:PopulationOfIndividualOrganisms,biolink:treats_or_applied_or_studied_to_treat,biolink:PopulationOfIndividualOrganisms,20
biolink:Protein,biolink:preventative_for_condition,biolink:Procedure,20
biolink:Device,biolink:treats_or_applied_or_studied_to_treat,biolink:NamedThing,20
biolink:PhenotypicFeature,biolink:has_part,biolink:MolecularMixture,20
biolink:Gene,biolink:associated_with,biolink:BiologicalProcess,20
biolink:BiologicalProcess,biolink:subclass_of,biolink:CellularComponent,20
biolink:PopulationOfIndividualOrganisms,biolink:related_to,biolink:Phenomenon,20
biolink:ComplexMolecularMixture,biolink:related_to,biolink:PhenotypicFeature,20
biolink:NamedThing,biolink:preventative_for_condition,biolink:Disease,20
biolink:PhysicalEntity,biolink:related_to,biolink:Cohort,20
biolink:PhysicalEntity,biolink:interacts_with,biolink:Device,20
biolink:OrganismTaxon,biolink:causes,biolink:MolecularActivity,20
biolink:Activity,biolink:has_input,biolink:NamedThing,20
biolink:GenomicEntity,biolink:derives_from,biolink:ChemicalEntity,20
biolink:Cell,biolink:close_match,biolink:Drug,20
biolink:PopulationOfIndividualOrganisms,biolink:has_input,biolink:Procedure,20
biolink:PhysiologicalProcess,biolink:located_in,biolink:Polypeptide,20
biolink:Cell,biolink:treats_or_applied_or_studied_to_treat,biolink:OrganismTaxon,20
biolink:BiologicalProcess,biolink:located_in,biolink:Polypeptide,20
biolink:Disease,biolink:has_participant,biolink:Pathway,20
biolink:Drug,biolink:applied_to_treat,biolink:Activity,20
biolink:Drug,biolink:produces,biolink:Device,20
biolink:GrossAnatomicalStructure,biolink:affects,biolink:GrossAnatomicalStructure,20
biolink:PhysiologicalProcess,biolink:related_to,biolink:ChemicalEntity,20
biolink:Cohort,biolink:related_to,biolink:PhysicalEntity,20
biolink:PhenotypicFeature,biolink:coexists_with,biolink:Gene,20
biolink:PhysicalEntity,biolink:subclass_of,biolink:GeographicLocation,20
biolink:ClinicalAttribute,biolink:interacts_with,biolink:OrganismTaxon,20
biolink:GrossAnatomicalStructure,biolink:located_in,biolink:Publication,20
biolink:Human,biolink:subclass_of,biolink:OrganismTaxon,20
biolink:PhysiologicalProcess,biolink:affects,biolink:ClinicalAttribute,20
biolink:Activity,biolink:occurs_in,biolink:GrossAnatomicalStructure,20
biolink:Protein,biolink:treats_or_applied_or_studied_to_treat,biolink:BiologicalProcess,20
biolink:ClinicalAttribute,biolink:affects,biolink:InformationContentEntity,20
biolink:MolecularActivity,biolink:preventative_for_condition,biolink:PhenotypicFeature,20
biolink:Protein,biolink:treats,biolink:NamedThing,20
biolink:Disease,biolink:has_input,biolink:Device,20
biolink:BiologicalProcess,biolink:related_to,biolink:Polypeptide,20
biolink:Cohort,biolink:produces,biolink:Drug,20
biolink:Behavior,biolink:has_input,biolink:Device,20
biolink:BiologicalProcess,biolink:has_participant,biolink:NamedThing,20
biolink:CellularComponent,biolink:occurs_in,biolink:OrganismTaxon,20
biolink:NamedThing,biolink:treats,biolink:Protein,20
biolink:Device,biolink:has_part,biolink:Cell,20
biolink:PhysicalEntity,biolink:treats_or_applied_or_studied_to_treat,biolink:BiologicalEntity,20
biolink:OrganismTaxon,biolink:related_to,biolink:Gene,20
biolink:Disease,biolink:subclass_of,biolink:MolecularActivity,20
biolink:ComplexMolecularMixture,biolink:affects,biolink:InformationContentEntity,20
biolink:NamedThing,biolink:close_match,biolink:IndividualOrganism,20
biolink:Protein,biolink:coexists_with,biolink:PhysicalEntity,20
biolink:PhenotypicFeature,biolink:coexists_with,biolink:PhysiologicalProcess,20
biolink:ChemicalEntity,biolink:physically_interacts_with,biolink:Polypeptide,20
biolink:Drug,biolink:precedes,biolink:InformationContentEntity,20
biolink:InformationContentEntity,biolink:manifestation_of,biolink:PhenotypicFeature,20
biolink:SmallMolecule,biolink:related_to,biolink:Phenomenon,20
biolink:Disease,biolink:subclass_of,biolink:Cell,20
biolink:AnatomicalEntity,biolink:located_in,biolink:BiologicalEntity,20
biolink:ComplexMolecularMixture,biolink:affects,biolink:PhysiologicalProcess,20
biolink:Protein,biolink:close_match,biolink:Polypeptide,20
biolink:NucleicAcidEntity,biolink:subclass_of,biolink:CellularComponent,20
biolink:GrossAnatomicalStructure,biolink:develops_from,biolink:Cell,20
biolink:MolecularMixture,biolink:related_to,biolink:ComplexMolecularMixture,20
biolink:Food,biolink:causes,biolink:InformationContentEntity,20
biolink:MolecularMixture,biolink:has_input,biolink:ChemicalEntity,20
biolink:NamedThing,biolink:coexists_with,biolink:Activity,20
biolink:Protein,biolink:located_in,biolink:Activity,20
biolink:Activity,biolink:treats_or_applied_or_studied_to_treat,biolink:Phenomenon,20
biolink:CellularComponent,biolink:coexists_with,biolink:AnatomicalEntity,20
biolink:ChemicalEntity,biolink:subclass_of,biolink:ClinicalAttribute,20
biolink:CellularComponent,biolink:has_part,biolink:Disease,20
biolink:Agent,biolink:has_input,biolink:Agent,20
biolink:Protein,biolink:affects,biolink:Publication,20
biolink:ChemicalEntity,biolink:catalyzes,biolink:MolecularActivity,20
biolink:Activity,biolink:preventative_for_condition,biolink:Procedure,20
biolink:Activity,biolink:diagnoses,biolink:BiologicalEntity,20
biolink:PhenotypicFeature,biolink:close_match,biolink:AnatomicalEntity,20
biolink:Activity,biolink:subclass_of,biolink:Disease,20
biolink:Pathway,biolink:has_participant,biolink:GenomicEntity,20
biolink:Phenomenon,biolink:related_to,biolink:PopulationOfIndividualOrganisms,20
biolink:Device,biolink:disrupts,biolink:GrossAnatomicalStructure,20
biolink:Protein,biolink:gene_associated_with_condition,biolink:DiseaseOrPhenotypicFeature,20
biolink:Disease,biolink:causes,biolink:Protein,20
biolink:Procedure,biolink:associated_with,biolink:PhysiologicalProcess,20
biolink:OrganismTaxon,biolink:affects,biolink:MolecularActivity,20
biolink:ChemicalEntity,biolink:negatively_correlated_with,biolink:PhenotypicFeature,19
biolink:Polypeptide,biolink:affects,biolink:Procedure,19
biolink:ChemicalMixture,biolink:derives_from,biolink:ChemicalEntity,19
biolink:PhenotypicFeature,biolink:predisposes_to_condition,biolink:Procedure,19
biolink:ChemicalEntity,biolink:has_part,biolink:Cell,19
biolink:ChemicalEntity,biolink:associated_with,biolink:Procedure,19
biolink:CellularComponent,biolink:has_part,biolink:Food,19
biolink:Procedure,biolink:produces,biolink:SmallMolecule,19
biolink:NamedThing,biolink:close_match,biolink:PhysicalEntity,19
biolink:Polypeptide,biolink:coexists_with,biolink:Device,19
biolink:PhenotypicFeature,biolink:related_to,biolink:Gene,19
biolink:PhysicalEntity,biolink:predisposes_to_condition,biolink:Disease,19
biolink:ChemicalEntity,biolink:treats_or_applied_or_studied_to_treat,biolink:Phenomenon,19
biolink:BiologicalProcess,biolink:located_in,biolink:InformationContentEntity,19
biolink:BiologicalProcess,biolink:causes,biolink:Behavior,19
biolink:ChemicalMixture,biolink:close_match,biolink:Drug,19
biolink:GenomicEntity,biolink:related_to,biolink:NucleicAcidEntity,19
biolink:NamedThing,biolink:affects,biolink:Phenomenon,19
biolink:ChemicalEntity,biolink:interacts_with,biolink:Publication,19
biolink:PhenotypicFeature,biolink:associated_with,biolink:Procedure,19
biolink:PhysicalEntity,biolink:related_to,biolink:Gene,19
biolink:CellularComponent,biolink:subclass_of,biolink:InformationContentEntity,19
biolink:BehavioralFeature,biolink:subclass_of,biolink:PhenotypicFeature,19
biolink:ChemicalEntity,biolink:predisposes_to_condition,biolink:AnatomicalEntity,19
biolink:MolecularMixture,biolink:located_in,biolink:Disease,19
biolink:NamedThing,biolink:correlated_with,biolink:ChemicalEntity,19
biolink:PopulationOfIndividualOrganisms,biolink:occurs_in,biolink:Agent,19
biolink:MolecularMixture,biolink:coexists_with,biolink:AnatomicalEntity,19
biolink:GrossAnatomicalStructure,biolink:affects,biolink:NamedThing,19
biolink:MolecularMixture,biolink:interacts_with,biolink:Food,19
biolink:ChemicalEntity,biolink:capable_of,biolink:BiologicalProcess,19
biolink:InformationContentEntity,biolink:exacerbates_condition,biolink:PhenotypicFeature,19
biolink:Polypeptide,biolink:related_to,biolink:BiologicalProcess,19
biolink:ChemicalEntity,biolink:produces,biolink:GenomicEntity,19
biolink:PhenotypicFeature,biolink:has_participant,biolink:GenomicEntity,19
biolink:PhenotypicFeature,biolink:manifestation_of,biolink:Activity,19
biolink:InformationContentEntity,biolink:has_part,biolink:NamedThing,19
biolink:MolecularActivity,biolink:subclass_of,biolink:Disease,19
biolink:ChemicalEntity,biolink:correlated_with,biolink:NamedThing,19
biolink:MolecularEntity,biolink:derives_from,biolink:OrganismTaxon,19
biolink:MolecularMixture,biolink:interacts_with,biolink:PhysicalEntity,19
biolink:NamedThing,biolink:associated_with,biolink:NucleicAcidEntity,19
biolink:Behavior,biolink:close_match,biolink:Disease,19
biolink:NamedThing,biolink:overlaps,biolink:NamedThing,19
biolink:AnatomicalEntity,biolink:overlaps,biolink:OrganismTaxon,19
biolink:Cohort,biolink:has_part,biolink:Device,19
biolink:Disease,biolink:located_in,biolink:SmallMolecule,19
biolink:Activity,biolink:close_match,biolink:Procedure,19
biolink:Procedure,biolink:treats_or_applied_or_studied_to_treat,biolink:PhysiologicalProcess,19
biolink:Disease,biolink:close_match,biolink:Procedure,19
biolink:Gene,biolink:causes,biolink:PhysiologicalProcess,19
biolink:ComplexMolecularMixture,biolink:affects,biolink:Behavior,19
biolink:Gene,biolink:occurs_in,biolink:Gene,19
biolink:ComplexMolecularMixture,biolink:coexists_with,biolink:GenomicEntity,19
biolink:Device,biolink:diagnoses,biolink:PhenotypicFeature,19
biolink:NamedThing,biolink:related_to,biolink:Device,19
biolink:Protein,biolink:close_match,biolink:NucleicAcidEntity,19
biolink:Publication,biolink:subclass_of,biolink:NamedThing,19
biolink:Cell,biolink:affects,biolink:Behavior,19
biolink:Disease,biolink:causes,biolink:MolecularActivity,19
biolink:BiologicalProcess,biolink:subclass_of,biolink:GrossAnatomicalStructure,19
biolink:Gene,biolink:disrupts,biolink:PhysiologicalProcess,19
biolink:Event,biolink:subclass_of,biolink:Phenomenon,19
biolink:Protein,biolink:located_in,biolink:Food,19
biolink:Device,biolink:disrupts,biolink:AnatomicalEntity,19
biolink:NucleicAcidEntity,biolink:associated_with,biolink:NamedThing,19
biolink:Disease,biolink:has_participant,biolink:OrganismTaxon,19
biolink:GenomicEntity,biolink:biomarker_for,biolink:Disease,19
biolink:NucleicAcidEntity,biolink:produces,biolink:Gene,19
biolink:Phenomenon,biolink:affects,biolink:Polypeptide,19
biolink:Disease,biolink:regulates,biolink:Disease,19
biolink:Drug,biolink:interacts_with,biolink:Publication,19
biolink:Protein,biolink:coexists_with,biolink:Disease,19
biolink:Device,biolink:subclass_of,biolink:NamedThing,19
biolink:Protein,biolink:has_member,biolink:ChemicalEntity,19
biolink:ComplexMolecularMixture,biolink:disrupts,biolink:GrossAnatomicalStructure,19
biolink:Drug,biolink:has_part,biolink:AnatomicalEntity,19
biolink:Device,biolink:affects,biolink:Cohort,19
biolink:Drug,biolink:coexists_with,biolink:Publication,19
biolink:Publication,biolink:located_in,biolink:Activity,19
biolink:Protein,biolink:has_input,biolink:Procedure,19
biolink:Device,biolink:preventative_for_condition,biolink:InformationContentEntity,19
biolink:Cell,biolink:located_in,biolink:Publication,19
biolink:Disease,biolink:occurs_in,biolink:NucleicAcidEntity,19
biolink:Activity,biolink:has_input,biolink:ClinicalAttribute,19
biolink:BiologicalProcess,biolink:related_to,biolink:Device,19
biolink:Activity,biolink:causes,biolink:Activity,19
biolink:Drug,biolink:preventative_for_condition,biolink:BiologicalProcess,19
biolink:SmallMolecule,biolink:disrupts,biolink:SmallMolecule,19
biolink:Disease,biolink:associated_with,biolink:Human,19
biolink:AnatomicalEntity,biolink:affects,biolink:Activity,19
biolink:NamedThing,biolink:subclass_of,biolink:BiologicalProcess,19
biolink:AnatomicalEntity,biolink:has_part,biolink:PhysicalEntity,19
biolink:GeneFamily,biolink:close_match,biolink:Protein,19
biolink:Phenomenon,biolink:subclass_of,biolink:PhysiologicalProcess,18
biolink:Device,biolink:affects,biolink:BiologicalEntity,18
biolink:GrossAnatomicalStructure,biolink:has_input,biolink:PhysicalEntity,18
biolink:Disease,biolink:derives_from,biolink:GrossAnatomicalStructure,18
biolink:ClinicalAttribute,biolink:related_to,biolink:Phenomenon,18
biolink:NamedThing,biolink:subclass_of,biolink:Drug,18
biolink:Cohort,biolink:treats_or_applied_or_studied_to_treat,biolink:Agent,18
biolink:AnatomicalEntity,biolink:interacts_with,biolink:Device,18
biolink:Polypeptide,biolink:subclass_of,biolink:Gene,18
biolink:Procedure,biolink:occurs_in,biolink:Drug,18
biolink:MolecularActivity,biolink:produces,biolink:AnatomicalEntity,18
biolink:PhenotypicFeature,biolink:has_part,biolink:GenomicEntity,18
biolink:ChemicalMixture,biolink:affects,biolink:Drug,18
biolink:Gene,biolink:close_match,biolink:Drug,18
biolink:Gene,biolink:subclass_of,biolink:SmallMolecule,18
biolink:SmallMolecule,biolink:gene_product_of,biolink:Gene,18
biolink:CellularComponent,biolink:disrupts,biolink:BiologicalProcess,18
biolink:Device,biolink:interacts_with,biolink:GenomicEntity,18
biolink:Agent,biolink:subclass_of,biolink:IndividualOrganism,18
biolink:Food,biolink:predisposes_to_condition,biolink:AnatomicalEntity,18
biolink:EnvironmentalProcess,biolink:has_output,biolink:PhysicalEntity,18
biolink:Cohort,biolink:interacts_with,biolink:InformationContentEntity,18
biolink:Protein,biolink:has_input,biolink:Gene,18
biolink:Agent,biolink:treats_or_applied_or_studied_to_treat,biolink:PhenotypicFeature,18
biolink:Disease,biolink:coexists_with,biolink:PathologicalProcess,18
biolink:PopulationOfIndividualOrganisms,biolink:interacts_with,biolink:Agent,18
biolink:PhysicalEntity,biolink:coexists_with,biolink:PhysicalEntity,18
biolink:PhenotypicFeature,biolink:close_match,biolink:DiseaseOrPhenotypicFeature,18
biolink:Device,biolink:coexists_with,biolink:Gene,18
biolink:AnatomicalEntity,biolink:affects,biolink:CellularComponent,18
biolink:OrganismTaxon,biolink:produces,biolink:NucleicAcidEntity,18
biolink:CellularComponent,biolink:close_match,biolink:Gene,18
biolink:GrossAnatomicalStructure,biolink:develops_from,biolink:CellularComponent,18
biolink:Activity,biolink:causes,biolink:ClinicalAttribute,18
biolink:Gene,biolink:subclass_of,biolink:CellularComponent,18
biolink:Disease,biolink:manifestation_of,biolink:AnatomicalEntity,18
biolink:SmallMolecule,biolink:affects,biolink:PopulationOfIndividualOrganisms,18
biolink:PhysiologicalProcess,biolink:precedes,biolink:MolecularActivity,18
biolink:NucleicAcidEntity,biolink:affects,biolink:Activity,18
biolink:OrganismTaxon,biolink:close_match,biolink:Drug,18
biolink:Protein,biolink:coexists_with,biolink:Cell,18
biolink:Activity,biolink:preventative_for_condition,biolink:Activity,18
biolink:Polypeptide,biolink:related_to,biolink:MolecularMixture,18
biolink:InformationContentEntity,biolink:occurs_in,biolink:Gene,18
biolink:ChemicalEntity,biolink:affects,biolink:ChemicalMixture,18
biolink:PhysiologicalProcess,biolink:related_to,biolink:InformationContentEntity,18
biolink:InformationContentEntity,biolink:interacts_with,biolink:Disease,18
biolink:InformationContentEntity,biolink:related_to,biolink:GenomicEntity,18
biolink:Activity,biolink:subclass_of,biolink:PhysicalEntity,18
biolink:GrossAnatomicalStructure,biolink:related_to,biolink:Device,18
biolink:AnatomicalEntity,biolink:disrupts,biolink:PhenotypicFeature,18
biolink:Protein,biolink:disrupts,biolink:ChemicalEntity,18
biolink:SmallMolecule,biolink:derives_from,biolink:Food,18
biolink:Publication,biolink:affects,biolink:SmallMolecule,18
biolink:Phenomenon,biolink:causes,biolink:MolecularActivity,18
biolink:Procedure,biolink:preventative_for_condition,biolink:GrossAnatomicalStructure,18
biolink:Procedure,biolink:preventative_for_condition,biolink:NamedThing,18
biolink:Cell,biolink:coexists_with,biolink:Protein,18
biolink:Disease,biolink:related_to,biolink:BiologicalEntity,18
biolink:ClinicalAttribute,biolink:located_in,biolink:Cell,18
biolink:MolecularMixture,biolink:produces,biolink:MolecularMixture,18
biolink:Food,biolink:interacts_with,biolink:Gene,18
biolink:DiseaseOrPhenotypicFeature,biolink:related_to,biolink:InformationContentEntity,18
biolink:PhysicalEntity,biolink:subclass_of,biolink:Procedure,18
biolink:Device,biolink:has_member,biolink:Drug,18
biolink:Publication,biolink:close_match,biolink:Activity,18
biolink:GrossAnatomicalStructure,biolink:overlaps,biolink:OrganismTaxon,18
biolink:AnatomicalEntity,biolink:close_match,biolink:BiologicalProcess,18
biolink:Human,biolink:subclass_of,biolink:PopulationOfIndividualOrganisms,18
biolink:Pathway,biolink:same_as,biolink:CellularComponent,18
biolink:Drug,biolink:regulates,biolink:MolecularActivity,18
biolink:PopulationOfIndividualOrganisms,biolink:predisposes_to_condition,biolink:PhenotypicFeature,18
biolink:InformationContentEntity,biolink:has_member,biolink:Protein,18
biolink:PhenotypicFeature,biolink:occurs_in,biolink:NamedThing,18
biolink:Human,biolink:related_to,biolink:Behavior,18
biolink:Polypeptide,biolink:subclass_of,biolink:MolecularMixture,18
biolink:PhenotypicFeature,biolink:predisposes_to_condition,biolink:Activity,18
biolink:Publication,biolink:affects,biolink:Phenomenon,18
biolink:NucleicAcidEntity,biolink:derives_from,biolink:SmallMolecule,18
biolink:GenomicEntity,biolink:affects,biolink:InformationContentEntity,18
biolink:MolecularActivity,biolink:precedes,biolink:PhysiologicalProcess,18
biolink:Behavior,biolink:related_to,biolink:Human,18
biolink:IndividualOrganism,biolink:related_to,biolink:OrganismTaxon,17
biolink:NamedThing,biolink:subclass_of,biolink:SmallMolecule,17
biolink:Activity,biolink:coexists_with,biolink:Behavior,17
biolink:Event,biolink:located_in,biolink:GrossAnatomicalStructure,17
biolink:NucleicAcidEntity,biolink:has_part,biolink:MolecularMixture,17
biolink:NamedThing,biolink:associated_with,biolink:PhenotypicFeature,17
biolink:OrganismTaxon,biolink:affects,biolink:SmallMolecule,17
biolink:NamedThing,biolink:close_match,biolink:PopulationOfIndividualOrganisms,17
biolink:Gene,biolink:coexists_with,biolink:PhenotypicFeature,17
biolink:BiologicalProcess,biolink:related_to,biolink:Publication,17
biolink:Behavior,biolink:has_part,biolink:Protein,17
biolink:Protein,biolink:related_to,biolink:Phenomenon,17
biolink:Device,biolink:interacts_with,biolink:PhysicalEntity,17
biolink:PopulationOfIndividualOrganisms,biolink:coexists_with,biolink:PhenotypicFeature,17
biolink:Drug,biolink:close_match,biolink:AnatomicalEntity,17
biolink:Polypeptide,biolink:affects,biolink:BiologicalEntity,17
biolink:SmallMolecule,biolink:affects,biolink:ChemicalMixture,17
biolink:Disease,biolink:located_in,biolink:GenomicEntity,17
biolink:Disease,biolink:has_participant,biolink:ChemicalEntity,17
biolink:PhenotypicFeature,biolink:produces,biolink:Device,17
biolink:SmallMolecule,biolink:related_to,biolink:Publication,17
biolink:PhysicalEntity,biolink:has_part,biolink:ChemicalEntity,17
biolink:Drug,biolink:derives_from,biolink:Polypeptide,17
biolink:Gene,biolink:predisposes_to_condition,biolink:InformationContentEntity,17
biolink:Publication,biolink:treats_or_applied_or_studied_to_treat,biolink:InformationContentEntity,17
biolink:BiologicalEntity,biolink:precedes,biolink:PhenotypicFeature,17
biolink:PhysiologicalProcess,biolink:manifestation_of,biolink:Disease,17
biolink:OrganismTaxon,biolink:treats_or_applied_or_studied_to_treat,biolink:PhenotypicFeature,17
biolink:Protein,biolink:coexists_with,biolink:Procedure,17
biolink:OrganismTaxon,biolink:related_to,biolink:IndividualOrganism,17
biolink:Gene,biolink:interacts_with,biolink:PhenotypicFeature,17
biolink:NucleicAcidEntity,biolink:affects,biolink:DiseaseOrPhenotypicFeature,17
biolink:GrossAnatomicalStructure,biolink:has_part,biolink:PhysicalEntity,17
biolink:Food,biolink:affects,biolink:Food,17
biolink:Polypeptide,biolink:subclass_of,biolink:MolecularEntity,17
biolink:NucleicAcidEntity,biolink:close_match,biolink:Gene,17
biolink:Publication,biolink:precedes,biolink:Activity,17
biolink:Protein,biolink:derives_from,biolink:Food,17
biolink:SmallMolecule,biolink:preventative_for_condition,biolink:Procedure,17
biolink:Protein,biolink:produces,biolink:CellularComponent,17
biolink:PhysiologicalProcess,biolink:subclass_of,biolink:Disease,17
biolink:BiologicalProcess,biolink:related_to,biolink:IndividualOrganism,17
biolink:CellularComponent,biolink:close_match,biolink:ChemicalEntity,17
biolink:SmallMolecule,biolink:preventative_for_condition,biolink:BiologicalProcess,17
biolink:NucleicAcidEntity,biolink:located_in,biolink:ChemicalEntity,17
biolink:Gene,biolink:close_match,biolink:SmallMolecule,17
biolink:Protein,biolink:regulates,biolink:PhenotypicFeature,17
biolink:Protein,biolink:genetically_associated_with,biolink:BiologicalProcess,17
biolink:ChemicalEntity,biolink:subclass_of,biolink:MolecularActivity,17
biolink:Protein,biolink:preventative_for_condition,biolink:AnatomicalEntity,17
biolink:GrossAnatomicalStructure,biolink:manifestation_of,biolink:Disease,17
biolink:PhenotypicFeature,biolink:treats_or_applied_or_studied_to_treat,biolink:GrossAnatomicalStructure,17
biolink:IndividualOrganism,biolink:related_to,biolink:BiologicalProcess,17
biolink:PhenotypicFeature,biolink:subclass_of,biolink:Protein,17
biolink:Procedure,biolink:associated_with,biolink:MolecularActivity,17
biolink:PhysiologicalProcess,biolink:located_in,biolink:PhenotypicFeature,17
biolink:PopulationOfIndividualOrganisms,biolink:has_input,biolink:BiologicalProcess,17
biolink:Food,biolink:related_to,biolink:InformationContentEntity,17
biolink:InformationContentEntity,biolink:subclass_of,biolink:Agent,17
biolink:CellularComponent,biolink:regulates,biolink:BiologicalProcess,17
biolink:Procedure,biolink:subclass_of,biolink:ClinicalAttribute,17
biolink:CellularComponent,biolink:coexists_with,biolink:Drug,17
biolink:Polypeptide,biolink:gene_product_of,biolink:Gene,17
biolink:DiseaseOrPhenotypicFeature,biolink:located_in,biolink:CellularComponent,17
biolink:PhenotypicFeature,biolink:disrupts,biolink:Phenomenon,17
biolink:BiologicalProcess,biolink:associated_with,biolink:AnatomicalEntity,17
biolink:DiseaseOrPhenotypicFeature,biolink:has_phenotype,biolink:Disease,17
biolink:Agent,biolink:produces,biolink:Publication,17
biolink:ChemicalMixture,biolink:subclass_of,biolink:SmallMolecule,17
biolink:Drug,biolink:has_input,biolink:PhysicalEntity,17
biolink:Protein,biolink:treats_or_applied_or_studied_to_treat,biolink:Behavior,17
biolink:AnatomicalEntity,biolink:subclass_of,biolink:ClinicalAttribute,17
biolink:PopulationOfIndividualOrganisms,biolink:produces,biolink:Publication,17
biolink:MolecularActivity,biolink:coexists_with,biolink:Activity,17
biolink:PhenotypicFeature,biolink:precedes,biolink:BiologicalEntity,17
biolink:Procedure,biolink:predisposes_to_condition,biolink:BiologicalProcess,17
biolink:ComplexMolecularMixture,biolink:treats_or_applied_or_studied_to_treat,biolink:InformationContentEntity,17
biolink:PhysiologicalProcess,biolink:precedes,biolink:Disease,17
biolink:MolecularActivity,biolink:occurs_in,biolink:GenomicEntity,17
biolink:MolecularMixture,biolink:chemically_similar_to,biolink:ChemicalEntity,17
biolink:Publication,biolink:affects,biolink:Procedure,17
biolink:Food,biolink:subclass_of,biolink:Activity,17
biolink:Disease,biolink:biomarker_for,biolink:PhenotypicFeature,17
biolink:PhysiologicalProcess,biolink:coexists_with,biolink:Activity,17
biolink:Phenomenon,biolink:has_input,biolink:Phenomenon,17
biolink:PopulationOfIndividualOrganisms,biolink:located_in,biolink:AnatomicalEntity,17
biolink:ComplexMolecularMixture,biolink:treats_or_applied_or_studied_to_treat,biolink:DiseaseOrPhenotypicFeature,17
biolink:Polypeptide,biolink:close_match,biolink:MolecularMixture,17
biolink:OrganismTaxon,biolink:affects,biolink:Drug,17
biolink:ChemicalMixture,biolink:disrupts,biolink:PhenotypicFeature,17
biolink:Disease,biolink:treats_or_applied_or_studied_to_treat,biolink:Disease,17
biolink:InformationContentEntity,biolink:diagnoses,biolink:InformationContentEntity,17
biolink:InformationContentEntity,biolink:has_member,biolink:SmallMolecule,17
biolink:PhysicalEntity,biolink:affects,biolink:MolecularActivity,17
biolink:GenomicEntity,biolink:subclass_of,biolink:ChemicalEntity,17
biolink:BiologicalProcess,biolink:has_input,biolink:GrossAnatomicalStructure,17
biolink:Activity,biolink:occurs_in,biolink:SmallMolecule,17
biolink:PhenotypicFeature,biolink:interacts_with,biolink:BiologicalProcess,17
biolink:CellularComponent,biolink:subclass_of,biolink:NamedThing,17
biolink:Polypeptide,biolink:has_input,biolink:Drug,17
biolink:GrossAnatomicalStructure,biolink:affects,biolink:Phenomenon,17
biolink:MolecularMixture,biolink:treats,biolink:PhenotypicFeature,17
biolink:InformationContentEntity,biolink:interacts_with,biolink:Cohort,17
biolink:ChemicalEntity,biolink:related_to,biolink:PhysiologicalProcess,17
biolink:BiologicalProcess,biolink:affects,biolink:Publication,17
biolink:ChemicalMixture,biolink:derives_from,biolink:Drug,17
biolink:ChemicalMixture,biolink:interacts_with,biolink:Gene,17
biolink:AnatomicalEntity,biolink:produces,biolink:Device,17
biolink:Drug,biolink:positively_correlated_with,biolink:BiologicalProcess,17
biolink:Publication,biolink:coexists_with,biolink:SmallMolecule,17
biolink:Protein,biolink:subclass_of,biolink:Cell,17
biolink:Activity,biolink:subclass_of,biolink:Cohort,16
biolink:PhenotypicFeature,biolink:associated_with,biolink:Activity,16
biolink:AnatomicalEntity,biolink:has_part,biolink:Food,16
biolink:Publication,biolink:subclass_of,biolink:Phenomenon,16
biolink:Gene,biolink:homologous_to,biolink:Protein,16
biolink:Activity,biolink:located_in,biolink:ChemicalEntity,16
biolink:AnatomicalEntity,biolink:subclass_of,biolink:Device,16
biolink:BiologicalProcess,biolink:subclass_of,biolink:PopulationOfIndividualOrganisms,16
biolink:Food,biolink:affects,biolink:NamedThing,16
biolink:Gene,biolink:related_to,biolink:Cell,16
biolink:BiologicalProcess,biolink:contributes_to,biolink:PhenotypicFeature,16
biolink:Cell,biolink:produces,biolink:OrganismTaxon,16
biolink:NamedThing,biolink:preventative_for_condition,biolink:PhenotypicFeature,16
biolink:PhenotypicFeature,biolink:precedes,biolink:MolecularActivity,16
biolink:Protein,biolink:exacerbates_condition,biolink:BiologicalEntity,16
biolink:Pathway,biolink:located_in,biolink:Cell,16
biolink:CellularComponent,biolink:manifestation_of,biolink:Disease,16
biolink:ComplexMolecularMixture,biolink:affects,biolink:MolecularMixture,16
biolink:Protein,biolink:physically_interacts_with,biolink:OrganismTaxon,16
biolink:ChemicalEntity,biolink:decreases_response_to,biolink:Protein,16
biolink:Activity,biolink:affects,biolink:AnatomicalEntity,16
biolink:Cohort,biolink:diagnoses,biolink:Behavior,16
biolink:Pathway,biolink:occurs_in,biolink:GrossAnatomicalStructure,16
biolink:Disease,biolink:occurs_in,biolink:MolecularMixture,16
biolink:Activity,biolink:has_participant,biolink:GrossAnatomicalStructure,16
biolink:ChemicalEntity,biolink:in_taxon,biolink:OrganismTaxon,16
biolink:Procedure,biolink:coexists_with,biolink:Behavior,16
biolink:PopulationOfIndividualOrganisms,biolink:produces,biolink:PhysicalEntity,16
biolink:OrganismTaxon,biolink:has_input,biolink:OrganismTaxon,16
biolink:PhysiologicalProcess,biolink:biomarker_for,biolink:Disease,16
biolink:GrossAnatomicalStructure,biolink:located_in,biolink:PopulationOfIndividualOrganisms,16
biolink:Procedure,biolink:affects,biolink:SmallMolecule,16
biolink:MolecularMixture,biolink:related_to,biolink:Food,16
biolink:InformationContentEntity,biolink:related_to,biolink:NucleicAcidEntity,16
biolink:OrganismTaxon,biolink:affects,biolink:GrossAnatomicalStructure,16
biolink:Protein,biolink:homologous_to,biolink:Gene,16
biolink:Procedure,biolink:subclass_of,biolink:PopulationOfIndividualOrganisms,16
biolink:PhysicalEntity,biolink:close_match,biolink:Device,16
biolink:MolecularActivity,biolink:predisposes_to_condition,biolink:PhenotypicFeature,16
biolink:PopulationOfIndividualOrganisms,biolink:occurs_in,biolink:PhenotypicFeature,16
biolink:PhysicalEntity,biolink:coexists_with,biolink:SmallMolecule,16
biolink:InformationContentEntity,biolink:has_input,biolink:Behavior,16
biolink:Cell,biolink:subclass_of,biolink:Disease,16
biolink:BiologicalProcess,biolink:causes,biolink:Procedure,16
biolink:Protein,biolink:chemically_similar_to,biolink:Protein,16
biolink:Agent,biolink:has_input,biolink:Publication,16
biolink:Publication,biolink:interacts_with,biolink:OrganismTaxon,16
biolink:SmallMolecule,biolink:associated_with,biolink:Procedure,16
biolink:Agent,biolink:related_to,biolink:IndividualOrganism,16
biolink:InformationContentEntity,biolink:subclass_of,biolink:Cell,16
biolink:Protein,biolink:has_part,biolink:ComplexMolecularMixture,16
biolink:ChemicalEntity,biolink:preventative_for_condition,biolink:AnatomicalEntity,16
biolink:PopulationOfIndividualOrganisms,biolink:treats_or_applied_or_studied_to_treat,biolink:PhenotypicFeature,16
biolink:Phenomenon,biolink:produces,biolink:MolecularMixture,16
biolink:Procedure,biolink:has_participant,biolink:Protein,16
biolink:Phenomenon,biolink:affects,biolink:GrossAnatomicalStructure,16
biolink:Procedure,biolink:has_participant,biolink:GenomicEntity,16
biolink:BiologicalEntity,biolink:manifestation_of,biolink:PhenotypicFeature,16
biolink:Phenomenon,biolink:produces,biolink:Polypeptide,16
biolink:InformationContentEntity,biolink:disrupts,biolink:Phenomenon,16
biolink:Disease,biolink:coexists_with,biolink:CellularComponent,16
biolink:Cell,biolink:occurs_in,biolink:Cohort,16
biolink:InformationContentEntity,biolink:disrupts,biolink:GrossAnatomicalStructure,16
biolink:EnvironmentalProcess,biolink:has_participant,biolink:PhysicalEntity,16
biolink:GrossAnatomicalStructure,biolink:subclass_of,biolink:Disease,16
biolink:PhenotypicFeature,biolink:predisposes_to_condition,biolink:Phenomenon,16
biolink:AnatomicalEntity,biolink:positively_correlated_with,biolink:Disease,16
biolink:GrossAnatomicalStructure,biolink:causes,biolink:AnatomicalEntity,16
biolink:Procedure,biolink:affects,biolink:Cell,16
biolink:CellularComponent,biolink:related_to,biolink:NamedThing,16
biolink:Phenomenon,biolink:close_match,biolink:MolecularActivity,16
biolink:Protein,biolink:subclass_of,biolink:PhenotypicFeature,16
biolink:SmallMolecule,biolink:interacts_with,biolink:Publication,16
biolink:Gene,biolink:subclass_of,biolink:NucleicAcidEntity,16
biolink:Drug,biolink:has_input,biolink:Gene,16
biolink:NamedThing,biolink:close_match,biolink:Behavior,16
biolink:InformationContentEntity,biolink:has_member,biolink:Drug,16
biolink:CellularComponent,biolink:close_match,biolink:Protein,16
biolink:Cell,biolink:affects,biolink:AnatomicalEntity,16
biolink:PopulationOfIndividualOrganisms,biolink:subclass_of,biolink:Behavior,16
biolink:GrossAnatomicalStructure,biolink:has_input,biolink:Drug,16
biolink:OrganismTaxon,biolink:related_to,biolink:CellularComponent,16
biolink:Disease,biolink:manifestation_of,biolink:BiologicalEntity,16
biolink:Publication,biolink:related_to,biolink:Gene,16
biolink:Disease,biolink:manifestation_of,biolink:Behavior,16
biolink:Device,biolink:related_to,biolink:NamedThing,16
biolink:PhenotypicFeature,biolink:affects,biolink:MolecularMixture,16
biolink:Procedure,biolink:affects,biolink:Agent,16
biolink:IndividualOrganism,biolink:related_to,biolink:Agent,16
biolink:Disease,biolink:interacts_with,biolink:Protein,16
biolink:PhysicalEntity,biolink:affects,biolink:PhenotypicFeature,16
biolink:GeographicLocation,biolink:related_to,biolink:PhysicalEntity,16
biolink:PhysicalEntity,biolink:interacts_with,biolink:MolecularMixture,16
biolink:CellularComponent,biolink:related_to,biolink:OrganismTaxon,16
biolink:ChemicalEntity,biolink:subclass_of,biolink:PhenotypicFeature,15
biolink:PhenotypicFeature,biolink:disrupts,biolink:CellularComponent,15
biolink:InformationContentEntity,biolink:related_to,biolink:Polypeptide,15
biolink:Procedure,biolink:causes,biolink:GrossAnatomicalStructure,15
biolink:Human,biolink:related_to,biolink:InformationContentEntity,15
biolink:OrganismTaxon,biolink:related_to,biolink:ComplexMolecularMixture,15
biolink:Pathway,biolink:affects,biolink:BiologicalProcess,15
biolink:NucleicAcidEntity,biolink:coexists_with,biolink:ComplexMolecularMixture,15
biolink:Behavior,biolink:related_to,biolink:AnatomicalEntity,15
biolink:ClinicalAttribute,biolink:subclass_of,biolink:Phenomenon,15
biolink:NamedThing,biolink:causes,biolink:PhenotypicFeature,15
biolink:ComplexMolecularMixture,biolink:disrupts,biolink:Behavior,15
biolink:NucleicAcidEntity,biolink:derives_from,biolink:Drug,15
biolink:ChemicalEntity,biolink:coexists_with,biolink:Publication,15
biolink:SmallMolecule,biolink:has_side_effect,biolink:NamedThing,15
biolink:Human,biolink:produces,biolink:InformationContentEntity,15
biolink:Disease,biolink:related_to,biolink:IndividualOrganism,15
biolink:PhenotypicFeature,biolink:located_in,biolink:PhysicalEntity,15
biolink:Food,biolink:interacts_with,biolink:MolecularMixture,15
biolink:MolecularMixture,biolink:has_input,biolink:Protein,15
biolink:IndividualOrganism,biolink:related_to,biolink:Disease,15
biolink:InformationContentEntity,biolink:related_to,biolink:Food,15
biolink:GrossAnatomicalStructure,biolink:related_to,biolink:PhysicalEntity,15
biolink:Cell,biolink:has_part,biolink:Food,15
biolink:Drug,biolink:precedes,biolink:Publication,15
biolink:PhenotypicFeature,biolink:subclass_of,biolink:ChemicalEntity,15
biolink:Activity,biolink:related_to,biolink:ChemicalMixture,15
biolink:Phenomenon,biolink:diagnoses,biolink:OrganismTaxon,15
biolink:ChemicalMixture,biolink:subclass_of,biolink:Drug,15
biolink:Drug,biolink:affects,biolink:ChemicalMixture,15
biolink:PhysiologicalProcess,biolink:affects,biolink:CellularComponent,15
biolink:BiologicalProcess,biolink:has_output,biolink:NamedThing,15
biolink:BiologicalProcess,biolink:regulates,biolink:Behavior,15
biolink:Phenomenon,biolink:has_input,biolink:Gene,15
biolink:Phenomenon,biolink:close_match,biolink:Procedure,15
biolink:Cell,biolink:related_to,biolink:Gene,15
biolink:Device,biolink:has_input,biolink:Activity,15
biolink:Device,biolink:interacts_with,biolink:AnatomicalEntity,15
biolink:NucleicAcidEntity,biolink:subclass_of,biolink:Polypeptide,15
biolink:PhenotypicFeature,biolink:subclass_of,biolink:CellularComponent,15
biolink:PhysiologicalProcess,biolink:affects,biolink:AnatomicalEntity,15
biolink:NamedThing,biolink:has_side_effect,biolink:SmallMolecule,15
biolink:SmallMolecule,biolink:subclass_of,biolink:PhenotypicFeature,15
biolink:Gene,biolink:related_to,biolink:PhenotypicFeature,15
biolink:ChemicalMixture,biolink:affects,biolink:SmallMolecule,15
biolink:ClinicalAttribute,biolink:affects,biolink:ClinicalAttribute,15
biolink:Drug,biolink:located_in,biolink:Food,15
biolink:PhenotypicFeature,biolink:subclass_of,biolink:Drug,15
biolink:AnatomicalEntity,biolink:related_to,biolink:Behavior,15
biolink:GeneFamily,biolink:positively_correlated_with,biolink:BiologicalProcess,15
biolink:Procedure,biolink:treats_or_applied_or_studied_to_treat,biolink:NucleicAcidEntity,15
biolink:CellularComponent,biolink:located_in,biolink:PhenotypicFeature,15
biolink:Disease,biolink:precedes,biolink:Activity,15
biolink:GenomicEntity,biolink:has_part,biolink:NucleicAcidEntity,15
biolink:PhenotypicFeature,biolink:precedes,biolink:Activity,15
biolink:MolecularMixture,biolink:similar_to,biolink:SmallMolecule,15
biolink:SmallMolecule,biolink:negatively_correlated_with,biolink:BiologicalProcess,15
biolink:Agent,biolink:has_part,biolink:NucleicAcidEntity,15
biolink:InformationContentEntity,biolink:interacts_with,biolink:Cell,15
biolink:MolecularMixture,biolink:interacts_with,biolink:AnatomicalEntity,15
biolink:Publication,biolink:close_match,biolink:PhysicalEntity,15
biolink:PhysiologicalProcess,biolink:associated_with,biolink:Procedure,15
biolink:Procedure,biolink:predisposes_to_condition,biolink:ClinicalAttribute,15
biolink:GenomicEntity,biolink:located_in,biolink:NucleicAcidEntity,15
biolink:ComplexMolecularMixture,biolink:affects,biolink:ClinicalAttribute,15
biolink:GenomicEntity,biolink:causes,biolink:PhysiologicalProcess,15
biolink:PhenotypicFeature,biolink:related_to,biolink:MolecularMixture,15
biolink:Procedure,biolink:preventative_for_condition,biolink:BiologicalProcess,15
biolink:NamedThing,biolink:related_to,biolink:GrossAnatomicalStructure,15
biolink:ChemicalEntity,biolink:occurs_in,biolink:Cohort,15
biolink:Pathway,biolink:related_to,biolink:GrossAnatomicalStructure,15
biolink:Procedure,biolink:predisposes_to_condition,biolink:NamedThing,15
biolink:BiologicalEntity,biolink:affects,biolink:PopulationOfIndividualOrganisms,15
biolink:InformationContentEntity,biolink:related_to,biolink:Human,15
biolink:Device,biolink:located_in,biolink:Disease,15
biolink:Procedure,biolink:coexists_with,biolink:Device,15
biolink:NucleicAcidEntity,biolink:associated_with,biolink:PhysiologicalProcess,15
biolink:OrganismTaxon,biolink:causes,biolink:Phenomenon,15
biolink:Phenomenon,biolink:occurs_in,biolink:BiologicalEntity,15
biolink:Protein,biolink:coexists_with,biolink:GrossAnatomicalStructure,15
biolink:Device,biolink:located_in,biolink:Human,15
biolink:Protein,biolink:preventative_for_condition,biolink:ClinicalAttribute,15
biolink:Procedure,biolink:disrupts,biolink:BiologicalProcess,15
biolink:InformationContentEntity,biolink:causes,biolink:GrossAnatomicalStructure,15
biolink:PhysiologicalProcess,biolink:related_to,biolink:PhenotypicFeature,15
biolink:Disease,biolink:has_participant,biolink:GrossAnatomicalStructure,15
biolink:Device,biolink:derives_from,biolink:Protein,15
biolink:Disease,biolink:subclass_of,biolink:ChemicalEntity,15
biolink:BiologicalEntity,biolink:affects,biolink:BiologicalEntity,15
biolink:ChemicalEntity,biolink:has_metabolite,biolink:SmallMolecule,15
biolink:NucleicAcidEntity,biolink:interacts_with,biolink:Device,15
biolink:Disease,biolink:subclass_of,biolink:OrganismTaxon,15
biolink:Activity,biolink:subclass_of,biolink:PopulationOfIndividualOrganisms,15
biolink:AnatomicalEntity,biolink:affects,biolink:Behavior,15
biolink:ComplexMolecularMixture,biolink:derives_from,biolink:Protein,15
biolink:MolecularActivity,biolink:subclass_of,biolink:CellularComponent,15
biolink:Gene,biolink:gene_product_of,biolink:Protein,15
biolink:Gene,biolink:exacerbates_condition,biolink:PhenotypicFeature,15
biolink:Procedure,biolink:close_match,biolink:Gene,15
biolink:PhenotypicFeature,biolink:diagnoses,biolink:InformationContentEntity,15
biolink:Gene,biolink:disrupts,biolink:OrganismTaxon,15
biolink:SmallMolecule,biolink:physically_interacts_with,biolink:CellularComponent,14
biolink:Polypeptide,biolink:coexists_with,biolink:CellularComponent,14
biolink:Phenomenon,biolink:coexists_with,biolink:Phenomenon,14
biolink:Event,biolink:located_in,biolink:AnatomicalEntity,14
biolink:Pathway,biolink:coexists_with,biolink:BiologicalProcess,14
biolink:Pathway,biolink:occurs_in,biolink:Cell,14
biolink:Human,biolink:subclass_of,biolink:InformationContentEntity,14
biolink:Food,biolink:coexists_with,biolink:MolecularMixture,14
biolink:Cohort,biolink:close_match,biolink:InformationContentEntity,14
biolink:InformationContentEntity,biolink:affects,biolink:CellularComponent,14
biolink:Phenomenon,biolink:close_match,biolink:Activity,14
biolink:Food,biolink:disrupts,biolink:MolecularActivity,14
biolink:SmallMolecule,biolink:located_in,biolink:Publication,14
biolink:ChemicalEntity,biolink:coexists_with,biolink:Procedure,14
biolink:IndividualOrganism,biolink:related_to,biolink:PopulationOfIndividualOrganisms,14
biolink:NucleicAcidEntity,biolink:related_to,biolink:BiologicalProcess,14
biolink:Disease,biolink:related_to,biolink:Event,14
biolink:InformationContentEntity,biolink:located_in,biolink:PhenotypicFeature,14
biolink:PhysiologicalProcess,biolink:regulates,biolink:BiologicalProcess,14
biolink:SmallMolecule,biolink:predisposes_to_condition,biolink:AnatomicalEntity,14
biolink:Event,biolink:coexists_with,biolink:PhenotypicFeature,14
biolink:Drug,biolink:located_in,biolink:Device,14
biolink:IndividualOrganism,biolink:located_in,biolink:CellularComponent,14
biolink:Pathway,biolink:has_part,biolink:Pathway,14
biolink:Event,biolink:related_to,biolink:Disease,14
biolink:Drug,biolink:located_in,biolink:Drug,14
biolink:MolecularActivity,biolink:regulates,biolink:Phenomenon,14
biolink:Disease,biolink:located_in,biolink:PhysicalEntity,14
biolink:Protein,biolink:positively_correlated_with,biolink:SmallMolecule,14
biolink:SmallMolecule,biolink:precedes,biolink:Disease,14
biolink:Publication,biolink:located_in,biolink:InformationContentEntity,14
biolink:Drug,biolink:treats,biolink:BiologicalProcess,14
biolink:CellularComponent,biolink:overlaps,biolink:AnatomicalEntity,14
biolink:Behavior,biolink:related_to,biolink:OrganismTaxon,14
biolink:MolecularMixture,biolink:related_to,biolink:GenomicEntity,14
biolink:InformationContentEntity,biolink:mentions,biolink:InformationContentEntity,14
biolink:MolecularActivity,biolink:produces,biolink:Polypeptide,14
biolink:Cohort,biolink:has_input,biolink:ChemicalEntity,14
biolink:Protein,biolink:produces,biolink:GrossAnatomicalStructure,14
biolink:Disease,biolink:predisposes_to_condition,biolink:Activity,14
biolink:InformationContentEntity,biolink:affects,biolink:Procedure,14
biolink:Device,biolink:disrupts,biolink:Behavior,14
biolink:Drug,biolink:physically_interacts_with,biolink:NucleicAcidEntity,14
biolink:NucleicAcidEntity,biolink:exacerbates_condition,biolink:Disease,14
biolink:MolecularActivity,biolink:occurs_in,biolink:NamedThing,14
biolink:PhenotypicFeature,biolink:has_input,biolink:Activity,14
biolink:Protein,biolink:positively_correlated_with,biolink:Drug,14
biolink:Protein,biolink:has_member,biolink:SmallMolecule,14
biolink:Procedure,biolink:occurs_in,biolink:Human,14
biolink:GrossAnatomicalStructure,biolink:precedes,biolink:Disease,14
biolink:NamedThing,biolink:located_in,biolink:Agent,14
biolink:PhysiologicalProcess,biolink:coexists_with,biolink:AnatomicalEntity,14
biolink:PhysicalEntity,biolink:treats_or_applied_or_studied_to_treat,biolink:Activity,14
biolink:Cell,biolink:produces,biolink:Device,14
biolink:InformationContentEntity,biolink:subclass_of,biolink:PhysiologicalProcess,14
biolink:Procedure,biolink:located_in,biolink:ClinicalAttribute,14
biolink:Publication,biolink:subclass_of,biolink:AnatomicalEntity,14
biolink:Gene,biolink:subclass_of,biolink:ChemicalMixture,14
biolink:Activity,biolink:close_match,biolink:NamedThing,14
biolink:GrossAnatomicalStructure,biolink:interacts_with,biolink:Protein,14
biolink:SmallMolecule,biolink:causes,biolink:Cell,14
biolink:MolecularMixture,biolink:causes,biolink:DiseaseOrPhenotypicFeature,14
biolink:InformationContentEntity,biolink:treats_or_applied_or_studied_to_treat,biolink:BiologicalEntity,14
biolink:AnatomicalEntity,biolink:develops_from,biolink:CellularComponent,14
biolink:Behavior,biolink:has_participant,biolink:Protein,14
biolink:PhysiologicalProcess,biolink:affects,biolink:GrossAnatomicalStructure,14
biolink:GrossAnatomicalStructure,biolink:close_match,biolink:Disease,14
biolink:ComplexMolecularMixture,biolink:has_part,biolink:Protein,14
biolink:ChemicalMixture,biolink:interacts_with,biolink:Polypeptide,14
biolink:Disease,biolink:close_match,biolink:NamedThing,14
biolink:BiologicalProcess,biolink:correlated_with,biolink:BiologicalProcess,14
biolink:Procedure,biolink:treats_or_applied_or_studied_to_treat,biolink:Gene,14
biolink:ClinicalAttribute,biolink:coexists_with,biolink:InformationContentEntity,14
biolink:MolecularEntity,biolink:subclass_of,biolink:ChemicalEntity,14
biolink:BiologicalProcess,biolink:related_to,biolink:NucleicAcidEntity,14
biolink:ClinicalAttribute,biolink:produces,biolink:Drug,14
biolink:MolecularMixture,biolink:physically_interacts_with,biolink:SmallMolecule,14
biolink:BiologicalProcess,biolink:contributes_to,biolink:BiologicalProcess,14
biolink:NamedThing,biolink:related_to,biolink:Gene,14
biolink:AnatomicalEntity,biolink:subclass_of,biolink:Procedure,14
biolink:Drug,biolink:disrupts,biolink:IndividualOrganism,14
biolink:Gene,biolink:subclass_of,biolink:GenomicEntity,14
biolink:MolecularActivity,biolink:affects,biolink:ClinicalAttribute,14
biolink:Behavior,biolink:has_participant,biolink:Behavior,14
biolink:PopulationOfIndividualOrganisms,biolink:related_to,biolink:Publication,14
biolink:Drug,biolink:derives_from,biolink:Food,14
biolink:OrganismTaxon,biolink:related_to,biolink:Behavior,14
biolink:OrganismTaxon,biolink:coexists_with,biolink:Gene,14
biolink:Disease,biolink:coexists_with,biolink:Gene,14
biolink:BiologicalProcess,biolink:has_part,biolink:Behavior,14
biolink:Device,biolink:causes,biolink:NamedThing,14
biolink:PopulationOfIndividualOrganisms,biolink:related_to,biolink:IndividualOrganism,14
biolink:Cell,biolink:has_decreased_amount,biolink:CellularComponent,14
biolink:Disease,biolink:has_input,biolink:PhenotypicFeature,14
biolink:MolecularEntity,biolink:close_match,biolink:Protein,14
biolink:ChemicalMixture,biolink:disrupts,biolink:Disease,14
biolink:Gene,biolink:related_to,biolink:ComplexMolecularMixture,14
biolink:CellularComponent,biolink:subclass_of,biolink:BiologicalProcess,14
biolink:MolecularActivity,biolink:affects,biolink:Procedure,14
biolink:PopulationOfIndividualOrganisms,biolink:related_to,biolink:ClinicalAttribute,14
biolink:Behavior,biolink:related_to,biolink:Device,14
biolink:PhysiologicalProcess,biolink:affects,biolink:Procedure,14
biolink:PhysiologicalProcess,biolink:coexists_with,biolink:Procedure,14
biolink:NamedThing,biolink:derives_from,biolink:ChemicalEntity,14
biolink:MolecularMixture,biolink:drug_regulatory_status_world_wide,biolink:PhenotypicFeature,14
biolink:ClinicalAttribute,biolink:subclass_of,biolink:Activity,14
biolink:PhenotypicFeature,biolink:related_to,biolink:GenomicEntity,14
biolink:AnatomicalEntity,biolink:produces,biolink:ComplexMolecularMixture,14
biolink:Behavior,biolink:affects,biolink:ClinicalAttribute,14
biolink:Drug,biolink:derives_from,biolink:GenomicEntity,14
biolink:Disease,biolink:coexists_with,biolink:Cell,14
biolink:Protein,biolink:associated_with,biolink:PathologicalProcess,14
biolink:GenomicEntity,biolink:treats_or_applied_or_studied_to_treat,biolink:Disease,13
biolink:PhysicalEntity,biolink:treats_or_applied_or_studied_to_treat,biolink:ClinicalAttribute,13
biolink:InformationContentEntity,biolink:predisposes_to_condition,biolink:ClinicalAttribute,13
biolink:AnatomicalEntity,biolink:interacts_with,biolink:Cell,13
biolink:ClinicalAttribute,biolink:coexists_with,biolink:Drug,13
biolink:MolecularMixture,biolink:affects,biolink:ComplexMolecularMixture,13
biolink:Polypeptide,biolink:subclass_of,biolink:ChemicalMixture,13
biolink:SmallMolecule,biolink:same_as,biolink:Protein,13
biolink:Behavior,biolink:treats_or_applied_or_studied_to_treat,biolink:OrganismTaxon,13
biolink:OrganismTaxon,biolink:related_to,biolink:GrossAnatomicalStructure,13
biolink:Polypeptide,biolink:derives_from,biolink:MolecularMixture,13
biolink:PhysiologicalProcess,biolink:subclass_of,biolink:NamedThing,13
biolink:Protein,biolink:treats_or_applied_or_studied_to_treat,biolink:NamedThing,13
biolink:PhysiologicalProcess,biolink:related_to,biolink:Procedure,13
biolink:Food,biolink:affects,biolink:MolecularMixture,13
biolink:Procedure,biolink:occurs_in,biolink:ChemicalEntity,13
biolink:InformationContentEntity,biolink:associated_with,biolink:BiologicalProcess,13
biolink:Protein,biolink:treats_or_applied_or_studied_to_treat,biolink:Phenomenon,13
biolink:Behavior,biolink:occurs_in,biolink:IndividualOrganism,13
biolink:Protein,biolink:derives_from,biolink:Device,13
biolink:Behavior,biolink:coexists_with,biolink:Procedure,13
biolink:Procedure,biolink:occurs_in,biolink:BiologicalEntity,13
biolink:Publication,biolink:related_to,biolink:OrganismTaxon,13
biolink:Cohort,biolink:related_to,biolink:Phenomenon,13
biolink:Agent,biolink:subclass_of,biolink:Procedure,13
biolink:Polypeptide,biolink:located_in,biolink:PopulationOfIndividualOrganisms,13
biolink:ClinicalAttribute,biolink:affects,biolink:Activity,13
biolink:Agent,biolink:treats_or_applied_or_studied_to_treat,biolink:PopulationOfIndividualOrganisms,13
biolink:Disease,biolink:subclass_of,biolink:Protein,13
biolink:InformationContentEntity,biolink:coexists_with,biolink:GenomicEntity,13
biolink:ComplexMolecularMixture,biolink:close_match,biolink:Device,13
biolink:GeographicLocation,biolink:subclass_of,biolink:PhysicalEntity,13
biolink:Drug,biolink:applied_to_treat,biolink:BiologicalProcess,13
biolink:ComplexMolecularMixture,biolink:subclass_of,biolink:SmallMolecule,13
biolink:MolecularMixture,biolink:treats_or_applied_or_studied_to_treat,biolink:ClinicalAttribute,13
biolink:MolecularMixture,biolink:causes,biolink:AnatomicalEntity,13
biolink:BiologicalProcess,biolink:positively_correlated_with,biolink:SmallMolecule,13
biolink:PhenotypicFeature,biolink:predisposes_to_condition,biolink:NamedThing,13
biolink:MolecularMixture,biolink:treats_or_applied_or_studied_to_treat,biolink:AnatomicalEntity,13
biolink:Disease,biolink:treats_or_applied_or_studied_to_treat,biolink:Cohort,13
biolink:Phenomenon,biolink:interacts_with,biolink:Device,13
biolink:ComplexMolecularMixture,biolink:close_match,biolink:Food,13
biolink:Pathway,biolink:positively_correlated_with,biolink:Disease,13
biolink:GenomicEntity,biolink:treats_or_applied_or_studied_to_treat,biolink:PhenotypicFeature,13
biolink:Disease,biolink:manifestation_of,biolink:ClinicalAttribute,13
biolink:Disease,biolink:has_phenotype,biolink:BiologicalProcess,13
biolink:SmallMolecule,biolink:preventative_for_condition,biolink:ClinicalAttribute,13
biolink:Procedure,biolink:diagnoses,biolink:Gene,13
biolink:ClinicalAttribute,biolink:causes,biolink:BiologicalProcess,13
biolink:Phenomenon,biolink:treats_or_applied_or_studied_to_treat,biolink:Disease,13
biolink:PhenotypicFeature,biolink:interacts_with,biolink:Gene,13
biolink:BiologicalProcess,biolink:associated_with,biolink:Gene,13
biolink:Publication,biolink:located_in,biolink:OrganismTaxon,13
biolink:Protein,biolink:subclass_of,biolink:PhysicalEntity,13
biolink:Protein,biolink:close_match,biolink:GenomicEntity,13
biolink:Drug,biolink:interacts_with,biolink:Procedure,13
biolink:GenomicEntity,biolink:subclass_of,biolink:InformationContentEntity,13
biolink:LifeStage,biolink:subclass_of,biolink:LifeStage,13
biolink:BiologicalProcess,biolink:regulates,biolink:Cell,13
biolink:NucleicAcidEntity,biolink:treats_or_applied_or_studied_to_treat,biolink:Agent,13
biolink:DiseaseOrPhenotypicFeature,biolink:close_match,biolink:Activity,13
biolink:PhysiologicalProcess,biolink:superclass_of,biolink:PhenotypicFeature,13
biolink:MolecularMixture,biolink:disrupts,biolink:DiseaseOrPhenotypicFeature,13
biolink:Procedure,biolink:coexists_with,biolink:ChemicalEntity,13
biolink:Food,biolink:located_in,biolink:Human,13
biolink:ChemicalEntity,biolink:close_match,biolink:NucleicAcidEntity,13
biolink:ChemicalMixture,biolink:derives_from,biolink:SmallMolecule,13
biolink:Protein,biolink:located_in,biolink:Publication,13
biolink:Publication,biolink:related_to,biolink:Food,13
biolink:PhenotypicFeature,biolink:precedes,biolink:NamedThing,13
biolink:Disease,biolink:has_part,biolink:InformationContentEntity,13
biolink:Pathway,biolink:affects,biolink:Disease,13
biolink:Cell,biolink:regulates,biolink:BiologicalProcess,13
biolink:Procedure,biolink:affects,biolink:Drug,13
biolink:Phenomenon,biolink:preventative_for_condition,biolink:Disease,13
biolink:Procedure,biolink:produces,biolink:AnatomicalEntity,13
biolink:Publication,biolink:associated_with,biolink:PhenotypicFeature,13
biolink:Protein,biolink:negatively_correlated_with,biolink:Protein,13
biolink:InformationContentEntity,biolink:subclass_of,biolink:Event,13
biolink:PhenotypicFeature,biolink:associated_with,biolink:AnatomicalEntity,13
biolink:PhenotypicFeature,biolink:treats_or_applied_or_studied_to_treat,biolink:InformationContentEntity,13
biolink:AnatomicalEntity,biolink:subclass_of,biolink:OrganismTaxon,13
biolink:Procedure,biolink:associated_with,biolink:Disease,13
biolink:Gene,biolink:affects,biolink:NamedThing,13
biolink:Activity,biolink:coexists_with,biolink:MolecularActivity,13
biolink:MolecularEntity,biolink:is_sequence_variant_of,biolink:Disease,13
biolink:Activity,biolink:coexists_with,biolink:PhysiologicalProcess,13
biolink:MolecularMixture,biolink:similar_to,biolink:MolecularMixture,13
biolink:CellularComponent,biolink:subclass_of,biolink:OrganismTaxon,13
biolink:Disease,biolink:precedes,biolink:Behavior,13
biolink:Activity,biolink:has_input,biolink:MolecularActivity,13
biolink:BiologicalProcess,biolink:subclass_of,biolink:ChemicalEntity,13
biolink:MolecularEntity,biolink:gene_product_of,biolink:Disease,13
biolink:Phenomenon,biolink:related_to,biolink:ClinicalAttribute,13
biolink:ClinicalAttribute,biolink:subclass_of,biolink:Behavior,13
biolink:Drug,biolink:precedes,biolink:Activity,13
biolink:Activity,biolink:has_input,biolink:GenomicEntity,13
biolink:ClinicalAttribute,biolink:related_to,biolink:PopulationOfIndividualOrganisms,13
biolink:BiologicalProcess,biolink:affects,biolink:Pathway,13
biolink:Phenomenon,biolink:related_to,biolink:Cohort,13
biolink:AnatomicalEntity,biolink:coexists_with,biolink:MolecularMixture,13
biolink:NamedThing,biolink:predisposes_to_condition,biolink:PhenotypicFeature,13
biolink:Food,biolink:produces,biolink:Protein,13
biolink:PopulationOfIndividualOrganisms,biolink:subclass_of,biolink:Agent,13
biolink:Procedure,biolink:associated_with,biolink:PhenotypicFeature,13
biolink:GenomicEntity,biolink:coexists_with,biolink:ComplexMolecularMixture,13
biolink:ClinicalAttribute,biolink:precedes,biolink:BiologicalProcess,13
biolink:Drug,biolink:regulates,biolink:Pathway,13
biolink:IndividualOrganism,biolink:subclass_of,biolink:Cohort,13
biolink:Cell,biolink:diagnoses,biolink:Disease,13
biolink:PhenotypicFeature,biolink:superclass_of,biolink:PhysiologicalProcess,13
biolink:Procedure,biolink:precedes,biolink:PhysiologicalProcess,13
biolink:Protein,biolink:acts_upstream_of,biolink:Pathway,13
biolink:NamedThing,biolink:related_to,biolink:Treatment,13
biolink:MolecularActivity,biolink:subclass_of,biolink:NamedThing,13
biolink:CellularComponent,biolink:produces,biolink:PhenotypicFeature,13
biolink:PopulationOfIndividualOrganisms,biolink:has_input,biolink:ChemicalEntity,13
biolink:Food,biolink:disrupts,biolink:AnatomicalEntity,13
biolink:Procedure,biolink:close_match,biolink:NamedThing,13
biolink:OrganismTaxon,biolink:related_to,biolink:Publication,13
biolink:GenomicEntity,biolink:related_to,biolink:PhenotypicFeature,13
biolink:MolecularMixture,biolink:treats,biolink:Procedure,13
biolink:InformationContentEntity,biolink:affects,biolink:GenomicEntity,13
biolink:Procedure,biolink:occurs_in,biolink:SmallMolecule,13
biolink:GrossAnatomicalStructure,biolink:produces,biolink:GrossAnatomicalStructure,13
biolink:Publication,biolink:affects,biolink:Drug,13
biolink:Protein,biolink:biomarker_for,biolink:InformationContentEntity,13
biolink:Cohort,biolink:coexists_with,biolink:Disease,13
biolink:Cohort,biolink:close_match,biolink:PopulationOfIndividualOrganisms,13
biolink:Disease,biolink:exacerbates_condition,biolink:BiologicalEntity,13
biolink:SmallMolecule,biolink:occurs_in,biolink:Cohort,13
biolink:Food,biolink:has_part,biolink:OrganismTaxon,13
biolink:PhenotypicFeature,biolink:treats_or_applied_or_studied_to_treat,biolink:Cell,13
biolink:DiseaseOrPhenotypicFeature,biolink:close_match,biolink:DiseaseOrPhenotypicFeature,12
biolink:CellularComponent,biolink:subclass_of,biolink:MolecularActivity,12
biolink:InformationContentEntity,biolink:has_part,biolink:PhenotypicFeature,12
biolink:NucleicAcidEntity,biolink:related_to,biolink:InformationContentEntity,12
biolink:Procedure,biolink:located_in,biolink:SmallMolecule,12
biolink:Disease,biolink:treats_or_applied_or_studied_to_treat,biolink:PhenotypicFeature,12
biolink:PhenotypicFeature,biolink:located_in,biolink:Device,12
biolink:Cohort,biolink:treats_or_applied_or_studied_to_treat,biolink:PhenotypicFeature,12
biolink:NucleicAcidEntity,biolink:subclass_of,biolink:Protein,12
biolink:Behavior,biolink:exacerbates_condition,biolink:Disease,12
biolink:SmallMolecule,biolink:precedes,biolink:Activity,12
biolink:MolecularMixture,biolink:causes,biolink:Activity,12
biolink:GenomicEntity,biolink:interacts_with,biolink:ComplexMolecularMixture,12
biolink:DiseaseOrPhenotypicFeature,biolink:predisposes_to_condition,biolink:DiseaseOrPhenotypicFeature,12
biolink:Publication,biolink:affects,biolink:Agent,12
biolink:BiologicalEntity,biolink:has_part,biolink:PhysicalEntity,12
biolink:Cell,biolink:contributes_to,biolink:AnatomicalEntity,12
biolink:InformationContentEntity,biolink:disrupts,biolink:Cell,12
biolink:InformationContentEntity,biolink:has_part,biolink:NucleicAcidEntity,12
biolink:Cohort,biolink:predisposes_to_condition,biolink:Disease,12
biolink:SmallMolecule,biolink:disrupts,biolink:ChemicalEntity,12
biolink:Agent,biolink:interacts_with,biolink:PopulationOfIndividualOrganisms,12
biolink:GenomicEntity,biolink:derives_from,biolink:Drug,12
biolink:MolecularMixture,biolink:interacts_with,biolink:PhenotypicFeature,12
biolink:DiseaseOrPhenotypicFeature,biolink:related_to,biolink:Disease,12
biolink:BiologicalProcess,biolink:has_output,biolink:ChemicalMixture,12
biolink:SmallMolecule,biolink:occurs_in,biolink:PopulationOfIndividualOrganisms,12
biolink:Disease,biolink:predisposes_to_condition,biolink:Phenomenon,12
biolink:AnatomicalEntity,biolink:subclass_of,biolink:Activity,12
biolink:SmallMolecule,biolink:coexists_with,biolink:Procedure,12
biolink:Procedure,biolink:treats_or_applied_or_studied_to_treat,biolink:PathologicalProcess,12
biolink:AnatomicalEntity,biolink:treats_or_applied_or_studied_to_treat,biolink:Cell,12
biolink:InformationContentEntity,biolink:has_member,biolink:Cell,12
biolink:SmallMolecule,biolink:treats_or_applied_or_studied_to_treat,biolink:ChemicalEntity,12
biolink:MolecularActivity,biolink:occurs_in,biolink:NucleicAcidEntity,12
biolink:Activity,biolink:causes,biolink:Behavior,12
biolink:PhysicalEntity,biolink:overlaps,biolink:PhysicalEntity,12
biolink:GenomicEntity,biolink:derives_from,biolink:Gene,12
biolink:MolecularActivity,biolink:has_output,biolink:ChemicalMixture,12
biolink:Drug,biolink:physically_interacts_with,biolink:Disease,12
biolink:Activity,biolink:precedes,biolink:PhenotypicFeature,12
biolink:Protein,biolink:associated_with,biolink:NucleicAcidEntity,12
biolink:Cell,biolink:predisposes_to_condition,biolink:Disease,12
biolink:Activity,biolink:has_input,biolink:NucleicAcidEntity,12
biolink:MolecularMixture,biolink:related_to,biolink:OrganismTaxon,12
biolink:PhysiologicalProcess,biolink:has_part,biolink:BiologicalProcess,12
biolink:Device,biolink:derives_from,biolink:MolecularMixture,12
biolink:Protein,biolink:expressed_in,biolink:InformationContentEntity,12
biolink:Disease,biolink:has_participant,biolink:Cell,12
biolink:MolecularActivity,biolink:subclass_of,biolink:PhenotypicFeature,12
biolink:Disease,biolink:exacerbates_condition,biolink:AnatomicalEntity,12
biolink:Protein,biolink:positively_correlated_with,biolink:PhenotypicFeature,12
biolink:ClinicalAttribute,biolink:occurs_in,biolink:AnatomicalEntity,12
biolink:Phenomenon,biolink:associated_with,biolink:Protein,12
biolink:SmallMolecule,biolink:affected_by,biolink:Gene,12
biolink:Cell,biolink:treats_or_applied_or_studied_to_treat,biolink:Cohort,12
biolink:Disease,biolink:disrupts,biolink:ClinicalAttribute,12
biolink:NucleicAcidEntity,biolink:causes,biolink:Activity,12
biolink:PhysicalEntity,biolink:has_input,biolink:ChemicalMixture,12
biolink:ChemicalEntity,biolink:associated_with,biolink:PathologicalProcess,12
biolink:Procedure,biolink:close_match,biolink:PhysicalEntity,12
biolink:ChemicalEntity,biolink:treats,biolink:PhenotypicFeature,12
biolink:ChemicalEntity,biolink:treats,biolink:Procedure,12
biolink:Behavior,biolink:treats_or_applied_or_studied_to_treat,biolink:InformationContentEntity,12
biolink:PhenotypicFeature,biolink:manifestation_of,biolink:GrossAnatomicalStructure,12
biolink:Device,biolink:related_to,biolink:Food,12
biolink:PhenotypicFeature,biolink:contributes_to,biolink:PhenotypicFeature,12
biolink:Protein,biolink:decreases_response_to,biolink:ComplexMolecularMixture,12
biolink:ChemicalEntity,biolink:chemically_similar_to,biolink:MolecularMixture,12
biolink:GrossAnatomicalStructure,biolink:produces,biolink:PhenotypicFeature,12
biolink:Phenomenon,biolink:related_to,biolink:MolecularMixture,12
biolink:Gene,biolink:coexists_with,biolink:BiologicalProcess,12
biolink:MolecularActivity,biolink:located_in,biolink:ComplexMolecularMixture,12
biolink:Food,biolink:treats_or_applied_or_studied_to_treat,biolink:Cell,12
biolink:ClinicalAttribute,biolink:subclass_of,biolink:OrganismTaxon,12
biolink:Drug,biolink:gene_product_of,biolink:Gene,12
biolink:PhysicalEntity,biolink:close_match,biolink:GeographicLocation,12
biolink:Behavior,biolink:related_to,biolink:Food,12
biolink:Gene,biolink:affected_by,biolink:SmallMolecule,12
biolink:Drug,biolink:gene_product_of,biolink:Protein,12
biolink:AnatomicalEntity,biolink:causes,biolink:NamedThing,12
biolink:CellularComponent,biolink:predisposes_to_condition,biolink:PhenotypicFeature,12
biolink:IndividualOrganism,biolink:causes,biolink:MolecularActivity,12
biolink:ComplexMolecularMixture,biolink:disrupts,biolink:Cell,12
biolink:Food,biolink:related_to,biolink:Behavior,12
biolink:Activity,biolink:diagnoses,biolink:ClinicalAttribute,12
biolink:Disease,biolink:related_to,biolink:NucleicAcidEntity,12
biolink:Publication,biolink:diagnoses,biolink:ClinicalAttribute,12
biolink:Disease,biolink:associated_with,biolink:Cell,12
biolink:IndividualOrganism,biolink:occurs_in,biolink:Cell,12
biolink:MolecularMixture,biolink:disrupts,biolink:Procedure,12
biolink:IndividualOrganism,biolink:occurs_in,biolink:OrganismTaxon,12
biolink:SmallMolecule,biolink:in_taxon,biolink:OrganismTaxon,12
biolink:Disease,biolink:has_part,biolink:Polypeptide,12
biolink:PhysiologicalProcess,biolink:subclass_of,biolink:PhenotypicFeature,12
biolink:GrossAnatomicalStructure,biolink:occurs_in,biolink:Cohort,12
biolink:ChemicalEntity,biolink:preventative_for_condition,biolink:ClinicalAttribute,12
biolink:Drug,biolink:close_match,biolink:Polypeptide,12
biolink:MaterialSample,biolink:subclass_of,biolink:MaterialSample,12
biolink:Behavior,biolink:has_participant,biolink:GenomicEntity,12
biolink:MolecularActivity,biolink:related_to,biolink:Gene,12
biolink:OrganismTaxon,biolink:close_match,biolink:NucleicAcidEntity,12
biolink:Polypeptide,biolink:produces,biolink:ChemicalEntity,12
biolink:NamedThing,biolink:has_input,biolink:Procedure,12
biolink:BiologicalEntity,biolink:affects,biolink:AnatomicalEntity,12
biolink:Activity,biolink:close_match,biolink:BiologicalProcess,12
biolink:InformationContentEntity,biolink:coexists_with,biolink:ClinicalAttribute,12
biolink:Protein,biolink:causes,biolink:NucleicAcidEntity,12
biolink:Procedure,biolink:has_input,biolink:CellularComponent,12
biolink:Pathway,biolink:negatively_correlated_with,biolink:BiologicalProcess,12
biolink:Polypeptide,biolink:located_in,biolink:InformationContentEntity,12
biolink:AnatomicalEntity,biolink:occurs_in,biolink:BiologicalProcess,12
biolink:ComplexMolecularMixture,biolink:related_to,biolink:InformationContentEntity,12
biolink:AnatomicalEntity,biolink:occurs_in,biolink:InformationContentEntity,12
biolink:MolecularActivity,biolink:affects,biolink:GrossAnatomicalStructure,12
biolink:InformationContentEntity,biolink:derives_from,biolink:Cell,12
biolink:SmallMolecule,biolink:has_input,biolink:MolecularMixture,12
biolink:NamedThing,biolink:has_participant,biolink:Cell,12
biolink:PhenotypicFeature,biolink:close_match,biolink:Publication,12
biolink:NucleicAcidEntity,biolink:derives_from,biolink:MolecularMixture,12
biolink:Activity,biolink:close_match,biolink:Cohort,12
biolink:Disease,biolink:has_participant,biolink:Disease,12
biolink:MolecularMixture,biolink:affects,biolink:NamedThing,12
biolink:SmallMolecule,biolink:similar_to,biolink:MolecularMixture,12
biolink:PhenotypicFeature,biolink:has_part,biolink:Polypeptide,12
biolink:PhysiologicalProcess,biolink:located_in,biolink:Cohort,12
biolink:ChemicalEntity,biolink:applied_to_treat,biolink:PhenotypicFeature,12
biolink:PhysicalEntity,biolink:related_to,biolink:NamedThing,12
biolink:Protein,biolink:regulates,biolink:SmallMolecule,12
biolink:InformationContentEntity,biolink:occurs_in,biolink:Cell,11
biolink:OrganismTaxon,biolink:coexists_with,biolink:SmallMolecule,11
biolink:InformationContentEntity,biolink:related_to,biolink:ComplexMolecularMixture,11
biolink:PhysiologicalProcess,biolink:associated_with,biolink:Activity,11
biolink:NucleicAcidEntity,biolink:subclass_of,biolink:InformationContentEntity,11
biolink:InformationContentEntity,biolink:treats_or_applied_or_studied_to_treat,biolink:ClinicalAttribute,11
biolink:Drug,biolink:causes,biolink:GrossAnatomicalStructure,11
biolink:Publication,biolink:related_to,biolink:GeographicLocation,11
biolink:Drug,biolink:exacerbates_condition,biolink:Activity,11
biolink:Publication,biolink:related_to,biolink:MolecularActivity,11
biolink:MolecularActivity,biolink:affects,biolink:Human,11
biolink:InformationContentEntity,biolink:predisposes_to_condition,biolink:InformationContentEntity,11
biolink:MolecularMixture,biolink:preventative_for_condition,biolink:OrganismTaxon,11
biolink:Disease,biolink:subclass_of,biolink:CellularComponent,11
biolink:ComplexMolecularMixture,biolink:related_to,biolink:OrganismTaxon,11
biolink:InformationContentEntity,biolink:treats_or_applied_or_studied_to_treat,biolink:GrossAnatomicalStructure,11
biolink:ChemicalEntity,biolink:derives_from,biolink:OrganismTaxon,11
biolink:Publication,biolink:diagnoses,biolink:InformationContentEntity,11
biolink:Drug,biolink:associated_with,biolink:PathologicalProcess,11
biolink:Publication,biolink:related_to,biolink:PopulationOfIndividualOrganisms,11
biolink:PhysicalEntity,biolink:related_to,biolink:NucleicAcidEntity,11
biolink:ComplexMolecularMixture,biolink:disrupts,biolink:AnatomicalEntity,11
biolink:InformationContentEntity,biolink:subclass_of,biolink:Polypeptide,11
biolink:ComplexMolecularMixture,biolink:exacerbates_condition,biolink:Disease,11
biolink:MolecularActivity,biolink:located_in,biolink:Disease,11
biolink:InformationContentEntity,biolink:produces,biolink:ComplexMolecularMixture,11
biolink:Activity,biolink:preventative_for_condition,biolink:AnatomicalEntity,11
biolink:Cell,biolink:physically_interacts_with,biolink:OrganismTaxon,11
biolink:BiologicalProcess,biolink:associated_with,biolink:Activity,11
biolink:Cell,biolink:physically_interacts_with,biolink:ChemicalEntity,11
biolink:ComplexMolecularMixture,biolink:directly_physically_interacts_with,biolink:ChemicalEntity,11
biolink:Drug,biolink:located_in,biolink:Publication,11
biolink:ChemicalEntity,biolink:directly_physically_interacts_with,biolink:ComplexMolecularMixture,11
biolink:BiologicalProcess,biolink:associated_with,biolink:GrossAnatomicalStructure,11
biolink:Disease,biolink:predisposes_to_condition,biolink:PopulationOfIndividualOrganisms,11
biolink:MolecularActivity,biolink:coexists_with,biolink:ClinicalAttribute,11
biolink:Drug,biolink:physically_interacts_with,biolink:Polypeptide,11
biolink:SmallMolecule,biolink:associated_with,biolink:PathologicalProcess,11
biolink:BiologicalEntity,biolink:produces,biolink:AnatomicalEntity,11
biolink:PhysiologicalProcess,biolink:occurs_in,biolink:Polypeptide,11
biolink:Polypeptide,biolink:affects,biolink:Device,11
biolink:PhysiologicalProcess,biolink:associated_with,biolink:InformationContentEntity,11
biolink:Publication,biolink:subclass_of,biolink:Drug,11
biolink:Drug,biolink:derives_from,biolink:Device,11
biolink:ChemicalEntity,biolink:has_input,biolink:Food,11
biolink:InformationContentEntity,biolink:temporally_related_to,biolink:InformationContentEntity,11
biolink:Publication,biolink:affects,biolink:PhysiologicalProcess,11
biolink:Polypeptide,biolink:causes,biolink:DiseaseOrPhenotypicFeature,11
biolink:NucleicAcidEntity,biolink:located_in,biolink:Device,11
biolink:Food,biolink:produces,biolink:ChemicalEntity,11
biolink:BiologicalProcess,biolink:positively_correlated_with,biolink:Drug,11
biolink:AnatomicalEntity,biolink:manifestation_of,biolink:BiologicalProcess,11
biolink:Protein,biolink:located_in,biolink:Polypeptide,11
biolink:CellularComponent,biolink:close_match,biolink:InformationContentEntity,11
biolink:PhenotypicFeature,biolink:subclass_of,biolink:Food,11
biolink:Food,biolink:interacts_with,biolink:Device,11
biolink:MolecularActivity,biolink:subclass_of,biolink:Procedure,11
biolink:Behavior,biolink:has_part,biolink:GrossAnatomicalStructure,11
biolink:AnatomicalEntity,biolink:occurs_in,biolink:PhenotypicFeature,11
biolink:NamedThing,biolink:superclass_of,biolink:CellularComponent,11
biolink:Gene,biolink:produces,biolink:PhenotypicFeature,11
biolink:Cell,biolink:develops_from,biolink:CellularComponent,11
biolink:Phenomenon,biolink:occurs_in,biolink:CellularComponent,11
biolink:BiologicalProcess,biolink:regulates,biolink:Protein,11
biolink:InformationContentEntity,biolink:affects,biolink:Gene,11
biolink:ChemicalEntity,biolink:affects,biolink:PopulationOfIndividualOrganisms,11
biolink:Cohort,biolink:diagnoses,biolink:BiologicalProcess,11
biolink:Protein,biolink:biomarker_for,biolink:Cell,11
biolink:PhysicalEntity,biolink:disrupts,biolink:BiologicalProcess,11
biolink:PhysicalEntity,biolink:disrupts,biolink:Disease,11
biolink:Behavior,biolink:has_input,biolink:PhenotypicFeature,11
biolink:GeographicLocation,biolink:subclass_of,biolink:Phenomenon,11
biolink:Activity,biolink:disrupts,biolink:Disease,11
biolink:Behavior,biolink:has_input,biolink:Food,11
biolink:GeographicLocation,biolink:related_to,biolink:Publication,11
biolink:Polypeptide,biolink:related_to,biolink:InformationContentEntity,11
biolink:Gene,biolink:occurs_in,biolink:PopulationOfIndividualOrganisms,11
biolink:Food,biolink:related_to,biolink:Gene,11
biolink:Disease,biolink:contributes_to,biolink:Drug,11
biolink:AnatomicalEntity,biolink:coexists_with,biolink:Activity,11
biolink:Gene,biolink:coexists_with,biolink:OrganismTaxon,11
biolink:AnatomicalEntity,biolink:derives_from,biolink:Drug,11
biolink:BiologicalProcess,biolink:has_input,biolink:PhysicalEntity,11
biolink:Gene,biolink:derives_from,biolink:GenomicEntity,11
biolink:ChemicalEntity,biolink:associated_with,biolink:PhysiologicalProcess,11
biolink:NucleicAcidEntity,biolink:causes,biolink:DiseaseOrPhenotypicFeature,11
biolink:Procedure,biolink:close_match,biolink:MolecularMixture,11
biolink:PhenotypicFeature,biolink:diagnoses,biolink:AnatomicalEntity,11
biolink:Procedure,biolink:coexists_with,biolink:Gene,11
biolink:Phenomenon,biolink:subclass_of,biolink:Event,11
biolink:Gene,biolink:affects,biolink:ComplexMolecularMixture,11
biolink:ChemicalEntity,biolink:related_to,biolink:GeographicLocation,11
biolink:BiologicalProcess,biolink:occurs_in,biolink:IndividualOrganism,11
biolink:SmallMolecule,biolink:subclass_of,biolink:Activity,11
biolink:Food,biolink:treats_or_applied_or_studied_to_treat,biolink:Human,11
biolink:AnatomicalEntity,biolink:close_match,biolink:PhysicalEntity,11
biolink:CellularComponent,biolink:capable_of,biolink:Phenomenon,11
biolink:NamedThing,biolink:close_match,biolink:MolecularEntity,11
biolink:Protein,biolink:coexists_with,biolink:PopulationOfIndividualOrganisms,11
biolink:BiologicalProcess,biolink:coexists_with,biolink:ChemicalEntity,11
biolink:AnatomicalEntity,biolink:close_match,biolink:Food,11
biolink:Procedure,biolink:diagnoses,biolink:Event,11
biolink:Food,biolink:related_to,biolink:Publication,11
biolink:NamedThing,biolink:has_input,biolink:ChemicalEntity,11
biolink:Food,biolink:related_to,biolink:MolecularMixture,11
biolink:Behavior,biolink:related_to,biolink:GrossAnatomicalStructure,11
biolink:Gene,biolink:subclass_of,biolink:Disease,11
biolink:GrossAnatomicalStructure,biolink:related_to,biolink:Behavior,11
biolink:NamedThing,biolink:subclass_of,biolink:PhenotypicFeature,11
biolink:Procedure,biolink:manifestation_of,biolink:BiologicalProcess,11
biolink:Activity,biolink:associated_with,biolink:PhysiologicalProcess,11
biolink:Procedure,biolink:treats_or_applied_or_studied_to_treat,biolink:ChemicalEntity,11
biolink:GenomicEntity,biolink:coexists_with,biolink:InformationContentEntity,11
biolink:Cohort,biolink:located_in,biolink:GrossAnatomicalStructure,11
biolink:Polypeptide,biolink:has_input,biolink:Protein,11
biolink:MolecularMixture,biolink:coexists_with,biolink:PhenotypicFeature,11
biolink:SmallMolecule,biolink:treats,biolink:ChemicalEntity,11
biolink:Activity,biolink:affects,biolink:ChemicalEntity,11
biolink:Drug,biolink:related_to,biolink:CellularComponent,11
biolink:MolecularMixture,biolink:has_part,biolink:NucleicAcidEntity,11
biolink:Cohort,biolink:subclass_of,biolink:Human,11
biolink:Activity,biolink:associated_with,biolink:BiologicalProcess,11
biolink:InformationContentEntity,biolink:has_input,biolink:ComplexMolecularMixture,11
biolink:Disease,biolink:affects,biolink:Publication,11
biolink:GenomicEntity,biolink:actively_involved_in,biolink:Disease,11
biolink:Protein,biolink:subclass_of,biolink:PhysiologicalProcess,11
biolink:CellularComponent,biolink:superclass_of,biolink:NamedThing,11
biolink:OrganismTaxon,biolink:subclass_of,biolink:Cell,11
biolink:NucleicAcidEntity,biolink:produces,biolink:AnatomicalEntity,11
biolink:MolecularMixture,biolink:has_part,biolink:ComplexMolecularMixture,11
biolink:AnatomicalEntity,biolink:produces,biolink:PhenotypicFeature,11
biolink:Gene,biolink:treats_or_applied_or_studied_to_treat,biolink:BiologicalEntity,11
biolink:ChemicalMixture,biolink:treats_or_applied_or_studied_to_treat,biolink:Cohort,11
biolink:Polypeptide,biolink:related_to,biolink:BiologicalEntity,11
biolink:MolecularMixture,biolink:subclass_of,biolink:AnatomicalEntity,11
biolink:NucleicAcidEntity,biolink:located_in,biolink:InformationContentEntity,11
biolink:OrganismTaxon,biolink:subclass_of,biolink:Human,11
biolink:GenomicEntity,biolink:has_input,biolink:Drug,11
biolink:InformationContentEntity,biolink:coexists_with,biolink:Gene,11
biolink:MolecularMixture,biolink:contraindicated_in,biolink:BiologicalProcess,11
biolink:PhysicalEntity,biolink:has_part,biolink:AnatomicalEntity,11
biolink:PhysicalEntity,biolink:located_in,biolink:Cell,11
biolink:GenomicEntity,biolink:exacerbates_condition,biolink:PhenotypicFeature,11
biolink:Procedure,biolink:coexists_with,biolink:MolecularActivity,10
biolink:MolecularEntity,biolink:subclass_of,biolink:Publication,10
biolink:Disease,biolink:correlated_with,biolink:PhenotypicFeature,10
biolink:Cell,biolink:physically_interacts_with,biolink:SmallMolecule,10
biolink:Gene,biolink:gene_associated_with_condition,biolink:BiologicalEntity,10
biolink:ChemicalEntity,biolink:disrupts,biolink:NamedThing,10
biolink:BiologicalProcess,biolink:produces,biolink:Disease,10
biolink:NucleicAcidEntity,biolink:causes,biolink:Phenomenon,10
biolink:NucleicAcidEntity,biolink:affects,biolink:Procedure,10
biolink:Disease,biolink:disrupts,biolink:OrganismTaxon,10
biolink:Procedure,biolink:diagnoses,biolink:Cell,10
biolink:PhenotypicFeature,biolink:associated_with,biolink:GrossAnatomicalStructure,10
biolink:NucleicAcidEntity,biolink:affects,biolink:ClinicalAttribute,10
biolink:BiologicalEntity,biolink:related_to,biolink:PhysicalEntity,10
biolink:Gene,biolink:derives_from,biolink:MolecularMixture,10
biolink:Gene,biolink:interacts_with,biolink:Food,10
biolink:Protein,biolink:derives_from,biolink:PhenotypicFeature,10
biolink:Disease,biolink:disease_has_location,biolink:CellularComponent,10
biolink:Procedure,biolink:related_to,biolink:Human,10
biolink:Procedure,biolink:produces,biolink:Procedure,10
biolink:Activity,biolink:affects,biolink:BiologicalEntity,10
biolink:Gene,biolink:enables,biolink:MolecularActivity,10
biolink:Device,biolink:related_to,biolink:Behavior,10
biolink:ClinicalAttribute,biolink:located_in,biolink:CellularComponent,10
biolink:PhysiologicalProcess,biolink:located_in,biolink:PopulationOfIndividualOrganisms,10
biolink:Procedure,biolink:coexists_with,biolink:PhysiologicalProcess,10
biolink:Pathway,biolink:related_to,biolink:Cell,10
biolink:AnatomicalEntity,biolink:has_input,biolink:Protein,10
biolink:Cell,biolink:produces,biolink:Disease,10
biolink:NamedThing,biolink:related_to,biolink:ChemicalMixture,10
biolink:Activity,biolink:close_match,biolink:Drug,10
biolink:Behavior,biolink:close_match,biolink:Phenomenon,10
biolink:SmallMolecule,biolink:applied_to_treat,biolink:ChemicalEntity,10
biolink:BiologicalProcess,biolink:has_output,biolink:RNAProduct,10
biolink:Protein,biolink:affects,biolink:PhysicalEntity,10
biolink:GrossAnatomicalStructure,biolink:capable_of,biolink:Activity,10
biolink:AnatomicalEntity,biolink:contributes_to,biolink:OrganismTaxon,10
biolink:GrossAnatomicalStructure,biolink:associated_with,biolink:ClinicalAttribute,10
biolink:GrossAnatomicalStructure,biolink:associated_with,biolink:Activity,10
biolink:GrossAnatomicalStructure,biolink:affects,biolink:Protein,10
biolink:Protein,biolink:associated_with,biolink:Phenomenon,10
biolink:Activity,biolink:preventative_for_condition,biolink:PopulationOfIndividualOrganisms,10
biolink:PhysiologicalProcess,biolink:affects,biolink:Agent,10
biolink:SmallMolecule,biolink:coexists_with,biolink:Publication,10
biolink:GrossAnatomicalStructure,biolink:affects,biolink:Activity,10
biolink:Activity,biolink:causes,biolink:BiologicalProcess,10
biolink:AnatomicalEntity,biolink:precedes,biolink:Disease,10
biolink:Gene,biolink:subclass_of,biolink:PhysiologicalProcess,10
biolink:NamedThing,biolink:located_in,biolink:Cell,10
biolink:Drug,biolink:affects,biolink:Pathway,10
biolink:BiologicalEntity,biolink:subclass_of,biolink:NamedThing,10
biolink:Protein,biolink:associated_with,biolink:Event,10
biolink:NamedThing,biolink:manifestation_of,biolink:BiologicalProcess,10
biolink:MolecularMixture,biolink:derives_from,biolink:NucleicAcidEntity,10
biolink:ChemicalMixture,biolink:close_match,biolink:Food,10
biolink:MolecularActivity,biolink:affects,biolink:Behavior,10
biolink:Device,biolink:affects,biolink:Procedure,10
biolink:BiologicalEntity,biolink:subclass_of,biolink:Publication,10
biolink:OrganismTaxon,biolink:related_to,biolink:MolecularMixture,10
biolink:Procedure,biolink:located_in,biolink:Device,10
biolink:GrossAnatomicalStructure,biolink:composed_primarily_of,biolink:ChemicalEntity,10
biolink:SmallMolecule,biolink:contributes_to,biolink:AnatomicalEntity,10
biolink:MolecularMixture,biolink:preventative_for_condition,biolink:BiologicalEntity,10
biolink:PhenotypicFeature,biolink:coexists_with,biolink:MolecularMixture,10
biolink:Activity,biolink:close_match,biolink:Agent,10
biolink:PhenotypicFeature,biolink:manifestation_of,biolink:Procedure,10
biolink:GeneFamily,biolink:positively_correlated_with,biolink:Protein,10
biolink:Protein,biolink:causes,biolink:Cell,10
biolink:NamedThing,biolink:subclass_of,biolink:AnatomicalEntity,10
biolink:ChemicalMixture,biolink:affects,biolink:MolecularActivity,10
biolink:Procedure,biolink:has_input,biolink:ClinicalAttribute,10
biolink:GrossAnatomicalStructure,biolink:close_match,biolink:Cell,10
biolink:ComplexMolecularMixture,biolink:related_to,biolink:MolecularActivity,10
biolink:Gene,biolink:produces,biolink:Device,10
biolink:OrganismTaxon,biolink:related_to,biolink:Polypeptide,10
biolink:ClinicalAttribute,biolink:predisposes_to_condition,biolink:ClinicalAttribute,10
biolink:NucleicAcidEntity,biolink:treats_or_applied_or_studied_to_treat,biolink:Human,10
biolink:SmallMolecule,biolink:regulates,biolink:MolecularActivity,10
biolink:CellularComponent,biolink:located_in,biolink:Disease,10
biolink:ChemicalEntity,biolink:subclass_of,biolink:GenomicEntity,10
biolink:ChemicalEntity,biolink:predisposes_to_condition,biolink:BiologicalProcess,10
biolink:ComplexMolecularMixture,biolink:derives_from,biolink:Drug,10
biolink:ChemicalEntity,biolink:produces,biolink:Device,10
biolink:ChemicalEntity,biolink:coexists_with,biolink:BiologicalProcess,10
biolink:BiologicalProcess,biolink:subclass_of,biolink:Pathway,10
biolink:NamedThing,biolink:associated_with,biolink:Drug,10
biolink:Cohort,biolink:related_to,biolink:ChemicalEntity,10
biolink:Food,biolink:disrupts,biolink:Cell,10
biolink:Protein,biolink:precedes,biolink:PhenotypicFeature,10
biolink:ChemicalEntity,biolink:causes,biolink:Gene,10
biolink:ComplexMolecularMixture,biolink:derives_from,biolink:SmallMolecule,10
biolink:IndividualOrganism,biolink:subclass_of,biolink:Behavior,10
biolink:Protein,biolink:physically_interacts_with,biolink:Disease,10
biolink:SmallMolecule,biolink:produces,biolink:GenomicEntity,10
biolink:NucleicAcidEntity,biolink:subclass_of,biolink:MolecularEntity,10
biolink:Pathway,biolink:affects,biolink:SmallMolecule,10
biolink:Drug,biolink:same_as,biolink:Polypeptide,10
biolink:Protein,biolink:occurs_in,biolink:GrossAnatomicalStructure,10
biolink:IndividualOrganism,biolink:related_to,biolink:ChemicalEntity,10
biolink:Device,biolink:has_part,biolink:GrossAnatomicalStructure,10
biolink:Event,biolink:close_match,biolink:Event,10
biolink:Cohort,biolink:diagnoses,biolink:ClinicalAttribute,10
biolink:NamedThing,biolink:affects,biolink:PopulationOfIndividualOrganisms,10
biolink:MolecularActivity,biolink:subclass_of,biolink:ChemicalEntity,10
biolink:Cohort,biolink:has_part,biolink:PhysicalEntity,10
biolink:BiologicalEntity,biolink:affects,biolink:Human,10
biolink:Device,biolink:located_in,biolink:Agent,10
biolink:MolecularMixture,biolink:treats_or_applied_or_studied_to_treat,biolink:NamedThing,10
biolink:InformationContentEntity,biolink:close_match,biolink:PhenotypicFeature,10
biolink:Cell,biolink:related_to,biolink:DiseaseOrPhenotypicFeature,10
biolink:AnatomicalEntity,biolink:affects,biolink:ClinicalAttribute,10
biolink:MolecularMixture,biolink:treats_or_applied_or_studied_to_treat,biolink:Procedure,10
biolink:BiologicalProcess,biolink:temporally_related_to,biolink:Pathway,10
biolink:Polypeptide,biolink:interacts_with,biolink:ChemicalMixture,10
biolink:Drug,biolink:treats_or_applied_or_studied_to_treat,biolink:NucleicAcidEntity,10
biolink:ComplexMolecularMixture,biolink:causes,biolink:MolecularActivity,10
biolink:ChemicalEntity,biolink:preventative_for_condition,biolink:Procedure,10
biolink:InformationContentEntity,biolink:disrupts,biolink:MolecularActivity,10
biolink:Protein,biolink:subclass_of,biolink:NamedThing,10
biolink:Activity,biolink:disrupts,biolink:BiologicalProcess,10
biolink:Food,biolink:affects,biolink:Gene,10
biolink:InformationContentEntity,biolink:has_input,biolink:BiologicalProcess,10
biolink:Protein,biolink:produces,biolink:PhysicalEntity,10
biolink:MolecularMixture,biolink:has_metabolite,biolink:ChemicalEntity,10
biolink:Activity,biolink:has_participant,biolink:Drug,10
biolink:ChemicalEntity,biolink:preventative_for_condition,biolink:NamedThing,10
biolink:Polypeptide,biolink:treats_or_applied_or_studied_to_treat,biolink:Agent,10
biolink:InformationContentEntity,biolink:related_to,biolink:BiologicalEntity,10
biolink:Food,biolink:located_in,biolink:PhenotypicFeature,10
biolink:IndividualOrganism,biolink:has_input,biolink:Device,10
biolink:ChemicalEntity,biolink:related_to,biolink:IndividualOrganism,10
biolink:CellularComponent,biolink:has_part,biolink:Device,10
biolink:Activity,biolink:coexists_with,biolink:Phenomenon,10
biolink:PopulationOfIndividualOrganisms,biolink:subclass_of,biolink:IndividualOrganism,10
biolink:Drug,biolink:disrupts,biolink:Protein,10
biolink:ChemicalEntity,biolink:close_match,biolink:PhenotypicFeature,10
biolink:Gene,biolink:affects_response_to,biolink:MolecularMixture,10
biolink:Gene,biolink:associated_with,biolink:ClinicalAttribute,10
biolink:MolecularMixture,biolink:subclass_of,biolink:OrganismTaxon,10
biolink:ClinicalAttribute,biolink:produces,biolink:Protein,10
biolink:Gene,biolink:biomarker_for,biolink:Publication,10
biolink:ComplexMolecularMixture,biolink:affects,biolink:DiseaseOrPhenotypicFeature,10
biolink:Drug,biolink:preventative_for_condition,biolink:Behavior,10
biolink:MolecularMixture,biolink:subclass_of,biolink:BiologicalProcess,10
biolink:Drug,biolink:disrupts,biolink:MolecularMixture,10
biolink:Drug,biolink:predisposes_to_condition,biolink:NamedThing,10
biolink:GrossAnatomicalStructure,biolink:related_to,biolink:Publication,10
biolink:Disease,biolink:positively_correlated_with,biolink:PhenotypicFeature,10
biolink:Protein,biolink:genetically_associated_with,biolink:Gene,10
biolink:InformationContentEntity,biolink:located_in,biolink:Activity,10
biolink:MolecularEntity,biolink:same_as,biolink:ChemicalEntity,10
biolink:Gene,biolink:close_match,biolink:Procedure,10
biolink:Device,biolink:coexists_with,biolink:ComplexMolecularMixture,10
biolink:NucleicAcidEntity,biolink:related_to,biolink:PhenotypicFeature,10
biolink:Device,biolink:coexists_with,biolink:NucleicAcidEntity,10
biolink:PhysicalEntity,biolink:subclass_of,biolink:Drug,10
biolink:BiologicalEntity,biolink:has_part,biolink:AnatomicalEntity,10
biolink:Food,biolink:subclass_of,biolink:Procedure,10
biolink:Food,biolink:related_to,biolink:Device,10
biolink:NucleicAcidEntity,biolink:subclass_of,biolink:BiologicalProcess,10
biolink:IndividualOrganism,biolink:close_match,biolink:InformationContentEntity,10
biolink:ChemicalEntity,biolink:causes,biolink:Cell,10
biolink:Publication,biolink:related_to,biolink:GrossAnatomicalStructure,10
biolink:PhenotypicFeature,biolink:has_input,biolink:Behavior,10
biolink:SmallMolecule,biolink:physically_interacts_with,biolink:Drug,10
biolink:OrganismTaxon,biolink:affects,biolink:CellularComponent,10
biolink:IndividualOrganism,biolink:affects,biolink:BiologicalProcess,10
biolink:Human,biolink:related_to,biolink:Procedure,10
biolink:InformationContentEntity,biolink:located_in,biolink:PopulationOfIndividualOrganisms,10
biolink:Protein,biolink:related_to,biolink:GeographicLocation,10
biolink:ComplexMolecularMixture,biolink:affects,biolink:Activity,10
biolink:Activity,biolink:interacts_with,biolink:Cohort,10
biolink:ChemicalEntity,biolink:positively_correlated_with,biolink:BiologicalProcess,10
biolink:MolecularActivity,biolink:precedes,biolink:Procedure,10
biolink:Food,biolink:treats_or_applied_or_studied_to_treat,biolink:Agent,10
biolink:BiologicalProcess,biolink:has_output,biolink:Polypeptide,10
biolink:OrganismTaxon,biolink:subclass_of,biolink:Procedure,9
biolink:BiologicalProcess,biolink:has_input,biolink:AnatomicalEntity,9
biolink:Cell,biolink:disrupts,biolink:BiologicalProcess,9
biolink:Disease,biolink:occurs_in,biolink:Device,9
biolink:MolecularMixture,biolink:coexists_with,biolink:PhysicalEntity,9
biolink:SmallMolecule,biolink:located_in,biolink:Drug,9
biolink:MolecularMixture,biolink:derives_from,biolink:ComplexMolecularMixture,9
biolink:OrganismTaxon,biolink:subclass_of,biolink:Protein,9
biolink:SmallMolecule,biolink:located_in,biolink:ComplexMolecularMixture,9
biolink:BiologicalProcess,biolink:has_input,biolink:MolecularEntity,9
biolink:Device,biolink:causes,biolink:ClinicalAttribute,9
biolink:ChemicalEntity,biolink:coexists_with,biolink:Cell,9
biolink:DiseaseOrPhenotypicFeature,biolink:close_match,biolink:Procedure,9
biolink:PhenotypicFeature,biolink:treats_or_applied_or_studied_to_treat,biolink:Human,9
biolink:DiseaseOrPhenotypicFeature,biolink:close_match,biolink:Behavior,9
biolink:ChemicalEntity,biolink:associated_with,biolink:Event,9
biolink:Disease,biolink:subclass_of,biolink:PathologicalProcess,9
biolink:Pathway,biolink:overlaps,biolink:BiologicalProcess,9
biolink:Device,biolink:related_to,biolink:OrganismTaxon,9
biolink:PhysicalEntity,biolink:close_match,biolink:Procedure,9
biolink:BiologicalProcess,biolink:associated_with,biolink:Polypeptide,9
biolink:MolecularMixture,biolink:affects,biolink:Food,9
biolink:PathologicalProcess,biolink:subclass_of,biolink:PathologicalProcess,9
biolink:MolecularMixture,biolink:exacerbates_condition,biolink:PhenotypicFeature,9
biolink:Activity,biolink:close_match,biolink:PhenotypicFeature,9
biolink:Disease,biolink:has_input,biolink:Behavior,9
biolink:Activity,biolink:diagnoses,biolink:DiseaseOrPhenotypicFeature,9
biolink:OrganismTaxon,biolink:interacts_with,biolink:ClinicalAttribute,9
biolink:OrganismTaxon,biolink:treats_or_applied_or_studied_to_treat,biolink:PopulationOfIndividualOrganisms,9
biolink:Cell,biolink:coexists_with,biolink:ChemicalEntity,9
biolink:MolecularEntity,biolink:related_to,biolink:ChemicalEntity,9
biolink:BiologicalProcess,biolink:associated_with,biolink:NucleicAcidEntity,9
biolink:Device,biolink:produces,biolink:Protein,9
biolink:SmallMolecule,biolink:related_to,biolink:MolecularEntity,9
biolink:Disease,biolink:exacerbates_condition,biolink:InformationContentEntity,9
biolink:CellularComponent,biolink:related_to,biolink:Polypeptide,9
biolink:Disease,biolink:coexists_with,biolink:Protein,9
biolink:MolecularActivity,biolink:subclass_of,biolink:SmallMolecule,9
biolink:BiologicalProcess,biolink:close_match,biolink:ClinicalAttribute,9
biolink:MolecularMixture,biolink:causes,biolink:ClinicalAttribute,9
biolink:PhysicalEntity,biolink:has_input,biolink:Procedure,9
biolink:Pathway,biolink:has_input,biolink:SmallMolecule,9
biolink:Activity,biolink:occurs_in,biolink:ChemicalEntity,9
biolink:BiologicalProcess,biolink:has_input,biolink:RNAProduct,9
biolink:Disease,biolink:close_match,biolink:Phenomenon,9
biolink:MolecularActivity,biolink:related_to,biolink:Polypeptide,9
biolink:Cell,biolink:located_in,biolink:Polypeptide,9
biolink:MolecularMixture,biolink:causes,biolink:NamedThing,9
biolink:Device,biolink:disrupts,biolink:CellularComponent,9
biolink:Activity,biolink:occurs_in,biolink:BiologicalEntity,9
biolink:SmallMolecule,biolink:produces,biolink:NucleicAcidEntity,9
biolink:MolecularActivity,biolink:has_output,biolink:Polypeptide,9
biolink:Disease,biolink:related_to,biolink:Agent,9
biolink:Disease,biolink:coexists_with,biolink:ChemicalEntity,9
biolink:MolecularActivity,biolink:located_in,biolink:NucleicAcidEntity,9
biolink:SmallMolecule,biolink:has_input,biolink:Food,9
biolink:SmallMolecule,biolink:has_input,biolink:Gene,9
biolink:PhysicalEntity,biolink:derives_from,biolink:ChemicalEntity,9
biolink:MolecularMixture,biolink:directly_physically_interacts_with,biolink:Gene,9
biolink:Pathway,biolink:positively_correlated_with,biolink:PhenotypicFeature,9
biolink:DiseaseOrPhenotypicFeature,biolink:occurs_in,biolink:Human,9
biolink:MolecularMixture,biolink:contraindicated_in,biolink:Procedure,9
biolink:GrossAnatomicalStructure,biolink:derives_from,biolink:GrossAnatomicalStructure,9
biolink:PhysiologicalProcess,biolink:related_to,biolink:NamedThing,9
biolink:GrossAnatomicalStructure,biolink:overlaps,biolink:Cell,9
biolink:ClinicalAttribute,biolink:located_in,biolink:InformationContentEntity,9
biolink:Drug,biolink:produces,biolink:PhenotypicFeature,9
biolink:PhenotypicFeature,biolink:diagnoses,biolink:BiologicalEntity,9
biolink:InformationContentEntity,biolink:has_member,biolink:Device,9
biolink:InformationContentEntity,biolink:has_member,biolink:ChemicalEntity,9
biolink:GrossAnatomicalStructure,biolink:produces,biolink:ComplexMolecularMixture,9
biolink:Drug,biolink:related_to,biolink:PopulationOfIndividualOrganisms,9
biolink:BiologicalEntity,biolink:derives_from,biolink:Drug,9
biolink:Phenomenon,biolink:related_to,biolink:PhysiologicalProcess,9
biolink:Behavior,biolink:predisposes_to_condition,biolink:Behavior,9
biolink:AnatomicalEntity,biolink:derives_from,biolink:Disease,9
biolink:Polypeptide,biolink:disrupts,biolink:OrganismTaxon,9
biolink:Polypeptide,biolink:disrupts,biolink:Procedure,9
biolink:Agent,biolink:related_to,biolink:Disease,9
biolink:ChemicalEntity,biolink:predisposes_to_condition,biolink:ClinicalAttribute,9
biolink:Protein,biolink:gene_associated_with_condition,biolink:Drug,9
biolink:Cohort,biolink:produces,biolink:BiologicalProcess,9
biolink:InformationContentEntity,biolink:disrupts,biolink:Behavior,9
biolink:Polypeptide,biolink:has_part,biolink:SmallMolecule,9
biolink:Protein,biolink:genetically_associated_with,biolink:AnatomicalEntity,9
biolink:Cell,biolink:related_to,biolink:NamedThing,9
biolink:AnatomicalEntity,biolink:disrupts,biolink:Cell,9
biolink:Publication,biolink:derives_from,biolink:Drug,9
biolink:InformationContentEntity,biolink:precedes,biolink:Activity,9
biolink:BiologicalProcess,biolink:regulates,biolink:GrossAnatomicalStructure,9
biolink:PhysiologicalProcess,biolink:related_to,biolink:Phenomenon,9
biolink:Publication,biolink:predisposes_to_condition,biolink:PhenotypicFeature,9
biolink:ComplexMolecularMixture,biolink:coexists_with,biolink:NucleicAcidEntity,9
biolink:Drug,biolink:interacts_with,biolink:ClinicalAttribute,9
biolink:ComplexMolecularMixture,biolink:coexists_with,biolink:Device,9
biolink:Procedure,biolink:has_input,biolink:ChemicalMixture,9
biolink:ChemicalMixture,biolink:affects,biolink:InformationContentEntity,9
biolink:Cell,biolink:related_to,biolink:Device,9
biolink:NucleicAcidEntity,biolink:subclass_of,biolink:SmallMolecule,9
biolink:BiologicalProcess,biolink:has_phenotype,biolink:PhenotypicFeature,9
biolink:PhenotypicFeature,biolink:coexists_with,biolink:NucleicAcidEntity,9
biolink:Procedure,biolink:exacerbates_condition,biolink:Activity,9
biolink:AnatomicalEntity,biolink:located_in,biolink:Disease,9
biolink:GrossAnatomicalStructure,biolink:diagnoses,biolink:Disease,9
biolink:Publication,biolink:disrupts,biolink:MolecularActivity,9
biolink:Publication,biolink:disrupts,biolink:BiologicalProcess,9
biolink:Gene,biolink:located_in,biolink:MolecularMixture,9
biolink:CellularComponent,biolink:close_match,biolink:BiologicalProcess,9
biolink:ChemicalExposure,biolink:superclass_of,biolink:ComplexMolecularMixture,9
biolink:InformationContentEntity,biolink:diagnoses,biolink:BiologicalEntity,9
biolink:EnvironmentalProcess,biolink:has_input,biolink:PhysicalEntity,9
biolink:AnatomicalEntity,biolink:composed_primarily_of,biolink:SmallMolecule,9
biolink:AnatomicalEntity,biolink:associated_with,biolink:Cohort,9
biolink:Food,biolink:close_match,biolink:SmallMolecule,9
biolink:NamedThing,biolink:affects,biolink:PhysiologicalProcess,9
biolink:Human,biolink:has_part,biolink:InformationContentEntity,9
biolink:PhenotypicFeature,biolink:has_part,biolink:BiologicalProcess,9
biolink:AnatomicalEntity,biolink:associated_with,biolink:AnatomicalEntity,9
biolink:Protein,biolink:increases_response_to,biolink:Protein,9
biolink:PopulationOfIndividualOrganisms,biolink:causes,biolink:Disease,9
biolink:ChemicalEntity,biolink:produces,biolink:NucleicAcidEntity,9
biolink:PopulationOfIndividualOrganisms,biolink:coexists_with,biolink:Protein,9
biolink:Behavior,biolink:treats_or_applied_or_studied_to_treat,biolink:Agent,9
biolink:ChemicalEntity,biolink:related_to,biolink:Cohort,9
biolink:Human,biolink:related_to,biolink:IndividualOrganism,9
biolink:IndividualOrganism,biolink:related_to,biolink:Human,9
biolink:Behavior,biolink:subclass_of,biolink:PopulationOfIndividualOrganisms,9
biolink:Food,biolink:subclass_of,biolink:ComplexMolecularMixture,9
biolink:Protein,biolink:negatively_correlated_with,biolink:PhenotypicFeature,9
biolink:AnatomicalEntity,biolink:close_match,biolink:Device,9
biolink:NamedThing,biolink:close_match,biolink:Cell,9
biolink:Food,biolink:related_to,biolink:AnatomicalEntity,9
biolink:Phenomenon,biolink:regulates,biolink:Disease,9
biolink:ClinicalAttribute,biolink:subclass_of,biolink:AnatomicalEntity,9
biolink:Food,biolink:causes,biolink:AnatomicalEntity,9
biolink:EnvironmentalProcess,biolink:has_part,biolink:EnvironmentalProcess,9
biolink:Polypeptide,biolink:related_to,biolink:CellularComponent,9
biolink:AnatomicalEntity,biolink:composed_primarily_of,biolink:Drug,9
biolink:Gene,biolink:causes,biolink:AnatomicalEntity,9
biolink:Protein,biolink:has_input,biolink:Food,9
biolink:InformationContentEntity,biolink:coexists_with,biolink:MolecularActivity,9
biolink:BiologicalEntity,biolink:affects,biolink:InformationContentEntity,9
biolink:Behavior,biolink:produces,biolink:Protein,9
biolink:Protein,biolink:has_part,biolink:Device,9
biolink:Event,biolink:related_to,biolink:InformationContentEntity,9
biolink:CellularComponent,biolink:affects,biolink:Behavior,9
biolink:Gene,biolink:affects,biolink:IndividualOrganism,9
biolink:Food,biolink:affects,biolink:Procedure,9
biolink:Polypeptide,biolink:related_to,biolink:MolecularActivity,9
biolink:ClinicalAttribute,biolink:related_to,biolink:MolecularMixture,9
biolink:PopulationOfIndividualOrganisms,biolink:subclass_of,biolink:GrossAnatomicalStructure,9
biolink:Polypeptide,biolink:related_to,biolink:OrganismTaxon,9
biolink:ClinicalAttribute,biolink:related_to,biolink:NamedThing,9
biolink:InformationContentEntity,biolink:causes,biolink:Activity,9
biolink:Cell,biolink:subclass_of,biolink:OrganismTaxon,9
biolink:BiologicalEntity,biolink:affects,biolink:Activity,9
biolink:PhenotypicFeature,biolink:has_part,biolink:InformationContentEntity,9
biolink:Protein,biolink:biomarker_for,biolink:ChemicalEntity,9
biolink:Protein,biolink:negatively_correlated_with,biolink:Disease,9
biolink:Procedure,biolink:occurs_in,biolink:NucleicAcidEntity,9
biolink:Activity,biolink:treats_or_applied_or_studied_to_treat,biolink:BiologicalEntity,9
biolink:Procedure,biolink:subclass_of,biolink:PhysicalEntity,9
biolink:OrganismTaxon,biolink:associated_with,biolink:AnatomicalEntity,9
biolink:PhysiologicalProcess,biolink:coexists_with,biolink:Behavior,9
biolink:BiologicalEntity,biolink:related_to,biolink:GeographicLocation,9
biolink:BiologicalProcess,biolink:preventative_for_condition,biolink:Disease,9
biolink:RNAProduct,biolink:subclass_of,biolink:ChemicalEntity,9
biolink:MolecularMixture,biolink:produces,biolink:Polypeptide,9
biolink:PhysiologicalProcess,biolink:close_match,biolink:InformationContentEntity,9
biolink:Drug,biolink:affects,biolink:Event,9
biolink:MolecularMixture,biolink:physically_interacts_with,biolink:ChemicalEntity,9
biolink:Drug,biolink:disrupts,biolink:Gene,9
biolink:SmallMolecule,biolink:chemically_similar_to,biolink:Protein,9
biolink:Publication,biolink:subclass_of,biolink:BiologicalEntity,9
biolink:MolecularActivity,biolink:close_match,biolink:Protein,9
biolink:BiologicalProcess,biolink:produces,biolink:GenomicEntity,9
biolink:ComplexMolecularMixture,biolink:superclass_of,biolink:ChemicalExposure,9
biolink:BiologicalEntity,biolink:subclass_of,biolink:GrossAnatomicalStructure,9
biolink:Procedure,biolink:preventative_for_condition,biolink:Phenomenon,9
biolink:SmallMolecule,biolink:affects,biolink:Pathway,9
biolink:ComplexMolecularMixture,biolink:related_to,biolink:Gene,9
biolink:NamedThing,biolink:related_to,biolink:PhysiologicalProcess,9
biolink:Drug,biolink:causes,biolink:Cell,9
biolink:ChemicalEntity,biolink:has_input,biolink:Procedure,9
biolink:ChemicalMixture,biolink:close_match,biolink:Protein,9
biolink:Procedure,biolink:predisposes_to_condition,biolink:Procedure,9
biolink:AnatomicalEntity,biolink:related_to,biolink:Food,9
biolink:SmallMolecule,biolink:close_match,biolink:Food,9
biolink:SmallMolecule,biolink:close_match,biolink:PhenotypicFeature,9
biolink:ChemicalEntity,biolink:located_in,biolink:Device,9
biolink:Activity,biolink:produces,biolink:AnatomicalEntity,9
biolink:Drug,biolink:associated_with,biolink:GrossAnatomicalStructure,9
biolink:GenomicEntity,biolink:treats_or_applied_or_studied_to_treat,biolink:PopulationOfIndividualOrganisms,9
biolink:SmallMolecule,biolink:affects,biolink:PhysicalEntity,9
biolink:Pathway,biolink:treats,biolink:Disease,9
biolink:GeographicLocation,biolink:related_to,biolink:Protein,9
biolink:OrganismTaxon,biolink:disrupts,biolink:Cell,9
biolink:MolecularMixture,biolink:regulates,biolink:Gene,9
biolink:Gene,biolink:related_to,biolink:InformationContentEntity,9
biolink:PhenotypicFeature,biolink:manifestation_of,biolink:AnatomicalEntity,9
biolink:CellularComponent,biolink:develops_from,biolink:OrganismTaxon,9
biolink:GenomicEntity,biolink:disrupts,biolink:PhysiologicalProcess,9
biolink:InformationContentEntity,biolink:related_to,biolink:Event,9
biolink:Procedure,biolink:produces,biolink:Polypeptide,9
biolink:GenomicEntity,biolink:interacts_with,biolink:ChemicalMixture,9
biolink:Protein,biolink:associated_with,biolink:Protein,9
biolink:SmallMolecule,biolink:derives_from,biolink:GenomicEntity,9
biolink:ChemicalEntity,biolink:located_in,biolink:ComplexMolecularMixture,9
biolink:MolecularMixture,biolink:related_to,biolink:ClinicalAttribute,9
biolink:PhysiologicalProcess,biolink:affects,biolink:Polypeptide,9
biolink:NamedThing,biolink:produces,biolink:ChemicalEntity,9
biolink:OrganismTaxon,biolink:affects,biolink:AnatomicalEntity,9
biolink:InformationContentEntity,biolink:produces,biolink:Cohort,9
biolink:MolecularMixture,biolink:related_to,biolink:AnatomicalEntity,9
biolink:BiologicalProcess,biolink:produces,biolink:Food,9
biolink:GenomicEntity,biolink:related_to,biolink:InformationContentEntity,9
biolink:ChemicalEntity,biolink:has_part,biolink:InformationContentEntity,9
biolink:PhenotypicFeature,biolink:occurs_in,biolink:Protein,9
biolink:ClinicalAttribute,biolink:affects,biolink:AnatomicalEntity,9
biolink:BiologicalProcess,biolink:regulates,biolink:CellularComponent,9
biolink:Behavior,biolink:has_input,biolink:InformationContentEntity,9
biolink:Activity,biolink:predisposes_to_condition,biolink:BiologicalProcess,9
biolink:AnatomicalEntity,biolink:precedes,biolink:GrossAnatomicalStructure,9
biolink:NucleicAcidEntity,biolink:close_match,biolink:Procedure,8
biolink:NamedThing,biolink:related_to,biolink:Polypeptide,8
biolink:ClinicalAttribute,biolink:produces,biolink:AnatomicalEntity,8
biolink:NamedThing,biolink:related_to,biolink:EnvironmentalProcess,8
biolink:CellularComponent,biolink:has_part,biolink:Publication,8
biolink:CellularComponent,biolink:subclass_of,biolink:Polypeptide,8
biolink:AnatomicalEntity,biolink:close_match,biolink:Procedure,8
biolink:Disease,biolink:affects,biolink:Pathway,8
biolink:NamedThing,biolink:related_to,biolink:ClinicalAttribute,8
biolink:OrganismTaxon,biolink:related_to,biolink:ClinicalAttribute,8
biolink:Activity,biolink:affects,biolink:NucleicAcidEntity,8
biolink:PhysicalEntity,biolink:close_match,biolink:IndividualOrganism,8
biolink:MolecularEntity,biolink:has_part,biolink:MolecularMixture,8
biolink:PhysicalEntity,biolink:causes,biolink:PhysicalEntity,8
biolink:GenomicEntity,biolink:biomarker_for,biolink:Protein,8
biolink:SmallMolecule,biolink:related_to,biolink:Cell,8
biolink:Disease,biolink:affects,biolink:Device,8
biolink:PopulationOfIndividualOrganisms,biolink:related_to,biolink:PhysicalEntity,8
biolink:GenomicEntity,biolink:produces,biolink:MolecularMixture,8
biolink:Disease,biolink:affects,biolink:GenomicEntity,8
biolink:MolecularMixture,biolink:decreases_response_to,biolink:Protein,8
biolink:GenomicEntity,biolink:close_match,biolink:Protein,8
biolink:NamedThing,biolink:related_to,biolink:CellularComponent,8
biolink:ClinicalAttribute,biolink:related_to,biolink:OrganismTaxon,8
biolink:OrganismTaxon,biolink:subclass_of,biolink:SmallMolecule,8
biolink:Protein,biolink:interacts_with,biolink:ClinicalAttribute,8
biolink:ChemicalEntity,biolink:related_to,biolink:MolecularEntity,8
biolink:GenomicEntity,biolink:located_in,biolink:ChemicalEntity,8
biolink:NamedThing,biolink:close_match,biolink:GeographicLocation,8
biolink:PhenotypicFeature,biolink:affects,biolink:Gene,8
biolink:GrossAnatomicalStructure,biolink:related_to,biolink:MolecularActivity,8
biolink:AnatomicalEntity,biolink:disrupts,biolink:GrossAnatomicalStructure,8
biolink:AnatomicalEntity,biolink:has_input,biolink:PhysicalEntity,8
biolink:AnatomicalEntity,biolink:has_member,biolink:AnatomicalEntity,8
biolink:GrossAnatomicalStructure,biolink:has_part,biolink:Procedure,8
biolink:Phenomenon,biolink:subclass_of,biolink:PhysicalEntity,8
biolink:CellularComponent,biolink:causes,biolink:PhysiologicalProcess,8
biolink:NamedThing,biolink:disease_has_location,biolink:GrossAnatomicalStructure,8
biolink:MolecularMixture,biolink:affects,biolink:IndividualOrganism,8
biolink:ChemicalMixture,biolink:affects,biolink:Cell,8
biolink:NamedThing,biolink:exacerbates_condition,biolink:Disease,8
biolink:Phenomenon,biolink:treats_or_applied_or_studied_to_treat,biolink:PhenotypicFeature,8
biolink:Disease,biolink:close_match,biolink:Publication,8
biolink:ClinicalIntervention,biolink:subclass_of,biolink:Procedure,8
biolink:BiologicalProcess,biolink:diagnoses,biolink:ClinicalAttribute,8
biolink:GrossAnatomicalStructure,biolink:composed_primarily_of,biolink:AnatomicalEntity,8
biolink:PhenotypicFeature,biolink:subclass_of,biolink:OrganismTaxon,8
biolink:Procedure,biolink:exacerbates_condition,biolink:PhysiologicalProcess,8
biolink:GrossAnatomicalStructure,biolink:affects,biolink:AnatomicalEntity,8
biolink:GrossAnatomicalStructure,biolink:close_match,biolink:PhenotypicFeature,8
biolink:PhenotypicFeature,biolink:close_match,biolink:NamedThing,8
biolink:AnatomicalEntity,biolink:occurs_in,biolink:Agent,8
biolink:MolecularMixture,biolink:applied_to_treat,biolink:Procedure,8
biolink:ClinicalAttribute,biolink:associated_with,biolink:BiologicalProcess,8
biolink:ClinicalAttribute,biolink:affects,biolink:Procedure,8
biolink:Gene,biolink:regulates,biolink:BiologicalProcess,8
biolink:ChemicalMixture,biolink:affects,biolink:PhysiologicalProcess,8
biolink:Gene,biolink:related_to,biolink:Activity,8
biolink:PhenotypicFeature,biolink:subclass_of,biolink:Device,8
biolink:AnatomicalEntity,biolink:disrupts,biolink:MolecularActivity,8
biolink:Device,biolink:treats_or_applied_or_studied_to_treat,biolink:Event,8
biolink:BiologicalProcess,biolink:produces,biolink:OrganismTaxon,8
biolink:CellularComponent,biolink:correlated_with,biolink:Disease,8
biolink:OrganismTaxon,biolink:related_to,biolink:Device,8
biolink:Behavior,biolink:predisposes_to_condition,biolink:BiologicalProcess,8
biolink:GrossAnatomicalStructure,biolink:related_to,biolink:Cohort,8
biolink:Protein,biolink:acts_upstream_of_or_within_negative_effect,biolink:BiologicalProcess,8
biolink:BiologicalProcess,biolink:occurs_in,biolink:Polypeptide,8
biolink:NamedThing,biolink:occurs_in,biolink:BiologicalEntity,8
biolink:GenomicEntity,biolink:related_to,biolink:Polypeptide,8
biolink:AnatomicalEntity,biolink:derives_from,biolink:Cell,8
biolink:Gene,biolink:coexists_with,biolink:Food,8
biolink:ChemicalMixture,biolink:subclass_of,biolink:BiologicalEntity,8
biolink:AnatomicalEntity,biolink:produces,biolink:Disease,8
biolink:GrossAnatomicalStructure,biolink:regulates,biolink:BiologicalProcess,8
biolink:Protein,biolink:exacerbates_condition,biolink:Phenomenon,8
biolink:GrossAnatomicalStructure,biolink:produces,biolink:Food,8
biolink:PhenotypicFeature,biolink:close_match,biolink:Activity,8
biolink:AnatomicalEntity,biolink:derives_from,biolink:Protein,8
biolink:Behavior,biolink:has_input,biolink:BiologicalProcess,8
biolink:Protein,biolink:affects_response_to,biolink:Protein,8
biolink:NamedThing,biolink:interacts_with,biolink:SmallMolecule,8
biolink:ChemicalEntity,biolink:transcribed_from,biolink:Protein,8
biolink:PathologicalProcess,biolink:close_match,biolink:Phenomenon,8
biolink:PhenotypicFeature,biolink:subclass_of,biolink:SmallMolecule,8
biolink:GrossAnatomicalStructure,biolink:predisposes_to_condition,biolink:Disease,8
biolink:ClinicalAttribute,biolink:located_in,biolink:Publication,8
biolink:Gene,biolink:disrupts,biolink:ClinicalAttribute,8
biolink:OrganismTaxon,biolink:subclass_of,biolink:NamedThing,8
biolink:NamedThing,biolink:correlated_with,biolink:ComplexMolecularMixture,8
biolink:Activity,biolink:precedes,biolink:Drug,8
biolink:InformationContentEntity,biolink:associated_with,biolink:PhysiologicalProcess,8
biolink:Phenomenon,biolink:coexists_with,biolink:Activity,8
biolink:Activity,biolink:has_input,biolink:Phenomenon,8
biolink:ChemicalEntity,biolink:located_in,biolink:SmallMolecule,8
biolink:SmallMolecule,biolink:interacts_with,biolink:NamedThing,8
biolink:Disease,biolink:produces,biolink:Disease,8
biolink:Device,biolink:disrupts,biolink:InformationContentEntity,8
biolink:ComplexMolecularMixture,biolink:close_match,biolink:SmallMolecule,8
biolink:PhysicalEntity,biolink:related_to,biolink:PopulationOfIndividualOrganisms,8
biolink:MolecularActivity,biolink:located_in,biolink:Polypeptide,8
biolink:ComplexMolecularMixture,biolink:correlated_with,biolink:NamedThing,8
biolink:InformationContentEntity,biolink:preventative_for_condition,biolink:OrganismTaxon,8
biolink:Drug,biolink:has_member,biolink:Cell,8
biolink:Agent,biolink:has_input,biolink:Activity,8
biolink:ChemicalEntity,biolink:contraindicated_in,biolink:PhenotypicFeature,8
biolink:Agent,biolink:close_match,biolink:PhysicalEntity,8
biolink:Drug,biolink:exacerbates_condition,biolink:BiologicalEntity,8
biolink:ChemicalEntity,biolink:has_participant,biolink:BiologicalProcess,8
biolink:Publication,biolink:has_part,biolink:Protein,8
biolink:NucleicAcidEntity,biolink:subclass_of,biolink:Phenomenon,8
biolink:Publication,biolink:subclass_of,biolink:Agent,8
biolink:Publication,biolink:has_part,biolink:InformationContentEntity,8
biolink:Drug,biolink:predisposes_to_condition,biolink:BiologicalProcess,8
biolink:Polypeptide,biolink:causes,biolink:BiologicalEntity,8
biolink:Drug,biolink:precedes,biolink:MolecularActivity,8
biolink:Drug,biolink:precedes,biolink:BiologicalProcess,8
biolink:Polypeptide,biolink:associated_with,biolink:InformationContentEntity,8
biolink:Publication,biolink:diagnoses,biolink:OrganismTaxon,8
biolink:BiologicalEntity,biolink:located_in,biolink:InformationContentEntity,8
biolink:Drug,biolink:positively_correlated_with,biolink:Protein,8
biolink:Cell,biolink:located_in,biolink:Cell,8
biolink:BiologicalEntity,biolink:located_in,biolink:OrganismTaxon,8
biolink:PhenotypicFeature,biolink:has_input,biolink:MolecularMixture,8
biolink:Pathway,biolink:located_in,biolink:Protein,8
biolink:InformationContentEntity,biolink:manifestation_of,biolink:MolecularActivity,8
biolink:InformationContentEntity,biolink:manifestation_of,biolink:Phenomenon,8
biolink:Drug,biolink:negatively_correlated_with,biolink:BiologicalProcess,8
biolink:PhenotypicFeature,biolink:manifestation_of,biolink:BiologicalEntity,8
biolink:BiologicalProcess,biolink:has_participant,biolink:GeneFamily,8
biolink:InformationContentEntity,biolink:interacts_with,biolink:Device,8
biolink:Activity,biolink:preventative_for_condition,biolink:BiologicalProcess,8
biolink:PhysiologicalProcess,biolink:coexists_with,biolink:ClinicalAttribute,8
biolink:SmallMolecule,biolink:disrupts,biolink:Protein,8
biolink:ChemicalEntity,biolink:disrupts,biolink:Protein,8
biolink:SmallMolecule,biolink:disrupts,biolink:Pathway,8
biolink:Cell,biolink:physically_interacts_with,biolink:Disease,8
biolink:BiologicalEntity,biolink:subclass_of,biolink:OrganismTaxon,8
biolink:PhenotypicFeature,biolink:precedes,biolink:Behavior,8
biolink:DiseaseOrPhenotypicFeature,biolink:subclass_of,biolink:ClinicalAttribute,8
biolink:Activity,biolink:occurs_in,biolink:NucleicAcidEntity,8
biolink:Cell,biolink:close_match,biolink:Protein,8
biolink:Pathway,biolink:related_to,biolink:CellularComponent,8
biolink:Device,biolink:causes,biolink:AnatomicalEntity,8
biolink:MolecularActivity,biolink:derives_from,biolink:Protein,8
biolink:MolecularActivity,biolink:disrupts,biolink:Cell,8
biolink:Activity,biolink:precedes,biolink:InformationContentEntity,8
biolink:BiologicalProcess,biolink:has_part,biolink:Protein,8
biolink:MolecularActivity,biolink:associated_with,biolink:Drug,8
biolink:Agent,biolink:close_match,biolink:Activity,8
biolink:Drug,biolink:capable_of,biolink:Protein,8
biolink:Drug,biolink:disrupts,biolink:ChemicalEntity,8
biolink:PhenotypicFeature,biolink:manifestation_of,biolink:DiseaseOrPhenotypicFeature,8
biolink:ComplexMolecularMixture,biolink:interacts_with,biolink:GenomicEntity,8
biolink:Activity,biolink:located_in,biolink:Device,8
biolink:PhysicalEntity,biolink:treats_or_applied_or_studied_to_treat,biolink:AnatomicalEntity,8
biolink:Activity,biolink:located_in,biolink:GeographicLocation,8
biolink:Drug,biolink:coexists_with,biolink:Cell,8
biolink:LifeStage,biolink:subclass_of,biolink:AnatomicalEntity,8
biolink:SmallMolecule,biolink:associated_with,biolink:GrossAnatomicalStructure,8
biolink:OrganismTaxon,biolink:has_part,biolink:Procedure,8
biolink:BiologicalEntity,biolink:subclass_of,biolink:BiologicalProcess,8
biolink:PhenotypicFeature,biolink:negatively_correlated_with,biolink:Disease,8
biolink:SmallMolecule,biolink:close_match,biolink:Cell,8
biolink:PhysicalEntity,biolink:treats_or_applied_or_studied_to_treat,biolink:Procedure,8
biolink:Cell,biolink:close_match,biolink:ChemicalEntity,8
biolink:Drug,biolink:predisposes_to_condition,biolink:ClinicalAttribute,8
biolink:ChemicalMixture,biolink:disrupts,biolink:MolecularActivity,8
biolink:Cell,biolink:interacts_with,biolink:AnatomicalEntity,8
biolink:BiologicalEntity,biolink:has_part,biolink:OrganismTaxon,8
biolink:Polypeptide,biolink:exacerbates_condition,biolink:BiologicalProcess,8
biolink:Event,biolink:subclass_of,biolink:Disease,8
biolink:Polypeptide,biolink:expressed_in,biolink:CellularComponent,8
biolink:Cohort,biolink:has_part,biolink:Publication,8
biolink:Protein,biolink:same_as,biolink:ChemicalEntity,8
biolink:BiologicalProcess,biolink:subclass_of,biolink:IndividualOrganism,8
biolink:IndividualOrganism,biolink:subclass_of,biolink:Procedure,8
biolink:BiologicalProcess,biolink:subclass_of,biolink:MolecularEntity,8
biolink:Food,biolink:disrupts,biolink:Behavior,8
biolink:SmallMolecule,biolink:produces,biolink:Device,8
biolink:Pathway,biolink:has_participant,biolink:ChemicalMixture,8
biolink:Agent,biolink:subclass_of,biolink:PhenotypicFeature,8
biolink:SmallMolecule,biolink:precedes,biolink:PhenotypicFeature,8
biolink:Polypeptide,biolink:located_in,biolink:Human,8
biolink:AnatomicalEntity,biolink:associated_with,biolink:Phenomenon,8
biolink:InformationContentEntity,biolink:coexists_with,biolink:NamedThing,8
biolink:AnatomicalEntity,biolink:actively_involved_in,biolink:Activity,8
biolink:Polypeptide,biolink:produces,biolink:Drug,8
biolink:SmallMolecule,biolink:predisposes_to_condition,biolink:BiologicalProcess,8
biolink:Polypeptide,biolink:treats_or_applied_or_studied_to_treat,biolink:Human,8
biolink:Polypeptide,biolink:related_to,biolink:GenomicEntity,8
biolink:Food,biolink:close_match,biolink:Protein,8
biolink:NamedThing,biolink:actively_involved_in,biolink:NamedThing,8
biolink:Food,biolink:close_match,biolink:Device,8
biolink:PhysicalEntity,biolink:disrupts,biolink:Phenomenon,8
biolink:SmallMolecule,biolink:predisposes_to_condition,biolink:NamedThing,8
biolink:Protein,biolink:produces,biolink:Publication,8
biolink:BiologicalProcess,biolink:subclass_of,biolink:Protein,8
biolink:InformationContentEntity,biolink:has_input,biolink:Food,8
biolink:DiseaseOrPhenotypicFeature,biolink:occurs_in,biolink:InformationContentEntity,8
biolink:Cell,biolink:subclass_of,biolink:BiologicalProcess,8
biolink:Disease,biolink:manifestation_of,biolink:Procedure,8
biolink:PhysicalEntity,biolink:related_to,biolink:ChemicalMixture,8
biolink:Cell,biolink:related_to,biolink:OrganismTaxon,8
biolink:IndividualOrganism,biolink:predisposes_to_condition,biolink:Disease,8
biolink:InformationContentEntity,biolink:has_part,biolink:InformationContentEntity,8
biolink:Device,biolink:has_part,biolink:AnatomicalEntity,8
biolink:ChemicalEntity,biolink:physically_interacts_with,biolink:MolecularMixture,8
biolink:InformationContentEntity,biolink:has_part,biolink:GenomicEntity,8
biolink:NamedThing,biolink:produces,biolink:Drug,8
biolink:Cohort,biolink:treats_or_applied_or_studied_to_treat,biolink:GrossAnatomicalStructure,8
biolink:InformationContentEntity,biolink:has_input,biolink:NucleicAcidEntity,8
biolink:PhenotypicFeature,biolink:produces,biolink:Cohort,8
biolink:BiologicalEntity,biolink:exacerbates_condition,biolink:PhenotypicFeature,8
biolink:PhysicalEntity,biolink:composed_primarily_of,biolink:Drug,8
biolink:Protein,biolink:occurs_in,biolink:AnatomicalEntity,8
biolink:InformationContentEntity,biolink:has_input,biolink:Phenomenon,8
biolink:PhysicalEntity,biolink:located_in,biolink:CellularComponent,8
biolink:ChemicalEntity,biolink:precedes,biolink:PhenotypicFeature,8
biolink:Cell,biolink:interacts_with,biolink:InformationContentEntity,8
biolink:Cohort,biolink:related_to,biolink:GrossAnatomicalStructure,8
biolink:CellularComponent,biolink:coexists_with,biolink:GrossAnatomicalStructure,7
biolink:CellularComponent,biolink:subclass_of,biolink:PhenotypicFeature,7
biolink:CellularComponent,biolink:produces,biolink:OrganismTaxon,7
biolink:Cell,biolink:close_match,biolink:NamedThing,7
biolink:Phenomenon,biolink:predisposes_to_condition,biolink:BiologicalProcess,7
biolink:OrganismTaxon,biolink:related_to,biolink:AnatomicalEntity,7
biolink:Phenomenon,biolink:produces,biolink:ComplexMolecularMixture,7
biolink:Pathway,biolink:related_to,biolink:AnatomicalEntity,7
biolink:Cell,biolink:disrupts,biolink:Cell,7
biolink:OrganismTaxon,biolink:subclass_of,biolink:Cohort,7
biolink:NamedThing,biolink:produces,biolink:SmallMolecule,7
biolink:MolecularMixture,biolink:has_input,biolink:Device,7
biolink:PhenotypicFeature,biolink:associated_with,biolink:ComplexMolecularMixture,7
biolink:NamedThing,biolink:causes,biolink:BiologicalProcess,7
biolink:PhenotypicFeature,biolink:disrupts,biolink:InformationContentEntity,7
biolink:NucleicAcidEntity,biolink:derives_from,biolink:GenomicEntity,7
biolink:Pathway,biolink:related_to,biolink:Pathway,7
biolink:CellularComponent,biolink:affects,biolink:SmallMolecule,7
biolink:MolecularMixture,biolink:predisposes_to_condition,biolink:InformationContentEntity,7
biolink:BiologicalProcess,biolink:has_input,biolink:NucleicAcidEntity,7
biolink:Pathway,biolink:occurs_in,biolink:AnatomicalEntity,7
biolink:Pathway,biolink:negatively_correlated_with,biolink:Disease,7
biolink:NamedThing,biolink:treats_or_applied_or_studied_to_treat,biolink:Agent,7
biolink:Phenomenon,biolink:exacerbates_condition,biolink:PhenotypicFeature,7
biolink:PhenotypicFeature,biolink:related_to,biolink:BiologicalEntity,7
biolink:PhenotypicFeature,biolink:diagnoses,biolink:ClinicalAttribute,7
biolink:PhenotypicFeature,biolink:actively_involved_in,biolink:PhenotypicFeature,7
biolink:OrganismTaxon,biolink:related_to,biolink:PhysicalEntity,7
biolink:Phenomenon,biolink:diagnoses,biolink:InformationContentEntity,7
biolink:Phenomenon,biolink:coexists_with,biolink:Procedure,7
biolink:NucleicAcidEntity,biolink:causes,biolink:BiologicalEntity,7
biolink:NamedThing,biolink:diagnoses,biolink:PhenotypicFeature,7
biolink:NucleicAcidEntity,biolink:related_to,biolink:GenomicEntity,7
biolink:Cell,biolink:coexists_with,biolink:PhenotypicFeature,7
biolink:Phenomenon,biolink:close_match,biolink:ClinicalAttribute,7
biolink:Phenomenon,biolink:close_match,biolink:Behavior,7
biolink:BiologicalProcess,biolink:has_participant,biolink:BiologicalEntity,7
biolink:MolecularMixture,biolink:derives_from,biolink:Polypeptide,7
biolink:OrganismTaxon,biolink:preventative_for_condition,biolink:PhenotypicFeature,7
biolink:MolecularMixture,biolink:preventative_for_condition,biolink:InformationContentEntity,7
biolink:BiologicalProcess,biolink:produces,biolink:PopulationOfIndividualOrganisms,7
biolink:OrganismTaxon,biolink:close_match,biolink:AnatomicalEntity,7
biolink:PathologicalProcess,biolink:manifestation_of,biolink:Disease,7
biolink:NucleicAcidEntity,biolink:located_in,biolink:Disease,7
biolink:MolecularMixture,biolink:treats_or_applied_or_studied_to_treat,biolink:CellularComponent,7
biolink:PhenotypicFeature,biolink:produces,biolink:Polypeptide,7
biolink:OrganismTaxon,biolink:affects,biolink:Gene,7
biolink:Phenomenon,biolink:interacts_with,biolink:MolecularMixture,7
biolink:OrganismTaxon,biolink:occurs_in,biolink:Disease,7
biolink:PhenotypicFeature,biolink:located_in,biolink:Protein,7
biolink:Phenomenon,biolink:interacts_with,biolink:Gene,7
biolink:NucleicAcidEntity,biolink:treats_or_applied_or_studied_to_treat,biolink:PhenotypicFeature,7
biolink:NamedThing,biolink:causes,biolink:GrossAnatomicalStructure,7
biolink:CellularComponent,biolink:affects,biolink:ClinicalAttribute,7
biolink:Gene,biolink:regulates,biolink:Gene,7
biolink:Food,biolink:derives_from,biolink:ChemicalEntity,7
biolink:Protein,biolink:precedes,biolink:Disease,7
biolink:Protein,biolink:positively_correlated_with,biolink:MolecularActivity,7
biolink:Food,biolink:interacts_with,biolink:Cell,7
biolink:Protein,biolink:occurs_in,biolink:PopulationOfIndividualOrganisms,7
biolink:Protein,biolink:occurs_in,biolink:Cohort,7
biolink:Food,biolink:located_in,biolink:Agent,7
biolink:Polypeptide,biolink:affects,biolink:ClinicalAttribute,7
biolink:ClinicalIntervention,biolink:subclass_of,biolink:ClinicalIntervention,7
biolink:BiologicalEntity,biolink:located_in,biolink:Publication,7
biolink:AnatomicalEntity,biolink:biomarker_for,biolink:Disease,7
biolink:InformationContentEntity,biolink:occurs_in,biolink:AnatomicalEntity,7
biolink:InformationContentEntity,biolink:occurs_in,biolink:Activity,7
biolink:Polypeptide,biolink:associated_with,biolink:BiologicalProcess,7
biolink:AnatomicalEntity,biolink:close_match,biolink:Gene,7
biolink:Gene,biolink:affects,biolink:Cohort,7
biolink:ChemicalEntity,biolink:occurs_in,biolink:PopulationOfIndividualOrganisms,7
biolink:ClinicalAttribute,biolink:related_to,biolink:GenomicEntity,7
biolink:Gene,biolink:causes,biolink:Behavior,7
biolink:InformationContentEntity,biolink:interacts_with,biolink:GenomicEntity,7
biolink:AnatomicalEntity,biolink:composed_primarily_of,biolink:ChemicalEntity,7
biolink:AnatomicalEntity,biolink:correlated_with,biolink:Disease,7
biolink:ChemicalEntity,biolink:physically_interacts_with,biolink:Gene,7
biolink:InformationContentEntity,biolink:has_part,biolink:Publication,7
biolink:ChemicalEntity,biolink:physically_interacts_with,biolink:OrganismTaxon,7
biolink:ClinicalAttribute,biolink:occurs_in,biolink:InformationContentEntity,7
biolink:Gene,biolink:contributes_to,biolink:Disease,7
biolink:ClinicalAttribute,biolink:occurs_in,biolink:BiologicalEntity,7
biolink:AnatomicalEntity,biolink:derives_from,biolink:SmallMolecule,7
biolink:Protein,biolink:disrupts,biolink:NucleicAcidEntity,7
biolink:Food,biolink:disrupts,biolink:CellularComponent,7
biolink:PhysiologicalProcess,biolink:produces,biolink:PhenotypicFeature,7
biolink:Polypeptide,biolink:gene_product_of,biolink:Protein,7
biolink:AnatomicalEntity,biolink:affects,biolink:MolecularMixture,7
biolink:ComplexMolecularMixture,biolink:close_match,biolink:Procedure,7
biolink:ComplexMolecularMixture,biolink:close_match,biolink:ComplexMolecularMixture,7
biolink:ComplexMolecularMixture,biolink:causes,biolink:DiseaseOrPhenotypicFeature,7
biolink:Drug,biolink:located_in,biolink:Protein,7
biolink:Publication,biolink:has_part,biolink:Disease,7
biolink:MolecularActivity,biolink:coexists_with,biolink:AnatomicalEntity,7
biolink:PhysiologicalProcess,biolink:close_match,biolink:Disease,7
biolink:Drug,biolink:physically_interacts_with,biolink:CellularComponent,7
biolink:Publication,biolink:disrupts,biolink:Disease,7
biolink:Publication,biolink:diagnoses,biolink:PopulationOfIndividualOrganisms,7
biolink:Publication,biolink:diagnoses,biolink:BiologicalEntity,7
biolink:Publication,biolink:derives_from,biolink:SmallMolecule,7
biolink:Drug,biolink:regulates,biolink:AnatomicalEntity,7
biolink:Drug,biolink:regulates,biolink:Cell,7
biolink:Protein,biolink:treats_or_applied_or_studied_to_treat,biolink:Publication,7
biolink:Protein,biolink:treats_or_applied_or_studied_to_treat,biolink:Protein,7
biolink:Cohort,biolink:subclass_of,biolink:PhysicalEntity,7
biolink:Drug,biolink:related_to,biolink:GeographicLocation,7
biolink:Cohort,biolink:subclass_of,biolink:Behavior,7
biolink:Cohort,biolink:related_to,biolink:Device,7
biolink:Drug,biolink:subclass_of,biolink:PhenotypicFeature,7
biolink:Cohort,biolink:has_part,biolink:PhysiologicalProcess,7
biolink:Drug,biolink:treats_or_applied_or_studied_to_treat,biolink:Event,7
biolink:Drug,biolink:treats_or_applied_or_studied_to_treat,biolink:PathologicalProcess,7
biolink:Drug,biolink:treats_or_applied_or_studied_to_treat,biolink:PhysiologicalProcess,7
biolink:ChemicalEntity,biolink:has_part,biolink:GrossAnatomicalStructure,7
biolink:Event,biolink:subclass_of,biolink:Behavior,7
biolink:PhysiologicalProcess,biolink:precedes,biolink:Procedure,7
biolink:ChemicalEntity,biolink:interacts_with,biolink:ClinicalAttribute,7
biolink:InformationContentEntity,biolink:has_input,biolink:Agent,7
biolink:Protein,biolink:disrupts,biolink:MolecularMixture,7
biolink:PhysiologicalProcess,biolink:associated_with,biolink:Gene,7
biolink:GenomicEntity,biolink:biomarker_for,biolink:Gene,7
biolink:Procedure,biolink:subclass_of,biolink:MolecularActivity,7
biolink:Procedure,biolink:subclass_of,biolink:GrossAnatomicalStructure,7
biolink:GenomicEntity,biolink:causes,biolink:Phenomenon,7
biolink:GenomicEntity,biolink:close_match,biolink:Drug,7
biolink:AnatomicalEntity,biolink:subclass_of,biolink:PhysiologicalProcess,7
biolink:ChemicalMixture,biolink:interacts_with,biolink:GenomicEntity,7
biolink:ChemicalEntity,biolink:regulates,biolink:GeneFamily,7
biolink:PopulationOfIndividualOrganisms,biolink:occurs_in,biolink:GrossAnatomicalStructure,7
biolink:IndividualOrganism,biolink:causes,biolink:BiologicalProcess,7
biolink:Behavior,biolink:affects,biolink:Agent,7
biolink:Procedure,biolink:produces,biolink:ClinicalAttribute,7
biolink:ChemicalMixture,biolink:derives_from,biolink:Protein,7
biolink:GenomicEntity,biolink:produces,biolink:Polypeptide,7
biolink:GenomicEntity,biolink:related_to,biolink:AnatomicalEntity,7
biolink:GenomicEntity,biolink:related_to,biolink:ClinicalAttribute,7
biolink:Human,biolink:causes,biolink:Disease,7
biolink:Procedure,biolink:located_in,biolink:NucleicAcidEntity,7
biolink:GrossAnatomicalStructure,biolink:subclass_of,biolink:Cohort,7
biolink:GeographicLocation,biolink:related_to,biolink:Procedure,7
biolink:ChemicalMixture,biolink:causes,biolink:BiologicalProcess,7
biolink:Procedure,biolink:interacts_with,biolink:Protein,7
biolink:Procedure,biolink:interacts_with,biolink:PhenotypicFeature,7
biolink:ChemicalEntity,biolink:subclass_of,biolink:CellularComponent,7
biolink:ChemicalEntity,biolink:subclass_of,biolink:GrossAnatomicalStructure,7
biolink:GrossAnatomicalStructure,biolink:produces,biolink:InformationContentEntity,7
biolink:GrossAnatomicalStructure,biolink:correlated_with,biolink:PhenotypicFeature,7
biolink:ChemicalMixture,biolink:affects,biolink:CellularComponent,7
biolink:ChemicalMixture,biolink:affects,biolink:AnatomicalEntity,7
biolink:ChemicalEntity,biolink:treats_or_applied_or_studied_to_treat,biolink:ChemicalEntity,7
biolink:GenomicEntity,biolink:causes,biolink:BiologicalEntity,7
biolink:Procedure,biolink:treats_or_applied_or_studied_to_treat,biolink:IndividualOrganism,7
biolink:Polypeptide,biolink:has_part,biolink:Polypeptide,7
biolink:Behavior,biolink:subclass_of,biolink:Agent,7
biolink:AnatomicalEntity,biolink:has_input,biolink:Drug,7
biolink:Gene,biolink:has_input,biolink:Device,7
biolink:Protein,biolink:derives_from,biolink:OrganismTaxon,7
biolink:Polypeptide,biolink:located_in,biolink:ChemicalEntity,7
biolink:InformationContentEntity,biolink:coexists_with,biolink:Phenomenon,7
biolink:ClinicalAttribute,biolink:diagnoses,biolink:OrganismTaxon,7
biolink:Polypeptide,biolink:located_in,biolink:PhenotypicFeature,7
biolink:InformationContentEntity,biolink:close_match,biolink:Procedure,7
biolink:Protein,biolink:correlated_with,biolink:BiologicalProcess,7
biolink:InformationContentEntity,biolink:close_match,biolink:ClinicalAttribute,7
biolink:AnatomicalEntity,biolink:has_part,biolink:LifeStage,7
biolink:ClinicalAttribute,biolink:coexists_with,biolink:Protein,7
biolink:ClinicalAttribute,biolink:coexists_with,biolink:Behavior,7
biolink:ClinicalAttribute,biolink:coexists_with,biolink:Activity,7
biolink:Protein,biolink:close_match,biolink:OrganismTaxon,7
biolink:InformationContentEntity,biolink:associated_with,biolink:Gene,7
biolink:Protein,biolink:capable_of,biolink:SmallMolecule,7
biolink:AnatomicalEntity,biolink:positively_correlated_with,biolink:PhenotypicFeature,7
biolink:Polypeptide,biolink:treats_or_applied_or_studied_to_treat,biolink:GrossAnatomicalStructure,7
biolink:ClinicalAttribute,biolink:affects,biolink:GrossAnatomicalStructure,7
biolink:ChemicalEntity,biolink:produces,biolink:ComplexMolecularMixture,7
biolink:ChemicalMixture,biolink:treats_or_applied_or_studied_to_treat,biolink:Cell,7
biolink:Gene,biolink:treats_or_applied_or_studied_to_treat,biolink:Human,7
biolink:ChemicalMixture,biolink:related_to,biolink:PhysicalEntity,7
biolink:AnatomicalEntity,biolink:related_to,biolink:GenomicEntity,7
biolink:PopulationOfIndividualOrganisms,biolink:has_input,biolink:Cell,7
biolink:PopulationOfIndividualOrganisms,biolink:has_part,biolink:Device,7
biolink:Behavior,biolink:subclass_of,biolink:Cohort,7
biolink:GenomicEntity,biolink:affects,biolink:BiologicalEntity,7
biolink:BiologicalEntity,biolink:treats_or_applied_or_studied_to_treat,biolink:Disease,7
biolink:ChemicalEntity,biolink:treats_or_applied_or_studied_to_treat,biolink:Publication,7
biolink:Drug,biolink:has_participant,biolink:Protein,7
biolink:Device,biolink:treats_or_applied_or_studied_to_treat,biolink:Phenomenon,7
biolink:Activity,biolink:coexists_with,biolink:ClinicalAttribute,7
biolink:Disease,biolink:disrupts,biolink:Protein,7
biolink:SmallMolecule,biolink:physically_interacts_with,biolink:Disease,7
biolink:PhysicalEntity,biolink:related_to,biolink:OrganismTaxon,7
biolink:Activity,biolink:precedes,biolink:PhysiologicalProcess,7
biolink:Device,biolink:related_to,biolink:Cohort,7
biolink:Activity,biolink:subclass_of,biolink:AnatomicalEntity,7
biolink:Activity,biolink:precedes,biolink:MolecularActivity,7
biolink:Disease,biolink:precedes,biolink:AnatomicalEntity,7
biolink:Disease,biolink:precedes,biolink:ClinicalAttribute,7
biolink:Device,biolink:subclass_of,biolink:CellularComponent,7
biolink:SmallMolecule,biolink:subclass_of,biolink:GrossAnatomicalStructure,7
biolink:Device,biolink:affects,biolink:NucleicAcidEntity,7
biolink:Device,biolink:subclass_of,biolink:Phenomenon,7
biolink:ChemicalEntity,biolink:actively_involved_in,biolink:BiologicalProcess,7
biolink:ChemicalEntity,biolink:close_match,biolink:ChemicalMixture,7
biolink:ComplexMolecularMixture,biolink:negatively_correlated_with,biolink:PhenotypicFeature,7
biolink:PhysicalEntity,biolink:has_part,biolink:GrossAnatomicalStructure,7
biolink:SmallMolecule,biolink:close_match,biolink:PhysicalEntity,7
biolink:PhysicalEntity,biolink:interacts_with,biolink:Gene,7
biolink:MolecularActivity,biolink:regulates,biolink:Pathway,7
biolink:Device,biolink:located_in,biolink:Device,7
biolink:Disease,biolink:interacts_with,biolink:Disease,7
biolink:Activity,biolink:preventative_for_condition,biolink:OrganismTaxon,7
biolink:SmallMolecule,biolink:coexists_with,biolink:Cell,7
biolink:ComplexMolecularMixture,biolink:related_to,biolink:PhysicalEntity,7
biolink:MolecularEntity,biolink:same_as,biolink:Protein,7
biolink:ChemicalEntity,biolink:associated_with,biolink:Behavior,7
biolink:MolecularEntity,biolink:subclass_of,biolink:Polypeptide,7
biolink:DiseaseOrPhenotypicFeature,biolink:subclass_of,biolink:NamedThing,7
biolink:Disease,biolink:manifestation_of,biolink:Gene,7
biolink:PhenotypicFeature,biolink:subclass_of,biolink:IndividualOrganism,7
biolink:Disease,biolink:exacerbates_condition,biolink:Procedure,7
biolink:Disease,biolink:causes,biolink:Publication,7
biolink:SmallMolecule,biolink:contraindicated_in,biolink:InformationContentEntity,7
biolink:PhysicalEntity,biolink:causes,biolink:InformationContentEntity,7
biolink:Publication,biolink:treats_or_applied_or_studied_to_treat,biolink:Human,7
biolink:ChemicalEntity,biolink:disrupts,biolink:ChemicalEntity,7
biolink:Disease,biolink:associated_with,biolink:Polypeptide,7
biolink:Agent,biolink:coexists_with,biolink:Procedure,7
biolink:ChemicalEntity,biolink:diagnoses,biolink:PhenotypicFeature,7
biolink:Publication,biolink:subclass_of,biolink:ClinicalAttribute,7
biolink:MolecularActivity,biolink:has_input,biolink:Device,7
biolink:PhysiologicalProcess,biolink:affects,biolink:NamedThing,7
biolink:SmallMolecule,biolink:located_in,biolink:Device,7
biolink:MolecularActivity,biolink:treats_or_applied_or_studied_to_treat,biolink:BiologicalEntity,7
biolink:Disease,biolink:associated_with,biolink:Phenomenon,7
biolink:Device,biolink:diagnoses,biolink:ChemicalEntity,7
biolink:MolecularActivity,biolink:derives_from,biolink:SmallMolecule,7
biolink:BiologicalProcess,biolink:coexists_with,biolink:Gene,7
biolink:Activity,biolink:has_part,biolink:Protein,7
biolink:Drug,biolink:has_metabolite,biolink:MolecularMixture,7
biolink:ComplexMolecularMixture,biolink:interacts_with,biolink:Food,7
biolink:MolecularActivity,biolink:disrupts,biolink:CellularComponent,7
biolink:Activity,biolink:affects,biolink:GrossAnatomicalStructure,7
biolink:Transcript,biolink:translates_to,biolink:Gene,7
biolink:Drug,biolink:exacerbates_condition,biolink:Phenomenon,7
biolink:Device,biolink:interacts_with,biolink:Phenomenon,6
biolink:NamedThing,biolink:related_to,biolink:PopulationOfIndividualOrganisms,6
biolink:NamedThing,biolink:related_to,biolink:Protein,6
biolink:ChemicalMixture,biolink:related_to,biolink:Gene,6
biolink:GeneFamily,biolink:regulates,biolink:MolecularActivity,6
biolink:NucleicAcidEntity,biolink:affects,biolink:ComplexMolecularMixture,6
biolink:Protein,biolink:acts_upstream_of_negative_effect,biolink:Pathway,6
biolink:GeneFamily,biolink:positively_correlated_with,biolink:Disease,6
biolink:Activity,biolink:has_input,biolink:PhysiologicalProcess,6
biolink:SmallMolecule,biolink:precedes,biolink:InformationContentEntity,6
biolink:NucleicAcidEntity,biolink:affects,biolink:Device,6
biolink:Gene,biolink:precedes,biolink:Procedure,6
biolink:NamedThing,biolink:subclass_of,biolink:Behavior,6
biolink:Gene,biolink:interacts_with,biolink:InformationContentEntity,6
biolink:ClinicalAttribute,biolink:associated_with,biolink:MolecularActivity,6
biolink:Protein,biolink:close_match,biolink:Food,6
biolink:AnatomicalEntity,biolink:occurs_in,biolink:Human,6
biolink:Disease,biolink:precedes,biolink:GrossAnatomicalStructure,6
biolink:Gene,biolink:produces,biolink:OrganismTaxon,6
biolink:Cell,biolink:located_in,biolink:CellularComponent,6
biolink:CellularComponent,biolink:subclass_of,biolink:Phenomenon,6
biolink:Protein,biolink:close_match,biolink:MolecularActivity,6
biolink:SmallMolecule,biolink:occurs_in,biolink:Cell,6
biolink:Protein,biolink:associated_with,biolink:Cell,6
biolink:Gene,biolink:subclass_of,biolink:MolecularEntity,6
biolink:Phenomenon,biolink:treats_or_applied_or_studied_to_treat,biolink:Cohort,6
biolink:Disease,biolink:negatively_correlated_with,biolink:Disease,6
biolink:PhenotypicFeature,biolink:affects,biolink:NucleicAcidEntity,6
biolink:CellularComponent,biolink:close_match,biolink:Device,6
biolink:AnatomicalEntity,biolink:interacts_with,biolink:Gene,6
biolink:AnatomicalEntity,biolink:related_to,biolink:Agent,6
biolink:Protein,biolink:close_match,biolink:CellularComponent,6
biolink:Disease,biolink:predisposes_to_condition,biolink:NucleicAcidEntity,6
biolink:OrganismTaxon,biolink:located_in,biolink:Cohort,6
biolink:ChemicalMixture,biolink:interacts_with,biolink:ComplexMolecularMixture,6
biolink:OrganismTaxon,biolink:positively_correlated_with,biolink:Disease,6
biolink:SmallMolecule,biolink:predisposes_to_condition,biolink:ClinicalAttribute,6
biolink:Activity,biolink:causes,biolink:Procedure,6
biolink:GeographicLocation,biolink:subclass_of,biolink:Activity,6
biolink:SmallMolecule,biolink:superclass_of,biolink:MolecularMixture,6
biolink:Disease,biolink:close_match,biolink:Cell,6
biolink:PhenotypicFeature,biolink:close_match,biolink:MolecularActivity,6
biolink:Procedure,biolink:interacts_with,biolink:ChemicalEntity,6
biolink:PhenotypicFeature,biolink:close_match,biolink:PopulationOfIndividualOrganisms,6
biolink:Procedure,biolink:has_part,biolink:ComplexMolecularMixture,6
biolink:PhenotypicFeature,biolink:close_match,biolink:Protein,6
biolink:GrossAnatomicalStructure,biolink:associated_with,biolink:Behavior,6
biolink:GrossAnatomicalStructure,biolink:associated_with,biolink:BiologicalProcess,6
biolink:NamedThing,biolink:has_participant,biolink:CellLine,6
biolink:GrossAnatomicalStructure,biolink:associated_with,biolink:Procedure,6
biolink:PhenotypicFeature,biolink:coexists_with,biolink:Food,6
biolink:Behavior,biolink:has_part,biolink:ChemicalEntity,6
biolink:GrossAnatomicalStructure,biolink:close_match,biolink:OrganismTaxon,6
biolink:CellularComponent,biolink:disrupts,biolink:GrossAnatomicalStructure,6
biolink:NamedThing,biolink:has_input,biolink:Protein,6
biolink:PhenotypicFeature,biolink:coexists_with,biolink:PathologicalProcess,6
biolink:NamedThing,biolink:has_input,biolink:NamedThing,6
biolink:Procedure,biolink:exacerbates_condition,biolink:BiologicalEntity,6
biolink:Procedure,biolink:diagnoses,biolink:PathologicalProcess,6
biolink:GrossAnatomicalStructure,biolink:has_part,biolink:BiologicalProcess,6
biolink:ChemicalExposure,biolink:interacts_with,biolink:Gene,6
biolink:Disease,biolink:associated_with,biolink:Cohort,6
biolink:GeographicLocation,biolink:related_to,biolink:Phenomenon,6
biolink:GeographicLocation,biolink:related_to,biolink:Activity,6
biolink:ChemicalMixture,biolink:chemically_similar_to,biolink:SmallMolecule,6
biolink:GenomicEntity,biolink:disrupts,biolink:DiseaseOrPhenotypicFeature,6
biolink:AnatomicalEntity,biolink:subclass_of,biolink:Drug,6
biolink:Device,biolink:located_in,biolink:PhysicalEntity,6
biolink:Pathway,biolink:contributes_to,biolink:BiologicalProcess,6
biolink:SmallMolecule,biolink:produces,biolink:ComplexMolecularMixture,6
biolink:Activity,biolink:diagnoses,biolink:PopulationOfIndividualOrganisms,6
biolink:Pathway,biolink:causes,biolink:BiologicalProcess,6
biolink:Procedure,biolink:subclass_of,biolink:Agent,6
biolink:Device,biolink:preventative_for_condition,biolink:BiologicalEntity,6
biolink:Gene,biolink:interacts_with,biolink:ChemicalExposure,6
biolink:Disease,biolink:has_part,biolink:ComplexMolecularMixture,6
biolink:Disease,biolink:has_input,biolink:ChemicalEntity,6
biolink:ChemicalMixture,biolink:has_part,biolink:ChemicalMixture,6
biolink:Procedure,biolink:precedes,biolink:Gene,6
biolink:GenomicEntity,biolink:has_part,biolink:MolecularMixture,6
biolink:GenomicEntity,biolink:has_phenotype,biolink:Gene,6
biolink:Behavior,biolink:causes,biolink:BiologicalProcess,6
biolink:Procedure,biolink:produces,biolink:MolecularMixture,6
biolink:CellularComponent,biolink:coexists_with,biolink:PhenotypicFeature,6
biolink:Behavior,biolink:close_match,biolink:BiologicalProcess,6
biolink:ChemicalMixture,biolink:coexists_with,biolink:MolecularMixture,6
biolink:Disease,biolink:disrupts,biolink:Procedure,6
biolink:NamedThing,biolink:occurs_in,biolink:PhenotypicFeature,6
biolink:Device,biolink:related_to,biolink:IndividualOrganism,6
biolink:NamedThing,biolink:occurs_in,biolink:Human,6
biolink:Pathway,biolink:negatively_correlated_with,biolink:PhenotypicFeature,6
biolink:AnatomicalEntity,biolink:has_input,biolink:GrossAnatomicalStructure,6
biolink:CellularComponent,biolink:causes,biolink:Pathway,6
biolink:Cell,biolink:subclass_of,biolink:PhenotypicFeature,6
biolink:ComplexMolecularMixture,biolink:interacts_with,biolink:Polypeptide,6
biolink:Cohort,biolink:has_input,biolink:SmallMolecule,6
biolink:Drug,biolink:contraindicated_in,biolink:Drug,6
biolink:EnvironmentalProcess,biolink:subclass_of,biolink:NamedThing,6
biolink:Protein,biolink:related_to,biolink:DiseaseOrPhenotypicFeature,6
biolink:Phenomenon,biolink:located_in,biolink:Disease,6
biolink:Protein,biolink:related_to,biolink:Cohort,6
biolink:Activity,biolink:subclass_of,biolink:BiologicalEntity,6
biolink:Event,biolink:related_to,biolink:Behavior,6
biolink:Drug,biolink:contraindicated_in,biolink:Behavior,6
biolink:Protein,biolink:regulates,biolink:GeneFamily,6
biolink:AnatomicalEntity,biolink:affects,biolink:DiseaseOrPhenotypicFeature,6
biolink:Phenomenon,biolink:located_in,biolink:PhysicalEntity,6
biolink:Drug,biolink:correlated_with,biolink:NamedThing,6
biolink:ComplexMolecularMixture,biolink:located_in,biolink:Human,6
biolink:Cell,biolink:subclass_of,biolink:PhysicalEntity,6
biolink:Cohort,biolink:diagnoses,biolink:GrossAnatomicalStructure,6
biolink:Drug,biolink:coexists_with,biolink:GrossAnatomicalStructure,6
biolink:Food,biolink:coexists_with,biolink:Gene,6
biolink:Phenomenon,biolink:occurs_in,biolink:Cell,6
biolink:NucleicAcidEntity,biolink:interacts_with,biolink:ComplexMolecularMixture,6
biolink:Food,biolink:derives_from,biolink:Food,6
biolink:GrossAnatomicalStructure,biolink:interacts_with,biolink:Cohort,6
biolink:Cell,biolink:associated_with,biolink:PhenotypicFeature,6
biolink:Activity,biolink:related_to,biolink:GeographicLocation,6
biolink:Protein,biolink:precedes,biolink:Activity,6
biolink:ComplexMolecularMixture,biolink:interacts_with,biolink:NucleicAcidEntity,6
biolink:Cohort,biolink:located_in,biolink:Agent,6
biolink:Disease,biolink:produces,biolink:Food,6
biolink:Publication,biolink:diagnoses,biolink:Activity,6
biolink:NucleicAcidEntity,biolink:treats_or_applied_or_studied_to_treat,biolink:GrossAnatomicalStructure,6
biolink:Drug,biolink:has_participant,biolink:BiologicalProcess,6
biolink:Publication,biolink:related_to,biolink:Human,6
biolink:Phenomenon,biolink:causes,biolink:InformationContentEntity,6
biolink:Publication,biolink:related_to,biolink:MolecularMixture,6
biolink:Publication,biolink:has_input,biolink:PhenotypicFeature,6
biolink:Drug,biolink:physically_interacts_with,biolink:Gene,6
biolink:Phenomenon,biolink:coexists_with,biolink:AnatomicalEntity,6
biolink:ComplexMolecularMixture,biolink:affects,biolink:OrganismTaxon,6
biolink:NucleicAcidEntity,biolink:related_to,biolink:PhysicalEntity,6
biolink:Publication,biolink:diagnoses,biolink:BiologicalProcess,6
biolink:Publication,biolink:related_to,biolink:PhysiologicalProcess,6
biolink:Drug,biolink:produces,biolink:ComplexMolecularMixture,6
biolink:NucleicAcidEntity,biolink:predisposes_to_condition,biolink:InformationContentEntity,6
biolink:Publication,biolink:affects,biolink:GrossAnatomicalStructure,6
biolink:Publication,biolink:affects,biolink:Gene,6
biolink:OrganismTaxon,biolink:affects,biolink:OrganismTaxon,6
biolink:ComplexMolecularMixture,biolink:interacts_with,biolink:ChemicalMixture,6
biolink:Activity,biolink:treats_or_applied_or_studied_to_treat,biolink:IndividualOrganism,6
biolink:Cohort,biolink:subclass_of,biolink:AnatomicalEntity,6
biolink:Phenomenon,biolink:has_input,biolink:InformationContentEntity,6
biolink:Agent,biolink:related_to,biolink:AnatomicalEntity,6
biolink:Cohort,biolink:related_to,biolink:Drug,6
biolink:Drug,biolink:derives_from,biolink:AnatomicalEntity,6
biolink:Agent,biolink:related_to,biolink:ClinicalAttribute,6
biolink:Drug,biolink:correlated_with,biolink:PhenotypicFeature,6
biolink:Drug,biolink:close_match,biolink:NucleicAcidEntity,6
biolink:Cohort,biolink:coexists_with,biolink:PhenotypicFeature,6
biolink:Cell,biolink:causes,biolink:PhenotypicFeature,6
biolink:Device,biolink:close_match,biolink:ChemicalMixture,6
biolink:DiseaseOrPhenotypicFeature,biolink:related_to,biolink:DiseaseOrPhenotypicFeature,6
biolink:SmallMolecule,biolink:derives_from,biolink:PhysicalEntity,6
biolink:Protein,biolink:exacerbates_condition,biolink:PhysiologicalProcess,6
biolink:Phenomenon,biolink:related_to,biolink:Polypeptide,6
biolink:Cell,biolink:positively_correlated_with,biolink:BiologicalProcess,6
biolink:Gene,biolink:directly_physically_interacts_with,biolink:MolecularMixture,6
biolink:Protein,biolink:disrupts,biolink:Pathway,6
biolink:Disease,biolink:treats_or_applied_or_studied_to_treat,biolink:PopulationOfIndividualOrganisms,6
biolink:Disease,biolink:treats_or_applied_or_studied_to_treat,biolink:OrganismTaxon,6
biolink:Cell,biolink:occurs_in,biolink:PopulationOfIndividualOrganisms,6
biolink:Device,biolink:causes,biolink:Phenomenon,6
biolink:Protein,biolink:disrupts,biolink:Gene,6
biolink:AnatomicalEntity,biolink:exacerbates_condition,biolink:PhenotypicFeature,6
biolink:Food,biolink:interacts_with,biolink:ComplexMolecularMixture,6
biolink:SmallMolecule,biolink:has_member,biolink:Drug,6
biolink:ClinicalAttribute,biolink:has_input,biolink:PhysicalEntity,6
biolink:Protein,biolink:diagnoses,biolink:PhenotypicFeature,6
biolink:Phenomenon,biolink:subclass_of,biolink:GeographicLocation,6
biolink:Device,biolink:close_match,biolink:InformationContentEntity,6
biolink:Gene,biolink:has_part,biolink:OrganismTaxon,6
biolink:Disease,biolink:subclass_of,biolink:BiologicalEntity,6
biolink:Disease,biolink:related_to,biolink:Polypeptide,6
biolink:ClinicalAttribute,biolink:exacerbates_condition,biolink:Disease,6
biolink:ClinicalAttribute,biolink:disrupts,biolink:Cell,6
biolink:Device,biolink:coexists_with,biolink:Procedure,6
biolink:Gene,biolink:interacts_with,biolink:AnatomicalEntity,6
biolink:Gene,biolink:coexists_with,biolink:InformationContentEntity,6
biolink:NucleicAcidEntity,biolink:causes,biolink:Procedure,6
biolink:AnatomicalEntity,biolink:derives_from,biolink:ChemicalEntity,6
biolink:DiseaseOrPhenotypicFeature,biolink:related_to,biolink:Protein,6
biolink:AnatomicalEntity,biolink:associated_with,biolink:NucleicAcidEntity,6
biolink:OrganismTaxon,biolink:close_match,biolink:Protein,6
biolink:Food,biolink:interacts_with,biolink:Polypeptide,6
biolink:Activity,biolink:produces,biolink:MolecularMixture,6
biolink:ComplexMolecularMixture,biolink:related_to,biolink:NucleicAcidEntity,6
biolink:Cell,biolink:treats_or_applied_or_studied_to_treat,biolink:PhenotypicFeature,6
biolink:Food,biolink:predisposes_to_condition,biolink:ClinicalAttribute,6
biolink:SmallMolecule,biolink:contraindicated_in,biolink:AnatomicalEntity,6
biolink:Cell,biolink:close_match,biolink:GrossAnatomicalStructure,6
biolink:Food,biolink:related_to,biolink:ComplexMolecularMixture,6
biolink:AnatomicalEntity,biolink:causes,biolink:Phenomenon,6
biolink:Protein,biolink:has_part,biolink:OrganismTaxon,6
biolink:OrganismTaxon,biolink:disrupts,biolink:MolecularActivity,6
biolink:NucleicAcidEntity,biolink:coexists_with,biolink:Food,6
biolink:CellularComponent,biolink:affects,biolink:ChemicalEntity,6
biolink:ClinicalAttribute,biolink:related_to,biolink:Agent,6
biolink:Protein,biolink:has_input,biolink:NucleicAcidEntity,6
biolink:OrganismTaxon,biolink:disrupts,biolink:Phenomenon,6
biolink:OrganismTaxon,biolink:has_input,biolink:Device,6
biolink:ClinicalAttribute,biolink:produces,biolink:ChemicalEntity,6
biolink:Protein,biolink:has_input,biolink:ComplexMolecularMixture,6
biolink:ClinicalAttribute,biolink:predisposes_to_condition,biolink:InformationContentEntity,6
biolink:Phenomenon,biolink:related_to,biolink:GeographicLocation,6
biolink:Protein,biolink:genetically_associated_with,biolink:Behavior,6
biolink:Gene,biolink:coexists_with,biolink:AnatomicalEntity,6
biolink:Cohort,biolink:diagnoses,biolink:AnatomicalEntity,6
biolink:CellularComponent,biolink:subclass_of,biolink:PhysicalEntity,6
biolink:MolecularMixture,biolink:regulates,biolink:BiologicalProcess,6
biolink:Polypeptide,biolink:affects,biolink:NamedThing,6
biolink:BiologicalProcess,biolink:located_in,biolink:Disease,6
biolink:BiologicalProcess,biolink:located_in,biolink:ComplexMolecularMixture,6
biolink:MolecularMixture,biolink:treats_or_applied_or_studied_to_treat,biolink:Behavior,6
biolink:MolecularMixture,biolink:treats_or_applied_or_studied_to_treat,biolink:Activity,6
biolink:MolecularMixture,biolink:superclass_of,biolink:SmallMolecule,6
biolink:MolecularMixture,biolink:superclass_of,biolink:ChemicalEntity,6
biolink:Polypeptide,biolink:close_match,biolink:InformationContentEntity,6
biolink:PhenotypicFeature,biolink:located_in,biolink:Activity,6
biolink:BiologicalProcess,biolink:has_participant,biolink:RNAProduct,6
biolink:InformationContentEntity,biolink:located_in,biolink:Gene,6
biolink:CellularComponent,biolink:occurs_in,biolink:Cohort,6
biolink:IndividualOrganism,biolink:affects,biolink:Drug,6
biolink:InformationContentEntity,biolink:occurs_in,biolink:NamedThing,6
biolink:BiologicalEntity,biolink:manifestation_of,biolink:PhysiologicalProcess,6
biolink:ChemicalEntity,biolink:located_in,biolink:Protein,6
biolink:InformationContentEntity,biolink:predisposes_to_condition,biolink:AnatomicalEntity,6
biolink:PhysiologicalProcess,biolink:related_to,biolink:Polypeptide,6
biolink:InformationContentEntity,biolink:preventative_for_condition,biolink:InformationContentEntity,6
biolink:ChemicalEntity,biolink:has_part,biolink:ChemicalMixture,6
biolink:PhysiologicalProcess,biolink:occurs_in,biolink:CellularComponent,6
biolink:PhenotypicFeature,biolink:manifestation_of,biolink:Gene,6
biolink:InformationContentEntity,biolink:treats_or_applied_or_studied_to_treat,biolink:DiseaseOrPhenotypicFeature,6
biolink:Polypeptide,biolink:interacts_with,biolink:OrganismTaxon,6
biolink:Polypeptide,biolink:interacts_with,biolink:PhenotypicFeature,6
biolink:MolecularMixture,biolink:treats_or_applied_or_studied_to_treat,biolink:DiseaseOrPhenotypicFeature,6
biolink:InformationContentEntity,biolink:coexists_with,biolink:Behavior,6
biolink:IndividualOrganism,biolink:close_match,biolink:NamedThing,6
biolink:IndividualOrganism,biolink:close_match,biolink:Publication,6
biolink:PopulationOfIndividualOrganisms,biolink:interacts_with,biolink:PhenotypicFeature,6
biolink:IndividualOrganism,biolink:has_input,biolink:Procedure,6
biolink:NamedThing,biolink:causes,biolink:PhysicalEntity,6
biolink:Behavior,biolink:related_to,biolink:Protein,6
biolink:IndividualOrganism,biolink:occurs_in,biolink:Cohort,6
biolink:IndividualOrganism,biolink:related_to,biolink:Device,6
biolink:NamedThing,biolink:associated_with,biolink:SmallMolecule,6
biolink:IndividualOrganism,biolink:subclass_of,biolink:Phenomenon,6
biolink:InformationContentEntity,biolink:affects,biolink:BiologicalEntity,6
biolink:PopulationOfIndividualOrganisms,biolink:affects,biolink:PhenotypicFeature,6
biolink:PopulationOfIndividualOrganisms,biolink:affects,biolink:Disease,6
biolink:InformationContentEntity,biolink:associated_with,biolink:ChemicalEntity,6
biolink:BiologicalProcess,biolink:manifestation_of,biolink:PhenotypicFeature,6
biolink:InformationContentEntity,biolink:associated_with,biolink:NucleicAcidEntity,6
biolink:Polypeptide,biolink:subclass_of,biolink:CellularComponent,6
biolink:NamedThing,biolink:affects,biolink:BiologicalEntity,6
biolink:Polypeptide,biolink:related_to,biolink:PhysiologicalProcess,6
biolink:NamedThing,biolink:affects,biolink:Activity,6
biolink:Polypeptide,biolink:related_to,biolink:NamedThing,6
biolink:InformationContentEntity,biolink:treats_or_applied_or_studied_to_treat,biolink:Human,6
biolink:PhenotypicFeature,biolink:manifestation_of,biolink:NamedThing,6
biolink:BiologicalEntity,biolink:related_to,biolink:Transcript,6
biolink:MolecularActivity,biolink:related_to,biolink:Activity,6
biolink:PhysicalEntity,biolink:has_input,biolink:Activity,6
biolink:PhysicalEntity,biolink:develops_from,biolink:PhysicalEntity,6
biolink:ChemicalEntity,biolink:causes,biolink:Event,6
biolink:MolecularActivity,biolink:treats_or_applied_or_studied_to_treat,biolink:GrossAnatomicalStructure,6
biolink:MolecularActivity,biolink:treats_or_applied_or_studied_to_treat,biolink:Human,6
biolink:PhysicalEntity,biolink:close_match,biolink:ChemicalEntity,6
biolink:PhysicalEntity,biolink:affects,biolink:MolecularMixture,6
biolink:PhysicalEntity,biolink:affects,biolink:InformationContentEntity,6
biolink:PhysicalEntity,biolink:affects,biolink:AnatomicalEntity,6
biolink:MolecularMixture,biolink:disrupts,biolink:OrganismTaxon,6
biolink:ChemicalEntity,biolink:associated_with,biolink:GrossAnatomicalStructure,6
biolink:ChemicalEntity,biolink:applied_to_treat,biolink:Procedure,6
biolink:MolecularMixture,biolink:associated_with,biolink:NamedThing,6
biolink:MolecularMixture,biolink:causes,biolink:Behavior,6
biolink:ChemicalEntity,biolink:affects,biolink:Pathway,6
biolink:MolecularMixture,biolink:derives_from,biolink:Gene,6
biolink:MolecularMixture,biolink:coexists_with,biolink:CellularComponent,6
biolink:CellularComponent,biolink:treats_or_applied_or_studied_to_treat,biolink:Cell,6
biolink:CellularComponent,biolink:target_for,biolink:Disease,6
biolink:BiologicalProcess,biolink:has_input,biolink:ChemicalMixture,6
biolink:MolecularMixture,biolink:contraindicated_in,biolink:NamedThing,6
biolink:PhysicalEntity,biolink:has_input,biolink:GeographicLocation,6
biolink:BiologicalProcess,biolink:close_match,biolink:Activity,6
biolink:PhysiologicalProcess,biolink:located_in,biolink:Agent,6
biolink:PhysicalEntity,biolink:in_taxon,biolink:PhysicalEntity,6
biolink:ChemicalEntity,biolink:has_input,biolink:Gene,6
biolink:PhenotypicFeature,biolink:manifestation_of,biolink:Protein,6
biolink:MolecularActivity,biolink:associated_with,biolink:PhenotypicFeature,6
biolink:ChemicalEntity,biolink:disrupts,biolink:SmallMolecule,6
biolink:PhysiologicalProcess,biolink:close_match,biolink:PhenotypicFeature,6
biolink:MolecularMixture,biolink:physically_interacts_with,biolink:Drug,6
biolink:MolecularMixture,biolink:negatively_correlated_with,biolink:Disease,6
biolink:BiologicalProcess,biolink:has_part,biolink:Disease,6
biolink:PhysiologicalProcess,biolink:causes,biolink:MolecularActivity,6
biolink:MolecularActivity,biolink:coexists_with,biolink:Gene,6
biolink:MolecularActivity,biolink:derives_from,biolink:Drug,6
biolink:MolecularActivity,biolink:has_input,biolink:RNAProduct,6
biolink:PhysicalEntity,biolink:treats_or_applied_or_studied_to_treat,biolink:Behavior,6
biolink:MolecularActivity,biolink:has_participant,biolink:Polypeptide,6
biolink:PhysicalEntity,biolink:subclass_of,biolink:GrossAnatomicalStructure,6
biolink:MolecularActivity,biolink:interacts_with,biolink:Polypeptide,6
biolink:MolecularMixture,biolink:interacts_with,biolink:CellularComponent,6
biolink:MolecularActivity,biolink:occurs_in,biolink:Polypeptide,6
biolink:MolecularActivity,biolink:precedes,biolink:Activity,6
biolink:MolecularActivity,biolink:precedes,biolink:Pathway,6
biolink:PhysicalEntity,biolink:located_in,biolink:PhysicalEntity,6
biolink:PopulationOfIndividualOrganisms,biolink:occurs_in,biolink:Human,6
biolink:GrossAnatomicalStructure,biolink:occurs_in,biolink:PopulationOfIndividualOrganisms,6
biolink:ChemicalEntity,biolink:superclass_of,biolink:MolecularMixture,6
biolink:Behavior,biolink:related_to,biolink:Event,6
biolink:GrossAnatomicalStructure,biolink:predisposes_to_condition,biolink:PhenotypicFeature,6
biolink:Human,biolink:related_to,biolink:Publication,6
biolink:PopulationOfIndividualOrganisms,biolink:subclass_of,biolink:Activity,6
biolink:Behavior,biolink:produces,biolink:Cohort,6
biolink:NamedThing,biolink:correlated_with,biolink:Drug,6
biolink:GrossAnatomicalStructure,biolink:produces,biolink:Disease,6
biolink:PopulationOfIndividualOrganisms,biolink:related_to,biolink:NamedThing,6
biolink:Procedure,biolink:affects,biolink:Publication,6
biolink:NamedThing,biolink:contraindicated_in,biolink:MolecularMixture,6
biolink:Behavior,biolink:has_input,biolink:SmallMolecule,5
biolink:PhysiologicalProcess,biolink:causes,biolink:ClinicalAttribute,5
biolink:ChemicalEntity,biolink:disrupts,biolink:MolecularMixture,5
biolink:Drug,biolink:has_part,biolink:PhenotypicFeature,5
biolink:Phenomenon,biolink:close_match,biolink:Disease,5
biolink:ComplexMolecularMixture,biolink:close_match,biolink:Phenomenon,5
biolink:Drug,biolink:has_part,biolink:Gene,5
biolink:ComplexMolecularMixture,biolink:derives_from,biolink:MolecularMixture,5
biolink:NamedThing,biolink:close_match,biolink:Drug,5
biolink:ComplexMolecularMixture,biolink:close_match,biolink:Activity,5
biolink:OrganismTaxon,biolink:affects,biolink:Activity,5
biolink:Drug,biolink:located_in,biolink:ComplexMolecularMixture,5
biolink:NucleicAcidEntity,biolink:subclass_of,biolink:Procedure,5
biolink:ComplexMolecularMixture,biolink:causes,biolink:BiologicalEntity,5
biolink:Cell,biolink:affects,biolink:Drug,5
biolink:NamedThing,biolink:coexists_with,biolink:Phenomenon,5
biolink:Publication,biolink:has_part,biolink:GrossAnatomicalStructure,5
biolink:Drug,biolink:negatively_correlated_with,biolink:Protein,5
biolink:PhysiologicalProcess,biolink:close_match,biolink:ClinicalAttribute,5
biolink:NucleicAcidEntity,biolink:subclass_of,biolink:Drug,5
biolink:MolecularActivity,biolink:close_match,biolink:InformationContentEntity,5
biolink:Agent,biolink:has_part,biolink:MolecularMixture,5
biolink:Publication,biolink:has_input,biolink:Behavior,5
biolink:MolecularActivity,biolink:close_match,biolink:Drug,5
biolink:Cell,biolink:affects,biolink:GrossAnatomicalStructure,5
biolink:Drug,biolink:has_member,biolink:Device,5
biolink:Drug,biolink:has_member,biolink:OrganismTaxon,5
biolink:Cell,biolink:produces,biolink:Food,5
biolink:SmallMolecule,biolink:ameliorates_condition,biolink:Disease,5
biolink:OrganismTaxon,biolink:close_match,biolink:Disease,5
biolink:MolecularActivity,biolink:occurs_in,biolink:Behavior,5
biolink:ComplexMolecularMixture,biolink:negatively_correlated_with,biolink:Disease,5
biolink:Cell,biolink:affects,biolink:SmallMolecule,5
biolink:MolecularActivity,biolink:negatively_correlated_with,biolink:BiologicalProcess,5
biolink:ChemicalEntity,biolink:coexists_with,biolink:PopulationOfIndividualOrganisms,5
biolink:ComplexMolecularMixture,biolink:located_in,biolink:ChemicalEntity,5
biolink:BiologicalProcess,biolink:has_output,biolink:PhysicalEntity,5
biolink:PhenotypicFeature,biolink:precedes,biolink:PhysiologicalProcess,5
biolink:Activity,biolink:subclass_of,biolink:Food,5
biolink:PhenotypicFeature,biolink:precedes,biolink:Phenomenon,5
biolink:GrossAnatomicalStructure,biolink:associated_with,biolink:PopulationOfIndividualOrganisms,5
biolink:Phenomenon,biolink:causes,biolink:PathologicalProcess,5
biolink:Behavior,biolink:has_part,biolink:AnatomicalEntity,5
biolink:Activity,biolink:treats_or_applied_or_studied_to_treat,biolink:NucleicAcidEntity,5
biolink:MolecularActivity,biolink:has_participant,biolink:GeneFamily,5
biolink:ComplexMolecularMixture,biolink:interacts_with,biolink:Cell,5
biolink:ComplexMolecularMixture,biolink:has_part,biolink:ChemicalEntity,5
biolink:Publication,biolink:treats_or_applied_or_studied_to_treat,biolink:Activity,5
biolink:Agent,biolink:close_match,biolink:InformationContentEntity,5
biolink:BiologicalProcess,biolink:affects,biolink:Device,5
biolink:MolecularActivity,biolink:disrupts,biolink:Phenomenon,5
biolink:ComplexMolecularMixture,biolink:disrupts,biolink:CellularComponent,5
biolink:Publication,biolink:related_to,biolink:GenomicEntity,5
biolink:Publication,biolink:diagnoses,biolink:Cohort,5
biolink:PhysiologicalProcess,biolink:close_match,biolink:Gene,5
biolink:Procedure,biolink:has_part,biolink:Gene,5
biolink:PhenotypicFeature,biolink:disrupts,biolink:Activity,5
biolink:Cohort,biolink:has_part,biolink:Procedure,5
biolink:GeographicLocation,biolink:subclass_of,biolink:IndividualOrganism,5
biolink:Protein,biolink:same_as,biolink:Disease,5
biolink:Phenomenon,biolink:interacts_with,biolink:Polypeptide,5
biolink:MolecularMixture,biolink:produces,biolink:GenomicEntity,5
biolink:BiologicalEntity,biolink:related_to,biolink:OrganismTaxon,5
biolink:Agent,biolink:subclass_of,biolink:NamedThing,5
biolink:BiologicalEntity,biolink:related_to,biolink:InformationContentEntity,5
biolink:BiologicalProcess,biolink:temporally_related_to,biolink:LifeStage,5
biolink:Procedure,biolink:affects,biolink:MolecularMixture,5
biolink:Event,biolink:occurs_in,biolink:PhenotypicFeature,5
biolink:PhysiologicalProcess,biolink:occurs_in,biolink:InformationContentEntity,5
biolink:Event,biolink:predisposes_to_condition,biolink:Disease,5
biolink:CellularComponent,biolink:preventative_for_condition,biolink:Disease,5
biolink:Protein,biolink:related_to,biolink:Behavior,5
biolink:Event,biolink:related_to,biolink:Phenomenon,5
biolink:PhenotypicFeature,biolink:manifestation_of,biolink:Behavior,5
biolink:Protein,biolink:regulates,biolink:Drug,5
biolink:InformationContentEntity,biolink:related_to,biolink:MolecularEntity,5
biolink:ChemicalEntity,biolink:interacts_with,biolink:Disease,5
biolink:AnatomicalEntity,biolink:affects,biolink:Gene,5
biolink:Cohort,biolink:has_input,biolink:IndividualOrganism,5
biolink:Phenomenon,biolink:manifestation_of,biolink:Disease,5
biolink:Protein,biolink:produces,biolink:InformationContentEntity,5
biolink:Cohort,biolink:diagnoses,biolink:Procedure,5
biolink:PhysiologicalProcess,biolink:related_to,biolink:CellularComponent,5
biolink:Food,biolink:coexists_with,biolink:PhenotypicFeature,5
biolink:InformationContentEntity,biolink:produces,biolink:MolecularMixture,5
biolink:InformationContentEntity,biolink:treats_or_applied_or_studied_to_treat,biolink:Activity,5
biolink:PhysiologicalProcess,biolink:manifestation_of,biolink:BiologicalProcess,5
biolink:MolecularMixture,biolink:positively_correlated_with,biolink:PhenotypicFeature,5
biolink:PhenotypicFeature,biolink:close_match,biolink:Drug,5
biolink:ChemicalEntity,biolink:coexists_with,biolink:Disease,5
biolink:MolecularActivity,biolink:causes,biolink:InformationContentEntity,5
biolink:Publication,biolink:close_match,biolink:Procedure,5
biolink:Agent,biolink:has_part,biolink:Polypeptide,5
biolink:ComplexMolecularMixture,biolink:affects,biolink:BiologicalEntity,5
biolink:MolecularActivity,biolink:affects,biolink:NamedThing,5
biolink:PhysiologicalProcess,biolink:has_participant,biolink:Polypeptide,5
biolink:Publication,biolink:affects,biolink:DiseaseOrPhenotypicFeature,5
biolink:CellularComponent,biolink:produces,biolink:Disease,5
biolink:Procedure,biolink:interacts_with,biolink:Drug,5
biolink:Behavior,biolink:predisposes_to_condition,biolink:DiseaseOrPhenotypicFeature,5
biolink:CellularComponent,biolink:produces,biolink:Device,5
biolink:MolecularMixture,biolink:preventative_for_condition,biolink:AnatomicalEntity,5
biolink:NucleicAcidEntity,biolink:produces,biolink:NucleicAcidEntity,5
biolink:MolecularActivity,biolink:affects,biolink:Agent,5
biolink:Agent,biolink:produces,biolink:PhysicalEntity,5
biolink:PhysiologicalProcess,biolink:located_in,biolink:AnatomicalEntity,5
biolink:GrossAnatomicalStructure,biolink:related_to,biolink:MolecularMixture,5
biolink:BiologicalEntity,biolink:related_to,biolink:Protein,5
biolink:ChemicalEntity,biolink:has_member,biolink:Cell,5
biolink:Cohort,biolink:produces,biolink:Procedure,5
biolink:Agent,biolink:related_to,biolink:ChemicalEntity,5
biolink:Behavior,biolink:predisposes_to_condition,biolink:InformationContentEntity,5
biolink:Protein,biolink:subclass_of,biolink:GrossAnatomicalStructure,5
biolink:Agent,biolink:related_to,biolink:Phenomenon,5
biolink:Protein,biolink:subclass_of,biolink:Disease,5
biolink:Cohort,biolink:located_in,biolink:AnatomicalEntity,5
biolink:SmallMolecule,biolink:applied_to_treat,biolink:BiologicalProcess,5
biolink:Drug,biolink:close_match,biolink:MolecularActivity,5
biolink:ChemicalMixture,biolink:affects,biolink:NucleicAcidEntity,5
biolink:PathologicalProcess,biolink:occurs_in,biolink:Cohort,5
biolink:OrganismTaxon,biolink:related_to,biolink:BiologicalEntity,5
biolink:PathologicalProcess,biolink:subclass_of,biolink:PhenotypicFeature,5
biolink:SmallMolecule,biolink:regulates,biolink:MolecularEntity,5
biolink:SmallMolecule,biolink:regulates,biolink:GeneFamily,5
biolink:PhenotypicFeature,biolink:subclass_of,biolink:MolecularActivity,5
biolink:Disease,biolink:has_part,biolink:Procedure,5
biolink:Disease,biolink:has_participant,biolink:AnatomicalEntity,5
biolink:Cell,biolink:has_part,biolink:Publication,5
biolink:GrossAnatomicalStructure,biolink:physically_interacts_with,biolink:Cell,5
biolink:ChemicalEntity,biolink:associated_with,biolink:Activity,5
biolink:MolecularMixture,biolink:affects,biolink:Cohort,5
biolink:Activity,biolink:diagnoses,biolink:Procedure,5
biolink:ChemicalEntity,biolink:associated_with,biolink:Gene,5
biolink:Pathway,biolink:has_input,biolink:MolecularMixture,5
biolink:MolecularMixture,biolink:disrupts,biolink:ClinicalAttribute,5
biolink:Procedure,biolink:close_match,biolink:Phenomenon,5
biolink:OrganismTaxon,biolink:physically_interacts_with,biolink:Protein,5
biolink:Device,biolink:located_in,biolink:ChemicalEntity,5
biolink:OrganismTaxon,biolink:occurs_in,biolink:Publication,5
biolink:ChemicalEntity,biolink:associated_with,biolink:Phenomenon,5
biolink:Cell,biolink:interacts_with,biolink:ComplexMolecularMixture,5
biolink:Cell,biolink:derives_from,biolink:Cell,5
biolink:Device,biolink:interacts_with,biolink:InformationContentEntity,5
biolink:Device,biolink:interacts_with,biolink:Food,5
biolink:SmallMolecule,biolink:positively_correlated_with,biolink:AnatomicalEntity,5
biolink:CellularComponent,biolink:related_to,biolink:PhysiologicalProcess,5
biolink:SmallMolecule,biolink:physically_interacts_with,biolink:MolecularMixture,5
biolink:Disease,biolink:has_input,biolink:Procedure,5
biolink:CellularComponent,biolink:subclass_of,biolink:Disease,5
biolink:PhysicalEntity,biolink:related_to,biolink:GeographicLocation,5
biolink:MolecularMixture,biolink:associated_with,biolink:AnatomicalEntity,5
biolink:Disease,biolink:associated_with,biolink:ClinicalAttribute,5
biolink:OrganismTaxon,biolink:subclass_of,biolink:PhenotypicFeature,5
biolink:BiologicalProcess,biolink:positively_correlated_with,biolink:AnatomicalEntity,5
biolink:PhenotypicFeature,biolink:related_to,biolink:GeographicLocation,5
biolink:Disease,biolink:affects,biolink:Polypeptide,5
biolink:OrganismTaxon,biolink:subclass_of,biolink:ClinicalAttribute,5
biolink:GrossAnatomicalStructure,biolink:located_in,biolink:Disease,5
biolink:Activity,biolink:affects,biolink:NamedThing,5
biolink:Disease,biolink:causes,biolink:DiseaseOrPhenotypicFeature,5
biolink:MolecularMixture,biolink:coexists_with,biolink:ChemicalMixture,5
biolink:BiologicalProcess,biolink:has_input,biolink:Behavior,5
biolink:SmallMolecule,biolink:treats,biolink:BiologicalProcess,5
biolink:SmallMolecule,biolink:transcribed_from,biolink:Protein,5
biolink:OrganismTaxon,biolink:treats_or_applied_or_studied_to_treat,biolink:Human,5
biolink:Disease,biolink:close_match,biolink:OrganismTaxon,5
biolink:PhenotypicFeature,biolink:related_to,biolink:Polypeptide,5
biolink:BiologicalProcess,biolink:exacerbates_condition,biolink:Disease,5
biolink:SmallMolecule,biolink:subclass_of,biolink:Gene,5
biolink:OrganismTaxon,biolink:related_to,biolink:NucleicAcidEntity,5
biolink:MolecularMixture,biolink:causes,biolink:PhysiologicalProcess,5
biolink:Device,biolink:subclass_of,biolink:Agent,5
biolink:Activity,biolink:close_match,biolink:IndividualOrganism,5
biolink:PathologicalProcess,biolink:close_match,biolink:InformationContentEntity,5
biolink:Activity,biolink:coexists_with,biolink:Agent,5
biolink:MolecularMixture,biolink:capable_of,biolink:Protein,5
biolink:MolecularMixture,biolink:associated_with,biolink:ClinicalAttribute,5
biolink:Disease,biolink:exacerbates_condition,biolink:Gene,5
biolink:Device,biolink:has_part,biolink:NucleicAcidEntity,5
biolink:Cell,biolink:coexists_with,biolink:SmallMolecule,5
biolink:Disease,biolink:occurs_in,biolink:CellularComponent,5
biolink:Activity,biolink:has_input,biolink:Disease,5
biolink:DiseaseOrPhenotypicFeature,biolink:predisposes_to_condition,biolink:Behavior,5
biolink:Cell,biolink:positively_correlated_with,biolink:PhenotypicFeature,5
biolink:PhenotypicFeature,biolink:predisposes_to_condition,biolink:PopulationOfIndividualOrganisms,5
biolink:NamedThing,biolink:has_part,biolink:Cell,5
biolink:MolecularActivity,biolink:related_to,biolink:NamedThing,5
biolink:Activity,biolink:precedes,biolink:Publication,5
biolink:NamedThing,biolink:has_part,biolink:CellLine,5
biolink:Pathway,biolink:related_to,biolink:PhenotypicFeature,5
biolink:Cell,biolink:close_match,biolink:PhenotypicFeature,5
biolink:OrganismTaxon,biolink:disrupts,biolink:PhenotypicFeature,5
biolink:Procedure,biolink:has_input,biolink:Disease,5
biolink:OrganismTaxon,biolink:disrupts,biolink:GrossAnatomicalStructure,5
biolink:Activity,biolink:predisposes_to_condition,biolink:InformationContentEntity,5
biolink:Pathway,biolink:subclass_of,biolink:PhysiologicalProcess,5
biolink:ChemicalEntity,biolink:close_match,biolink:GenomicEntity,5
biolink:PhysicalEntity,biolink:located_in,biolink:PopulationOfIndividualOrganisms,5
biolink:Behavior,biolink:has_part,biolink:Cell,5
biolink:ComplexMolecularMixture,biolink:subclass_of,biolink:Device,5
biolink:CellularComponent,biolink:related_to,biolink:GenomicEntity,5
biolink:SmallMolecule,biolink:causes,biolink:NucleicAcidEntity,5
biolink:Drug,biolink:causes,biolink:PopulationOfIndividualOrganisms,5
biolink:ComplexMolecularMixture,biolink:related_to,biolink:ChemicalMixture,5
biolink:PhysicalEntity,biolink:related_to,biolink:ComplexMolecularMixture,5
biolink:Drug,biolink:close_match,biolink:Activity,5
biolink:Activity,biolink:related_to,biolink:CellularComponent,5
biolink:SmallMolecule,biolink:capable_of,biolink:Protein,5
biolink:NucleicAcidEntity,biolink:interacts_with,biolink:ChemicalMixture,5
biolink:DiseaseOrPhenotypicFeature,biolink:close_match,biolink:Phenomenon,5
biolink:DiseaseOrPhenotypicFeature,biolink:close_match,biolink:BiologicalProcess,5
biolink:ChemicalEntity,biolink:causes,biolink:PopulationOfIndividualOrganisms,5
biolink:Disease,biolink:regulates,biolink:BiologicalProcess,5
biolink:PhysicalEntity,biolink:affects,biolink:GrossAnatomicalStructure,5
biolink:MolecularMixture,biolink:disrupts,biolink:Polypeptide,5
biolink:ChemicalMixture,biolink:affects,biolink:Gene,5
biolink:Device,biolink:has_input,biolink:Food,5
biolink:MolecularEntity,biolink:related_to,biolink:BiologicalEntity,5
biolink:Cell,biolink:located_in,biolink:Cohort,5
biolink:GrossAnatomicalStructure,biolink:precedes,biolink:AnatomicalEntity,5
biolink:MolecularMixture,biolink:exacerbates_condition,biolink:BiologicalProcess,5
biolink:Activity,biolink:has_part,biolink:AnatomicalEntity,5
biolink:OrganismTaxon,biolink:interacts_with,biolink:Polypeptide,5
biolink:PhysicalEntity,biolink:close_match,biolink:InformationContentEntity,5
biolink:PhenotypicFeature,biolink:produces,biolink:Gene,5
biolink:Cell,biolink:coexists_with,biolink:Drug,5
biolink:Pathway,biolink:regulates,biolink:Pathway,5
biolink:SmallMolecule,biolink:interacts_with,biolink:ClinicalAttribute,5
biolink:Disease,biolink:related_to,biolink:GeographicLocation,5
biolink:Disease,biolink:related_to,biolink:PathologicalProcess,5
biolink:NamedThing,biolink:has_member,biolink:NamedThing,5
biolink:Disease,biolink:subclass_of,biolink:Gene,5
biolink:ChemicalEntity,biolink:causes,biolink:CellularComponent,5
biolink:SmallMolecule,biolink:has_part,biolink:AnatomicalEntity,5
biolink:Disease,biolink:subclass_of,biolink:NucleicAcidEntity,5
biolink:OrganismTaxon,biolink:has_part,biolink:Publication,5
biolink:PhysicalEntity,biolink:composed_primarily_of,biolink:ChemicalEntity,5
biolink:ChemicalMixture,biolink:affects,biolink:GrossAnatomicalStructure,5
biolink:SmallMolecule,biolink:exacerbates_condition,biolink:BiologicalEntity,5
biolink:PhysiologicalProcess,biolink:related_to,biolink:IndividualOrganism,5
biolink:Publication,biolink:affects,biolink:AnatomicalEntity,5
biolink:BiologicalProcess,biolink:has_participant,biolink:NucleicAcidEntity,5
biolink:Behavior,biolink:close_match,biolink:PopulationOfIndividualOrganisms,5
biolink:InformationContentEntity,biolink:coexists_with,biolink:MolecularMixture,5
biolink:BiologicalProcess,biolink:predisposes_to_condition,biolink:BiologicalProcess,5
biolink:AnatomicalEntity,biolink:has_part,biolink:BiologicalProcess,5
biolink:Polypeptide,biolink:produces,biolink:SmallMolecule,5
biolink:NucleicAcidEntity,biolink:interacts_with,biolink:CellularComponent,5
biolink:BiologicalProcess,biolink:related_to,biolink:MolecularMixture,5
biolink:Polypeptide,biolink:related_to,biolink:Disease,5
biolink:ChemicalEntity,biolink:preventative_for_condition,biolink:BiologicalProcess,5
biolink:Human,biolink:has_part,biolink:OrganismTaxon,5
biolink:PopulationOfIndividualOrganisms,biolink:related_to,biolink:Human,5
biolink:Gene,biolink:located_in,biolink:Device,5
biolink:ClinicalAttribute,biolink:causes,biolink:InformationContentEntity,5
biolink:Human,biolink:produces,biolink:PhysicalEntity,5
biolink:Phenomenon,biolink:subclass_of,biolink:SmallMolecule,5
biolink:CellularComponent,biolink:close_match,biolink:Disease,5
biolink:GenomicEntity,biolink:related_to,biolink:CellularComponent,5
biolink:Gene,biolink:occurs_in,biolink:ChemicalEntity,5
biolink:InformationContentEntity,biolink:associated_with,biolink:InformationContentEntity,5
biolink:AnatomicalEntity,biolink:located_in,biolink:MolecularMixture,5
biolink:InformationContentEntity,biolink:associated_with,biolink:Drug,5
biolink:Polypeptide,biolink:subclass_of,biolink:NucleicAcidEntity,5
biolink:Gene,biolink:predisposes_to_condition,biolink:BiologicalProcess,5
biolink:Protein,biolink:chemically_similar_to,biolink:Drug,5
biolink:NamedThing,biolink:superclass_of,biolink:PhysiologicalProcess,5
biolink:AnatomicalEntity,biolink:occurs_in,biolink:Disease,5
biolink:ClinicalAttribute,biolink:disrupts,biolink:BiologicalProcess,5
biolink:InformationContentEntity,biolink:coexists_with,biolink:NucleicAcidEntity,5
biolink:Polypeptide,biolink:close_match,biolink:BiologicalProcess,5
biolink:ChemicalEntity,biolink:related_to,biolink:Agent,5
biolink:Polypeptide,biolink:close_match,biolink:Procedure,5
biolink:NucleicAcidEntity,biolink:close_match,biolink:BiologicalProcess,5
biolink:MolecularMixture,biolink:subclass_of,biolink:PhysicalEntity,5
biolink:PhenotypicFeature,biolink:interacts_with,biolink:MolecularMixture,5
biolink:BiologicalEntity,biolink:has_member,biolink:PhysicalEntity,5
biolink:InformationContentEntity,biolink:has_input,biolink:Polypeptide,5
biolink:Gene,biolink:correlated_with,biolink:Gene,5
biolink:InformationContentEntity,biolink:has_input,biolink:PhenotypicFeature,5
biolink:Gene,biolink:decreases_response_to,biolink:Protein,5
biolink:ClinicalAttribute,biolink:manifestation_of,biolink:PhenotypicFeature,5
biolink:BiologicalProcess,biolink:related_to,biolink:PopulationOfIndividualOrganisms,5
biolink:GeographicLocation,biolink:close_match,biolink:InformationContentEntity,5
biolink:InformationContentEntity,biolink:has_input,biolink:AnatomicalEntity,5
biolink:ClinicalAttribute,biolink:located_in,biolink:OrganismTaxon,5
biolink:Gene,biolink:disrupts,biolink:DiseaseOrPhenotypicFeature,5
biolink:InformationContentEntity,biolink:disrupts,biolink:AnatomicalEntity,5
biolink:Phenomenon,biolink:subclass_of,biolink:AnatomicalEntity,5
biolink:Polypeptide,biolink:has_part,biolink:NucleicAcidEntity,5
biolink:ClinicalAttribute,biolink:has_part,biolink:Gene,5
biolink:AnatomicalEntity,biolink:has_input,biolink:ChemicalEntity,5
biolink:NucleicAcidEntity,biolink:associated_with,biolink:BiologicalProcess,5
biolink:Phenomenon,biolink:subclass_of,biolink:Device,5
biolink:Phenomenon,biolink:subclass_of,biolink:DiseaseOrPhenotypicFeature,5
biolink:GenomicEntity,biolink:subclass_of,biolink:ClinicalAttribute,5
biolink:Gene,biolink:has_input,biolink:Gene,5
biolink:AnatomicalEntity,biolink:occurs_in,biolink:GrossAnatomicalStructure,5
biolink:NamedThing,biolink:affects,biolink:InformationContentEntity,5
biolink:NamedThing,biolink:affects,biolink:MolecularActivity,5
biolink:Human,biolink:related_to,biolink:AnatomicalEntity,5
biolink:Procedure,biolink:treats_or_applied_or_studied_to_treat,biolink:Device,5
biolink:PhenotypicFeature,biolink:has_input,biolink:Gene,5
biolink:NamedThing,biolink:related_to,biolink:MolecularActivity,5
biolink:AnatomicalEntity,biolink:subclass_of,biolink:Food,5
biolink:GenomicEntity,biolink:biomarker_for,biolink:PhenotypicFeature,5
biolink:GenomicEntity,biolink:causes,biolink:Behavior,5
biolink:PopulationOfIndividualOrganisms,biolink:has_part,biolink:PhysicalEntity,5
biolink:Human,biolink:related_to,biolink:PopulationOfIndividualOrganisms,5
biolink:CellularComponent,biolink:has_part,biolink:MolecularActivity,5
biolink:GenomicEntity,biolink:close_match,biolink:ChemicalEntity,5
biolink:IndividualOrganism,biolink:diagnoses,biolink:Disease,5
biolink:IndividualOrganism,biolink:coexists_with,biolink:Disease,5
biolink:Procedure,biolink:subclass_of,biolink:ClinicalIntervention,5
biolink:GenomicEntity,biolink:coexists_with,biolink:CellularComponent,5
biolink:Procedure,biolink:subclass_of,biolink:ChemicalMixture,5
biolink:GenomicEntity,biolink:interacts_with,biolink:InformationContentEntity,5
biolink:GenomicEntity,biolink:interacts_with,biolink:CellularComponent,5
biolink:PhenotypicFeature,biolink:has_input,biolink:BiologicalProcess,5
biolink:GenomicEntity,biolink:derives_from,biolink:GenomicEntity,5
biolink:GenomicEntity,biolink:derives_from,biolink:NucleicAcidEntity,5
biolink:AnatomicalEntity,biolink:treats_or_applied_or_studied_to_treat,biolink:InformationContentEntity,5
biolink:ChemicalMixture,biolink:interacts_with,biolink:ChemicalMixture,5
biolink:NamedThing,biolink:produces,biolink:AnatomicalEntity,5
biolink:Behavior,biolink:affects,biolink:MolecularActivity,5
biolink:PhenotypicFeature,biolink:exacerbates_condition,biolink:AnatomicalEntity,5
biolink:Behavior,biolink:related_to,biolink:SmallMolecule,5
biolink:ChemicalMixture,biolink:predisposes_to_condition,biolink:PhenotypicFeature,5
biolink:Procedure,biolink:produces,biolink:BiologicalProcess,5
biolink:Procedure,biolink:preventative_for_condition,biolink:Event,5
biolink:Protein,biolink:capable_of,biolink:Drug,5
biolink:BehavioralFeature,biolink:close_match,biolink:Disease,5
biolink:ClinicalAttribute,biolink:affects,biolink:PhysiologicalProcess,5
biolink:Polypeptide,biolink:treats_or_applied_or_studied_to_treat,biolink:CellularComponent,5
biolink:InformationContentEntity,biolink:affects,biolink:MolecularMixture,5
biolink:ChemicalMixture,biolink:treats_or_applied_or_studied_to_treat,biolink:PopulationOfIndividualOrganisms,5
biolink:Procedure,biolink:preventative_for_condition,biolink:Activity,5
biolink:Gene,biolink:subclass_of,biolink:NamedThing,5
biolink:Gene,biolink:subclass_of,biolink:PhenotypicFeature,5
biolink:PhenotypicFeature,biolink:has_input,biolink:Publication,5
biolink:GenomicEntity,biolink:produces,biolink:ComplexMolecularMixture,5
biolink:GeneFamily,biolink:affects,biolink:SmallMolecule,5
biolink:GenomicEntity,biolink:affects,biolink:Activity,5
biolink:AnatomicalEntity,biolink:produces,biolink:OrganismTaxon,5
biolink:PopulationOfIndividualOrganisms,biolink:close_match,biolink:PhenotypicFeature,5
biolink:IndividualOrganism,biolink:subclass_of,biolink:PhysicalEntity,5
biolink:PopulationOfIndividualOrganisms,biolink:related_to,biolink:BiologicalProcess,5
biolink:Behavior,biolink:treats_or_applied_or_studied_to_treat,biolink:Behavior,5
biolink:Protein,biolink:acts_upstream_of_or_within_positive_effect,biolink:Pathway,5
biolink:BiologicalProcess,biolink:preventative_for_condition,biolink:PhenotypicFeature,5
biolink:IndividualOrganism,biolink:related_to,biolink:PhysiologicalProcess,5
biolink:AnatomicalEntity,biolink:related_to,biolink:Human,5
biolink:GeneFamily,biolink:subclass_of,biolink:MolecularEntity,5
biolink:PhenotypicFeature,biolink:affects,biolink:Publication,5
biolink:AnatomicalEntity,biolink:contributes_to,biolink:Disease,5
biolink:Procedure,biolink:coexists_with,biolink:SmallMolecule,5
biolink:Protein,biolink:located_in,biolink:BiologicalProcess,5
biolink:Gene,biolink:affects,biolink:PopulationOfIndividualOrganisms,5
biolink:ChemicalEntity,biolink:same_as,biolink:Protein,5
biolink:InformationContentEntity,biolink:interacts_with,biolink:InformationContentEntity,5
biolink:Phenomenon,biolink:precedes,biolink:Procedure,5
biolink:PhysiologicalProcess,biolink:subclass_of,biolink:Pathway,5
biolink:Protein,biolink:positively_correlated_with,biolink:Pathway,5
biolink:MolecularMixture,biolink:related_to,biolink:GrossAnatomicalStructure,5
biolink:ClinicalAttribute,biolink:produces,biolink:SmallMolecule,5
biolink:Food,biolink:treats_or_applied_or_studied_to_treat,biolink:BiologicalEntity,5
biolink:AnatomicalEntity,biolink:close_match,biolink:Publication,5
biolink:Protein,biolink:negatively_correlated_with,biolink:Pathway,5
biolink:Polypeptide,biolink:chemically_similar_to,biolink:Drug,5
biolink:Cell,biolink:treats_or_applied_or_studied_to_treat,biolink:PopulationOfIndividualOrganisms,5
biolink:ClinicalAttribute,biolink:subclass_of,biolink:GrossAnatomicalStructure,5
biolink:Food,biolink:predisposes_to_condition,biolink:Behavior,5
biolink:AnatomicalEntity,biolink:associated_with,biolink:MolecularActivity,5
biolink:Cohort,biolink:close_match,biolink:NamedThing,5
biolink:Gene,biolink:affects,biolink:Pathway,5
biolink:NucleicAcidEntity,biolink:derives_from,biolink:CellularComponent,5
biolink:InformationContentEntity,biolink:interacts_with,biolink:Polypeptide,5
biolink:NucleicAcidEntity,biolink:coexists_with,biolink:OrganismTaxon,5
biolink:InformationContentEntity,biolink:located_in,biolink:Disease,5
biolink:GeographicLocation,biolink:related_to,biolink:Disease,5
biolink:Protein,biolink:has_part,biolink:GenomicEntity,5
biolink:NucleicAcidEntity,biolink:disrupts,biolink:Procedure,5
biolink:Polypeptide,biolink:associated_with,biolink:NamedThing,5
biolink:PhysiologicalProcess,biolink:superclass_of,biolink:NamedThing,5
biolink:Polypeptide,biolink:affects,biolink:DiseaseOrPhenotypicFeature,5
biolink:InformationContentEntity,biolink:interacts_with,biolink:MolecularMixture,5
biolink:GeographicLocation,biolink:related_to,biolink:PhenotypicFeature,5
biolink:Food,biolink:subclass_of,biolink:SmallMolecule,5
biolink:Gene,biolink:causes,biolink:ClinicalAttribute,5
biolink:MolecularMixture,biolink:subclass_of,biolink:Disease,5
biolink:Phenomenon,biolink:related_to,biolink:Agent,5
biolink:Gene,biolink:close_match,biolink:Device,5
biolink:Food,biolink:produces,biolink:Drug,5
biolink:InformationContentEntity,biolink:interacts_with,biolink:Gene,5
biolink:BiologicalProcess,biolink:precedes,biolink:NamedThing,5
biolink:Phenomenon,biolink:related_to,biolink:Gene,5
biolink:InformationContentEntity,biolink:occurs_in,biolink:Behavior,5
biolink:Phenomenon,biolink:related_to,biolink:Event,5
biolink:Phenomenon,biolink:regulates,biolink:Behavior,5
biolink:PhenotypicFeature,biolink:close_match,biolink:Cohort,5
biolink:Food,biolink:subclass_of,biolink:AnatomicalEntity,5
biolink:Protein,biolink:predisposes_to_condition,biolink:Gene,5
biolink:Activity,biolink:exacerbates_condition,biolink:PhenotypicFeature,4
biolink:Protein,biolink:affects,biolink:GeneFamily,4
biolink:PhenotypicFeature,biolink:treats_or_applied_or_studied_to_treat,biolink:Drug,4
biolink:BiologicalEntity,biolink:manifestation_of,biolink:MolecularActivity,4
biolink:Agent,biolink:subclass_of,biolink:Behavior,4
biolink:SmallMolecule,biolink:precedes,biolink:MolecularActivity,4
biolink:BiologicalProcess,biolink:subclass_of,biolink:Event,4
biolink:PopulationOfIndividualOrganisms,biolink:causes,biolink:PhenotypicFeature,4
biolink:PhenotypicFeature,biolink:disrupts,biolink:ClinicalAttribute,4
biolink:PhenotypicFeature,biolink:affects,biolink:Polypeptide,4
biolink:BiologicalProcess,biolink:has_input,biolink:Phenomenon,4
biolink:Procedure,biolink:located_in,biolink:GenomicEntity,4
biolink:BiologicalProcess,biolink:diagnoses,biolink:BiologicalEntity,4
biolink:Activity,biolink:has_participant,biolink:AnatomicalEntity,4
biolink:Activity,biolink:has_participant,biolink:BiologicalEntity,4
biolink:SmallMolecule,biolink:predisposes_to_condition,biolink:Procedure,4
biolink:Agent,biolink:subclass_of,biolink:Phenomenon,4
biolink:PhysiologicalProcess,biolink:superclass_of,biolink:PhysiologicalProcess,4
biolink:AnatomicalEntity,biolink:produces,biolink:GrossAnatomicalStructure,4
biolink:Activity,biolink:has_part,biolink:GrossAnatomicalStructure,4
biolink:PhenotypicFeature,biolink:produces,biolink:InformationContentEntity,4
biolink:AnatomicalEntity,biolink:produces,biolink:Food,4
biolink:Phenomenon,biolink:in_taxon,biolink:OrganismTaxon,4
biolink:Procedure,biolink:close_match,biolink:OrganismTaxon,4
biolink:AnatomicalEntity,biolink:physically_interacts_with,biolink:GrossAnatomicalStructure,4
biolink:Pathway,biolink:interacts_with,biolink:ComplexMolecularMixture,4
biolink:Protein,biolink:negatively_correlated_with,biolink:Gene,4
biolink:Activity,biolink:has_input,biolink:OrganismTaxon,4
biolink:SmallMolecule,biolink:located_in,biolink:Protein,4
biolink:Procedure,biolink:exacerbates_condition,biolink:InformationContentEntity,4
biolink:Activity,biolink:has_input,biolink:Cohort,4
biolink:Pathway,biolink:disrupts,biolink:OrganismTaxon,4
biolink:PhenotypicFeature,biolink:produces,biolink:PhenotypicFeature,4
biolink:Protein,biolink:same_as,biolink:Drug,4
biolink:Protein,biolink:located_in,biolink:PhysicalEntity,4
biolink:PhenotypicFeature,biolink:produces,biolink:PhysicalEntity,4
biolink:PhenotypicFeature,biolink:derives_from,biolink:Protein,4
biolink:PhenotypicFeature,biolink:close_match,biolink:ChemicalEntity,4
biolink:SmallMolecule,biolink:physically_interacts_with,biolink:Gene,4
biolink:AnatomicalEntity,biolink:produces,biolink:ChemicalMixture,4
biolink:Procedure,biolink:affects,biolink:Pathway,4
biolink:Behavior,biolink:treats_or_applied_or_studied_to_treat,biolink:Human,4
biolink:BiologicalProcess,biolink:regulates,biolink:AnatomicalEntity,4
biolink:Pathway,biolink:has_input,biolink:ChemicalEntity,4
biolink:PhenotypicFeature,biolink:interacts_with,biolink:Polypeptide,4
biolink:AnatomicalEntity,biolink:associated_with,biolink:OrganismTaxon,4
biolink:AnatomicalEntity,biolink:affects,biolink:Agent,4
biolink:SmallMolecule,biolink:same_as,biolink:NamedThing,4
biolink:SmallMolecule,biolink:same_as,biolink:Polypeptide,4
biolink:BiologicalProcess,biolink:positively_correlated_with,biolink:ChemicalEntity,4
biolink:BiologicalEntity,biolink:produces,biolink:MolecularMixture,4
biolink:BiologicalProcess,biolink:disrupts,biolink:PhysiologicalProcess,4
biolink:Protein,biolink:regulates,biolink:Disease,4
biolink:Activity,biolink:causes,biolink:PopulationOfIndividualOrganisms,4
biolink:Protein,biolink:precedes,biolink:InformationContentEntity,4
biolink:PhenotypicFeature,biolink:correlated_with,biolink:PhenotypicFeature,4
biolink:Protein,biolink:precedes,biolink:MolecularActivity,4
biolink:Protein,biolink:produces,biolink:MolecularActivity,4
biolink:Protein,biolink:predisposes_to_condition,biolink:Activity,4
biolink:BiologicalProcess,biolink:has_participant,biolink:InformationContentEntity,4
biolink:PhysiologicalProcess,biolink:produces,biolink:OrganismTaxon,4
biolink:AnatomicalEntity,biolink:affects,biolink:Procedure,4
biolink:OrganismTaxon,biolink:treats_or_applied_or_studied_to_treat,biolink:Agent,4
biolink:PhysiologicalProcess,biolink:related_to,biolink:Activity,4
biolink:Procedure,biolink:coexists_with,biolink:AnatomicalEntity,4
biolink:Procedure,biolink:coexists_with,biolink:Phenomenon,4
biolink:PopulationOfIndividualOrganisms,biolink:preventative_for_condition,biolink:Disease,4
biolink:PopulationOfIndividualOrganisms,biolink:produces,biolink:Drug,4
biolink:SmallMolecule,biolink:treats_or_applied_or_studied_to_treat,biolink:Protein,4
biolink:Behavior,biolink:affects,biolink:DiseaseOrPhenotypicFeature,4
biolink:Treatment,biolink:causes,biolink:Disease,4
biolink:Treatment,biolink:subclass_of,biolink:NamedThing,4
biolink:Behavior,biolink:affects,biolink:Human,4
biolink:Cell,biolink:disrupts,biolink:Disease,4
biolink:Protein,biolink:predisposes_to_condition,biolink:PhysiologicalProcess,4
biolink:OrganismTaxon,biolink:subclass_of,biolink:Phenomenon,4
biolink:Activity,biolink:close_match,biolink:Phenomenon,4
biolink:Procedure,biolink:coexists_with,biolink:Agent,4
biolink:PhysiologicalProcess,biolink:precedes,biolink:Activity,4
biolink:Activity,biolink:diagnoses,biolink:BiologicalProcess,4
biolink:PhenotypicFeature,biolink:manifestation_of,biolink:ClinicalAttribute,4
biolink:SmallMolecule,biolink:produces,biolink:Food,4
biolink:PhenotypicFeature,biolink:subclass_of,biolink:PhysicalEntity,4
biolink:Pathway,biolink:associated_with,biolink:BiologicalProcess,4
biolink:PopulationOfIndividualOrganisms,biolink:related_to,biolink:AnatomicalEntity,4
biolink:BiologicalProcess,biolink:has_participant,biolink:PhenotypicFeature,4
biolink:PhenotypicFeature,biolink:has_input,biolink:PopulationOfIndividualOrganisms,4
biolink:SmallMolecule,biolink:produces,biolink:PhenotypicFeature,4
biolink:PopulationOfIndividualOrganisms,biolink:has_part,biolink:MolecularActivity,4
biolink:PhenotypicFeature,biolink:close_match,biolink:Cell,4
biolink:BiologicalProcess,biolink:has_participant,biolink:Phenomenon,4
biolink:SmallMolecule,biolink:regulates,biolink:Pathway,4
biolink:Procedure,biolink:located_in,biolink:Cohort,4
biolink:BiologicalProcess,biolink:diagnoses,biolink:InformationContentEntity,4
biolink:Protein,biolink:regulates,biolink:GrossAnatomicalStructure,4
biolink:Activity,biolink:diagnoses,biolink:Behavior,4
biolink:Activity,biolink:diagnoses,biolink:AnatomicalEntity,4
biolink:Activity,biolink:diagnoses,biolink:Activity,4
biolink:AnatomicalEntity,biolink:related_to,biolink:PopulationOfIndividualOrganisms,4
biolink:BiologicalProcess,biolink:subclass_of,biolink:SmallMolecule,4
biolink:SmallMolecule,biolink:related_to,biolink:Cohort,4
biolink:Protein,biolink:related_to,biolink:BiologicalEntity,4
biolink:PathologicalProcess,biolink:has_participant,biolink:Disease,4
biolink:PhysiologicalProcess,biolink:subclass_of,biolink:Procedure,4
biolink:Behavior,biolink:occurs_in,biolink:Disease,4
biolink:Procedure,biolink:disrupts,biolink:Event,4
biolink:Procedure,biolink:subclass_of,biolink:PhysiologicalProcess,4
biolink:Activity,biolink:coexists_with,biolink:AnatomicalEntity,4
biolink:AnatomicalEntity,biolink:related_to,biolink:MolecularMixture,4
biolink:Protein,biolink:interacts_with,biolink:Disease,4
biolink:PhysicalEntity,biolink:close_match,biolink:PhenotypicFeature,4
biolink:PhysiologicalProcess,biolink:diagnoses,biolink:Disease,4
biolink:PhysicalEntity,biolink:treats_or_applied_or_studied_to_treat,biolink:BiologicalProcess,4
biolink:Phenomenon,biolink:associated_with,biolink:MolecularMixture,4
biolink:BiologicalProcess,biolink:has_part,biolink:InformationContentEntity,4
biolink:BiologicalProcess,biolink:overlaps,biolink:Pathway,4
biolink:BiologicalProcess,biolink:associated_with,biolink:Pathway,4
biolink:Protein,biolink:disrupts,biolink:ComplexMolecularMixture,4
biolink:PhysiologicalProcess,biolink:close_match,biolink:MolecularActivity,4
biolink:Phenomenon,biolink:associated_with,biolink:BiologicalProcess,4
biolink:Behavior,biolink:coexists_with,biolink:PhysiologicalProcess,4
biolink:BiologicalProcess,biolink:associated_with,biolink:Phenomenon,4
biolink:PhenotypicFeature,biolink:coexists_with,biolink:CellularComponent,4
biolink:BiologicalEntity,biolink:coexists_with,biolink:InformationContentEntity,4
biolink:Polypeptide,biolink:causes,biolink:PhysiologicalProcess,4
biolink:Polypeptide,biolink:interacts_with,biolink:Food,4
biolink:PhenotypicFeature,biolink:causes,biolink:Publication,4
biolink:Cell,biolink:affects,biolink:ClinicalAttribute,4
biolink:Behavior,biolink:has_part,biolink:BiologicalProcess,4
biolink:BiologicalProcess,biolink:located_in,biolink:Cohort,4
biolink:SmallMolecule,biolink:affects,biolink:Publication,4
biolink:Publication,biolink:diagnoses,biolink:Behavior,4
biolink:Behavior,biolink:coexists_with,biolink:Behavior,4
biolink:Behavior,biolink:close_match,biolink:Publication,4
biolink:Phenomenon,biolink:coexists_with,biolink:InformationContentEntity,4
biolink:Activity,biolink:related_to,biolink:Event,4
biolink:Procedure,biolink:has_part,biolink:OrganismTaxon,4
biolink:PhysicalEntity,biolink:related_to,biolink:Event,4
biolink:AnatomicalEntity,biolink:coexists_with,biolink:PhysiologicalProcess,4
biolink:Protein,biolink:derives_from,biolink:AnatomicalEntity,4
biolink:Phenomenon,biolink:subclass_of,biolink:MolecularEntity,4
biolink:SmallMolecule,biolink:actively_involved_in,biolink:BiologicalProcess,4
biolink:RNAProduct,biolink:subclass_of,biolink:NamedThing,4
biolink:Protein,biolink:has_input,biolink:PhysicalEntity,4
biolink:Polypeptide,biolink:exacerbates_condition,biolink:PhenotypicFeature,4
biolink:BiologicalProcess,biolink:interacts_with,biolink:Disease,4
biolink:BiologicalProcess,biolink:precedes,biolink:ChemicalEntity,4
biolink:Phenomenon,biolink:close_match,biolink:GeographicLocation,4
biolink:Publication,biolink:located_in,biolink:Publication,4
biolink:Polypeptide,biolink:chemically_similar_to,biolink:SmallMolecule,4
biolink:Publication,biolink:interacts_with,biolink:MolecularMixture,4
biolink:Protein,biolink:expressed_in,biolink:Polypeptide,4
biolink:Polypeptide,biolink:disrupts,biolink:Activity,4
biolink:BiologicalProcess,biolink:actively_involved_in,biolink:Activity,4
biolink:Protein,biolink:genetically_associated_with,biolink:Protein,4
biolink:Protein,biolink:exacerbates_condition,biolink:Activity,4
biolink:Agent,biolink:has_input,biolink:BiologicalProcess,4
biolink:BiologicalEntity,biolink:contributes_to,biolink:PhenotypicFeature,4
biolink:PhenotypicFeature,biolink:disease_has_location,biolink:GrossAnatomicalStructure,4
biolink:Behavior,biolink:has_input,biolink:Activity,4
biolink:Protein,biolink:drug_regulatory_status_world_wide,biolink:Disease,4
biolink:Phenomenon,biolink:causes,biolink:ClinicalAttribute,4
biolink:BiologicalProcess,biolink:affects,biolink:Food,4
biolink:BiologicalProcess,biolink:associated_with,biolink:Behavior,4
biolink:BiologicalProcess,biolink:associated_with,biolink:ChemicalMixture,4
biolink:BiologicalProcess,biolink:has_part,biolink:Activity,4
biolink:Procedure,biolink:close_match,biolink:AnatomicalEntity,4
biolink:Publication,biolink:subclass_of,biolink:Event,4
biolink:PhenotypicFeature,biolink:interacts_with,biolink:PopulationOfIndividualOrganisms,4
biolink:PhysiologicalProcess,biolink:affects,biolink:Behavior,4
biolink:Publication,biolink:subclass_of,biolink:NucleicAcidEntity,4
biolink:Publication,biolink:has_input,biolink:Gene,4
biolink:BiologicalProcess,biolink:associated_with,biolink:Food,4
biolink:Phenomenon,biolink:affects,biolink:Gene,4
biolink:SmallMolecule,biolink:causes,biolink:GrossAnatomicalStructure,4
biolink:Protein,biolink:causes,biolink:Pathway,4
biolink:AnatomicalEntity,biolink:coexists_with,biolink:Phenomenon,4
biolink:Phenomenon,biolink:has_input,biolink:Behavior,4
biolink:PhysicalEntity,biolink:has_increased_amount,biolink:ChemicalEntity,4
biolink:Procedure,biolink:has_input,biolink:Behavior,4
biolink:Behavior,biolink:close_match,biolink:NamedThing,4
biolink:Activity,biolink:precedes,biolink:ClinicalAttribute,4
biolink:SmallMolecule,biolink:disrupts,biolink:MolecularMixture,4
biolink:Pathway,biolink:regulates,biolink:Protein,4
biolink:Phenomenon,biolink:treats_or_applied_or_studied_to_treat,biolink:PopulationOfIndividualOrganisms,4
biolink:PhenotypicFeature,biolink:produces,biolink:CellularComponent,4
biolink:PhysicalEntity,biolink:derives_from,biolink:Drug,4
biolink:AnatomicalEntity,biolink:close_match,biolink:OrganismTaxon,4
biolink:BiologicalProcess,biolink:located_in,biolink:Publication,4
biolink:PhysicalEntity,biolink:derives_from,biolink:AnatomicalEntity,4
biolink:Cell,biolink:coexists_with,biolink:Cell,4
biolink:SmallMolecule,biolink:has_input,biolink:Procedure,4
biolink:Activity,biolink:located_in,biolink:NucleicAcidEntity,4
biolink:Pathway,biolink:positively_correlated_with,biolink:Drug,4
biolink:Agent,biolink:produces,biolink:Activity,4
biolink:Protein,biolink:close_match,biolink:ComplexMolecularMixture,4
biolink:Activity,biolink:located_in,biolink:MolecularMixture,4
biolink:SmallMolecule,biolink:has_metabolite,biolink:Drug,4
biolink:BiologicalProcess,biolink:has_part,biolink:CellularComponent,4
biolink:Protein,biolink:close_match,biolink:Cell,4
biolink:SmallMolecule,biolink:has_part,biolink:Gene,4
biolink:Protein,biolink:close_match,biolink:AnatomicalEntity,4
biolink:Procedure,biolink:exacerbates_condition,biolink:Phenomenon,4
biolink:PopulationOfIndividualOrganisms,biolink:related_to,biolink:ChemicalEntity,4
biolink:PhysicalEntity,biolink:close_match,biolink:SmallMolecule,4
biolink:Activity,biolink:has_participant,biolink:PhenotypicFeature,4
biolink:Protein,biolink:close_match,biolink:PhysicalEntity,4
biolink:SmallMolecule,biolink:derives_from,biolink:OrganismTaxon,4
biolink:AnatomicalEntity,biolink:located_in,biolink:ChemicalEntity,4
biolink:BiologicalEntity,biolink:affects,biolink:ClinicalAttribute,4
biolink:Protein,biolink:correlated_with,biolink:Disease,4
biolink:BiologicalProcess,biolink:has_output,biolink:PhenotypicFeature,4
biolink:Activity,biolink:produces,biolink:Cohort,4
biolink:PhysiologicalProcess,biolink:has_participant,biolink:MolecularActivity,4
biolink:PhenotypicFeature,biolink:has_participant,biolink:BiologicalProcess,4
biolink:SmallMolecule,biolink:close_match,biolink:NucleicAcidEntity,4
biolink:PhysicalEntity,biolink:related_to,biolink:AnatomicalEntity,4
biolink:Phenomenon,biolink:related_to,biolink:ComplexMolecularMixture,4
biolink:Activity,biolink:preventative_for_condition,biolink:Phenomenon,4
biolink:SmallMolecule,biolink:coexists_with,biolink:ClinicalAttribute,4
biolink:BiologicalProcess,biolink:located_in,biolink:MolecularActivity,4
biolink:SmallMolecule,biolink:coexists_with,biolink:GrossAnatomicalStructure,4
biolink:Behavior,biolink:precedes,biolink:Disease,4
biolink:SmallMolecule,biolink:contraindicated_in,biolink:ClinicalAttribute,4
biolink:Protein,biolink:has_part,biolink:Procedure,4
biolink:PhenotypicFeature,biolink:has_part,biolink:OrganismTaxon,4
biolink:PhenotypicFeature,biolink:predisposes_to_condition,biolink:Gene,4
biolink:PhysicalEntity,biolink:interacts_with,biolink:ComplexMolecularMixture,4
biolink:Cell,biolink:affects,biolink:ChemicalEntity,4
biolink:Pathway,biolink:same_as,biolink:MolecularActivity,4
biolink:AnatomicalEntity,biolink:has_part,biolink:Procedure,4
biolink:Procedure,biolink:precedes,biolink:Polypeptide,4
biolink:SmallMolecule,biolink:contributes_to,biolink:BiologicalProcess,4
biolink:Polypeptide,biolink:related_to,biolink:Phenomenon,4
biolink:Behavior,biolink:affects,biolink:PhysiologicalProcess,4
biolink:AnatomicalEntity,biolink:coexists_with,biolink:Gene,4
biolink:Activity,biolink:predisposes_to_condition,biolink:ClinicalAttribute,4
biolink:PhenotypicFeature,biolink:predisposes_to_condition,biolink:NucleicAcidEntity,4
biolink:Procedure,biolink:close_match,biolink:BiologicalProcess,4
biolink:Disease,biolink:associated_with,biolink:CellularComponent,4
biolink:MolecularActivity,biolink:affects,biolink:Food,4
biolink:Gene,biolink:associated_with,biolink:NucleicAcidEntity,4
biolink:Drug,biolink:treats_or_applied_or_studied_to_treat,biolink:Protein,4
biolink:Device,biolink:interacts_with,biolink:PhenotypicFeature,4
biolink:Gene,biolink:affects_response_to,biolink:ChemicalEntity,4
biolink:Cell,biolink:subclass_of,biolink:Procedure,4
biolink:ChemicalMixture,biolink:disrupts,biolink:Behavior,4
biolink:InformationContentEntity,biolink:associated_with,biolink:SmallMolecule,4
biolink:Gene,biolink:associated_with,biolink:AnatomicalEntity,4
biolink:ChemicalEntity,biolink:affects,biolink:Event,4
biolink:ChemicalEntity,biolink:affects,biolink:PathologicalProcess,4
biolink:Disease,biolink:interacts_with,biolink:ChemicalEntity,4
biolink:GenomicEntity,biolink:has_phenotype,biolink:Protein,4
biolink:Drug,biolink:coexists_with,biolink:ClinicalAttribute,4
biolink:InformationContentEntity,biolink:causes,biolink:AnatomicalEntity,4
biolink:GenomicEntity,biolink:interacts_with,biolink:PhenotypicFeature,4
biolink:Cohort,biolink:has_input,biolink:PopulationOfIndividualOrganisms,4
biolink:ChemicalEntity,biolink:affects,biolink:Publication,4
biolink:ChemicalMixture,biolink:disrupts,biolink:CellularComponent,4
biolink:InformationContentEntity,biolink:causes,biolink:DiseaseOrPhenotypicFeature,4
biolink:Gene,biolink:associated_with,biolink:Procedure,4
biolink:Gene,biolink:biomarker_for,biolink:InformationContentEntity,4
biolink:Drug,biolink:close_match,biolink:Publication,4
biolink:MolecularMixture,biolink:close_match,biolink:Food,4
biolink:Drug,biolink:close_match,biolink:PhenotypicFeature,4
biolink:InformationContentEntity,biolink:associated_with,biolink:MolecularActivity,4
biolink:IndividualOrganism,biolink:subclass_of,biolink:PopulationOfIndividualOrganisms,4
biolink:MolecularMixture,biolink:gene_product_of,biolink:Gene,4
biolink:GenomicEntity,biolink:related_to,biolink:OrganismTaxon,4
biolink:Event,biolink:related_to,biolink:Activity,4
biolink:Device,biolink:has_part,biolink:CellularComponent,4
biolink:Event,biolink:occurs_in,biolink:GrossAnatomicalStructure,4
biolink:InformationContentEntity,biolink:affects,biolink:DiseaseOrPhenotypicFeature,4
biolink:InformationContentEntity,biolink:affects,biolink:NamedThing,4
biolink:GenomicEntity,biolink:related_to,biolink:ComplexMolecularMixture,4
biolink:GenomicEntity,biolink:related_to,biolink:ChemicalMixture,4
biolink:Event,biolink:disrupts,biolink:BiologicalProcess,4
biolink:Cell,biolink:treats_or_applied_or_studied_to_treat,biolink:BiologicalEntity,4
biolink:ChemicalMixture,biolink:coexists_with,biolink:Device,4
biolink:MolecularMixture,biolink:contraindicated_in,biolink:AnatomicalEntity,4
biolink:Cell,biolink:temporally_related_to,biolink:AnatomicalEntity,4
biolink:EnvironmentalProcess,biolink:related_to,biolink:PhenotypicFeature,4
biolink:InformationContentEntity,biolink:associated_with,biolink:ClinicalAttribute,4
biolink:ClinicalAttribute,biolink:related_to,biolink:GeographicLocation,4
biolink:MolecularMixture,biolink:coexists_with,biolink:OrganismTaxon,4
biolink:ComplexMolecularMixture,biolink:located_in,biolink:PhenotypicFeature,4
biolink:MolecularMixture,biolink:ameliorates_condition,biolink:Disease,4
biolink:CellularComponent,biolink:related_to,biolink:MolecularMixture,4
biolink:ComplexMolecularMixture,biolink:has_member,biolink:Protein,4
biolink:Gene,biolink:coexists_with,biolink:MolecularActivity,4
biolink:NucleicAcidEntity,biolink:subclass_of,biolink:RNAProduct,4
biolink:NucleicAcidEntity,biolink:treats_or_applied_or_studied_to_treat,biolink:CellularComponent,4
biolink:Drug,biolink:similar_to,biolink:ChemicalEntity,4
biolink:ChemicalEntity,biolink:precedes,biolink:Disease,4
biolink:ChemicalEntity,biolink:precedes,biolink:Activity,4
biolink:MolecularActivity,biolink:same_as,biolink:MolecularActivity,4
biolink:ChemicalEntity,biolink:chemically_similar_to,biolink:Polypeptide,4
biolink:GenomicEntity,biolink:affects,biolink:ComplexMolecularMixture,4
biolink:Disease,biolink:exacerbates_condition,biolink:NamedThing,4
biolink:Gene,biolink:causes,biolink:NamedThing,4
biolink:InformationContentEntity,biolink:has_participant,biolink:Gene,4
biolink:OrganismTaxon,biolink:causes,biolink:PhysiologicalProcess,4
biolink:Disease,biolink:disrupts,biolink:Pathway,4
biolink:ChemicalEntity,biolink:close_match,biolink:ClinicalAttribute,4
biolink:OrganismTaxon,biolink:close_match,biolink:InformationContentEntity,4
biolink:GeneFamily,biolink:regulates,biolink:PhenotypicFeature,4
biolink:OrganismTaxon,biolink:close_match,biolink:PopulationOfIndividualOrganisms,4
biolink:Device,biolink:related_to,biolink:Cell,4
biolink:Drug,biolink:disrupts,biolink:Pathway,4
biolink:MolecularActivity,biolink:treats_or_applied_or_studied_to_treat,biolink:InformationContentEntity,4
biolink:Cohort,biolink:produces,biolink:Disease,4
biolink:InformationContentEntity,biolink:diagnoses,biolink:Procedure,4
biolink:ClinicalAttribute,biolink:precedes,biolink:Disease,4
biolink:Drug,biolink:coexists_with,biolink:PopulationOfIndividualOrganisms,4
biolink:NamedThing,biolink:diagnoses,biolink:BiologicalEntity,4
biolink:MolecularMixture,biolink:affects,biolink:PhysicalEntity,4
biolink:ChemicalEntity,biolink:associated_with,biolink:NucleicAcidEntity,4
biolink:ComplexMolecularMixture,biolink:located_in,biolink:Agent,4
biolink:MolecularEntity,biolink:subclass_of,biolink:SmallMolecule,4
biolink:MolecularEntity,biolink:subclass_of,biolink:InformationContentEntity,4
biolink:ComplexMolecularMixture,biolink:interacts_with,biolink:Pathway,4
biolink:Gene,biolink:close_match,biolink:NucleicAcidEntity,4
biolink:NucleicAcidEntity,biolink:produces,biolink:GenomicEntity,4
biolink:Cohort,biolink:predisposes_to_condition,biolink:PhenotypicFeature,4
biolink:NucleicAcidEntity,biolink:produces,biolink:MolecularMixture,4
biolink:NucleicAcidEntity,biolink:related_to,biolink:Activity,4
biolink:Drug,biolink:derives_from,biolink:OrganismTaxon,4
biolink:InformationContentEntity,biolink:diagnoses,biolink:ClinicalAttribute,4
biolink:ClinicalAttribute,biolink:precedes,biolink:Procedure,4
biolink:MolecularEntity,biolink:has_part,biolink:NucleicAcidEntity,4
biolink:Drug,biolink:derives_from,biolink:PhysicalEntity,4
biolink:ChemicalMixture,biolink:interacts_with,biolink:NucleicAcidEntity,4
biolink:Event,biolink:related_to,biolink:PhysicalEntity,4
biolink:NucleicAcidEntity,biolink:disrupts,biolink:ClinicalAttribute,4
biolink:InformationContentEntity,biolink:interacts_with,biolink:OrganismTaxon,4
biolink:Human,biolink:associated_with,biolink:Disease,4
biolink:NamedThing,biolink:affects,biolink:Human,4
biolink:Device,biolink:close_match,biolink:Gene,4
biolink:CellularComponent,biolink:interacts_with,biolink:MolecularMixture,4
biolink:GrossAnatomicalStructure,biolink:correlated_with,biolink:Disease,4
biolink:CellularComponent,biolink:interacts_with,biolink:NucleicAcidEntity,4
biolink:ClinicalAttribute,biolink:treats_or_applied_or_studied_to_treat,biolink:InformationContentEntity,4
biolink:GrossAnatomicalStructure,biolink:coexists_with,biolink:Protein,4
biolink:NamedThing,biolink:regulates,biolink:NamedThing,4
biolink:CellularComponent,biolink:coexists_with,biolink:GenomicEntity,4
biolink:GrossAnatomicalStructure,biolink:coexists_with,biolink:CellularComponent,4
biolink:GrossAnatomicalStructure,biolink:close_match,biolink:CellularComponent,4
biolink:CellularComponent,biolink:located_in,biolink:Agent,4
biolink:Human,biolink:diagnoses,biolink:Disease,4
biolink:Human,biolink:has_input,biolink:Drug,4
biolink:NamedThing,biolink:related_to,biolink:Human,4
biolink:Device,biolink:close_match,biolink:OrganismTaxon,4
biolink:CellularComponent,biolink:close_match,biolink:Publication,4
biolink:Food,biolink:derives_from,biolink:Protein,4
biolink:Human,biolink:has_input,biolink:Publication,4
biolink:Food,biolink:related_to,biolink:MolecularActivity,4
biolink:NamedThing,biolink:associated_with,biolink:ChemicalEntity,4
biolink:NamedThing,biolink:occurs_in,biolink:GrossAnatomicalStructure,4
biolink:NamedThing,biolink:occurs_in,biolink:Disease,4
biolink:GrossAnatomicalStructure,biolink:subclass_of,biolink:BiologicalProcess,4
biolink:GrossAnatomicalStructure,biolink:positively_correlated_with,biolink:Disease,4
biolink:NamedThing,biolink:derives_from,biolink:Drug,4
biolink:DiseaseOrPhenotypicFeature,biolink:close_match,biolink:PopulationOfIndividualOrganisms,4
biolink:GrossAnatomicalStructure,biolink:located_in,biolink:Agent,4
biolink:ChemicalEntity,biolink:translates_to,biolink:Protein,4
biolink:GrossAnatomicalStructure,biolink:interacts_with,biolink:Drug,4
biolink:NamedThing,biolink:coexists_with,biolink:InformationContentEntity,4
biolink:CellularComponent,biolink:disrupts,biolink:Cell,4
biolink:GrossAnatomicalStructure,biolink:has_participant,biolink:Cell,4
biolink:Food,biolink:predisposes_to_condition,biolink:Activity,4
biolink:DiseaseOrPhenotypicFeature,biolink:occurs_in,biolink:GrossAnatomicalStructure,4
biolink:NamedThing,biolink:has_phenotype,biolink:DiseaseOrPhenotypicFeature,4
biolink:Food,biolink:has_part,biolink:Device,4
biolink:NamedThing,biolink:close_match,biolink:OrganismTaxon,4
biolink:ChemicalEntity,biolink:subclass_of,biolink:RNAProduct,4
biolink:CellularComponent,biolink:has_participant,biolink:BiologicalProcess,4
biolink:NamedThing,biolink:causes,biolink:OrganismTaxon,4
biolink:NamedThing,biolink:manifestation_of,biolink:PhenotypicFeature,4
biolink:CellularComponent,biolink:has_participant,biolink:ChemicalEntity,4
biolink:Food,biolink:coexists_with,biolink:NucleicAcidEntity,4
biolink:Device,biolink:coexists_with,biolink:Food,4
biolink:ChemicalMixture,biolink:close_match,biolink:Device,4
biolink:ChemicalMixture,biolink:chemically_similar_to,biolink:ChemicalMixture,4
biolink:NucleicAcidEntity,biolink:associated_with,biolink:NucleicAcidEntity,4
biolink:Food,biolink:treats_or_applied_or_studied_to_treat,biolink:GrossAnatomicalStructure,4
biolink:Disease,biolink:preventative_for_condition,biolink:Disease,4
biolink:NucleicAcidEntity,biolink:causes,biolink:AnatomicalEntity,4
biolink:CellularComponent,biolink:produces,biolink:Food,4
biolink:GeographicLocation,biolink:related_to,biolink:Drug,4
biolink:GeographicLocation,biolink:related_to,biolink:ClinicalAttribute,4
biolink:Cohort,biolink:has_input,biolink:Agent,4
biolink:NucleicAcidEntity,biolink:close_match,biolink:GenomicEntity,4
biolink:Device,biolink:has_input,biolink:Cell,4
biolink:ClinicalAttribute,biolink:treats_or_applied_or_studied_to_treat,biolink:GrossAnatomicalStructure,4
biolink:Cohort,biolink:has_input,biolink:Food,4
biolink:CellLine,biolink:related_to,biolink:DiseaseOrPhenotypicFeature,4
biolink:Drug,biolink:causes,biolink:CellularComponent,4
biolink:IndividualOrganism,biolink:occurs_in,biolink:GrossAnatomicalStructure,4
biolink:Cohort,biolink:has_input,biolink:PhenotypicFeature,4
biolink:MolecularMixture,biolink:interacts_with,biolink:Phenomenon,4
biolink:IndividualOrganism,biolink:occurs_in,biolink:PopulationOfIndividualOrganisms,4
biolink:NucleicAcidEntity,biolink:diagnoses,biolink:Disease,4
biolink:NucleicAcidEntity,biolink:disrupts,biolink:Activity,4
biolink:Device,biolink:exacerbates_condition,biolink:Disease,4
biolink:Drug,biolink:associated_with,biolink:NucleicAcidEntity,4
biolink:ComplexMolecularMixture,biolink:subclass_of,biolink:InformationContentEntity,4
biolink:MolecularMixture,biolink:produces,biolink:NucleicAcidEntity,4
biolink:Drug,biolink:affects,biolink:PathologicalProcess,4
biolink:ChemicalMixture,biolink:affects,biolink:MolecularMixture,4
biolink:Food,biolink:subclass_of,biolink:BiologicalProcess,4
biolink:GrossAnatomicalStructure,biolink:causes,biolink:BiologicalProcess,4
biolink:Human,biolink:related_to,biolink:NamedThing,4
biolink:CellularComponent,biolink:close_match,biolink:NamedThing,4
biolink:CellularComponent,biolink:occurs_in,biolink:GrossAnatomicalStructure,4
biolink:CellularComponent,biolink:close_match,biolink:GrossAnatomicalStructure,4
biolink:Drug,biolink:applied_to_treat,biolink:OrganismTaxon,4
biolink:CellularComponent,biolink:occurs_in,biolink:PhenotypicFeature,4
biolink:NamedThing,biolink:treats_or_applied_or_studied_to_treat,biolink:InformationContentEntity,4
biolink:CellularComponent,biolink:occurs_in,biolink:PopulationOfIndividualOrganisms,4
biolink:Disease,biolink:produces,biolink:OrganismTaxon,4
biolink:Human,biolink:subclass_of,biolink:Human,4
biolink:CellularComponent,biolink:positively_correlated_with,biolink:BiologicalProcess,4
biolink:Food,biolink:causes,biolink:Procedure,4
biolink:MolecularMixture,biolink:related_to,biolink:Activity,4
biolink:CellularComponent,biolink:causes,biolink:InformationContentEntity,4
biolink:Food,biolink:causes,biolink:NamedThing,4
biolink:ChemicalEntity,biolink:physically_interacts_with,biolink:CellularComponent,4
biolink:InformationContentEntity,biolink:close_match,biolink:Activity,4
biolink:ChemicalEntity,biolink:has_metabolite,biolink:Drug,4
biolink:Gene,biolink:interacts_with,biolink:Phenomenon,4
biolink:Cell,biolink:has_part,biolink:InformationContentEntity,4
biolink:OrganismTaxon,biolink:interacts_with,biolink:ComplexMolecularMixture,4
biolink:ChemicalEntity,biolink:has_part,biolink:GenomicEntity,4
biolink:ChemicalEntity,biolink:contraindicated_in,biolink:BiologicalProcess,4
biolink:InformationContentEntity,biolink:occurs_in,biolink:Drug,4
biolink:ChemicalEntity,biolink:has_part,biolink:Disease,4
biolink:ChemicalEntity,biolink:coexists_with,biolink:ClinicalAttribute,4
biolink:Gene,biolink:gene_associated_with_condition,biolink:MolecularActivity,4
biolink:MolecularActivity,biolink:occurs_in,biolink:MolecularMixture,4
biolink:MolecularActivity,biolink:occurs_in,biolink:Publication,4
biolink:MolecularActivity,biolink:causes,biolink:Procedure,4
biolink:ChemicalEntity,biolink:drug_regulatory_status_world_wide,biolink:Disease,4
biolink:Drug,biolink:has_input,biolink:AnatomicalEntity,4
biolink:OrganismTaxon,biolink:related_to,biolink:Cell,4
biolink:Disease,biolink:associated_with,biolink:PopulationOfIndividualOrganisms,4
biolink:OrganismTaxon,biolink:has_part,biolink:MolecularActivity,4
biolink:Gene,biolink:occurs_in,biolink:SmallMolecule,4
biolink:InformationContentEntity,biolink:located_in,biolink:MolecularMixture,4
biolink:Gene,biolink:gene_associated_with_condition,biolink:DiseaseOrPhenotypicFeature,4
biolink:ChemicalEntity,biolink:exacerbates_condition,biolink:BiologicalEntity,4
biolink:Drug,biolink:physically_interacts_with,biolink:OrganismTaxon,4
biolink:MolecularActivity,biolink:associated_with,biolink:InformationContentEntity,4
biolink:Gene,biolink:occurs_in,biolink:Drug,4
biolink:Disease,biolink:contributes_to,biolink:PhenotypicFeature,4
biolink:Disease,biolink:contributes_to,biolink:SmallMolecule,4
biolink:ChemicalMixture,biolink:subclass_of,biolink:PhysicalEntity,4
biolink:InformationContentEntity,biolink:treats_or_applied_or_studied_to_treat,biolink:Cell,4
biolink:OrganismTaxon,biolink:has_input,biolink:Drug,4
biolink:GeneFamily,biolink:affects,biolink:BiologicalProcess,4
biolink:Drug,biolink:produces,biolink:Cell,4
biolink:ClinicalAttribute,biolink:associated_with,biolink:PhysiologicalProcess,4
biolink:MolecularActivity,biolink:interacts_with,biolink:Cell,4
biolink:ComplexMolecularMixture,biolink:affects,biolink:GenomicEntity,4
biolink:ChemicalEntity,biolink:diagnoses,biolink:OrganismTaxon,4
biolink:Cell,biolink:interacts_with,biolink:Device,4
biolink:MolecularActivity,biolink:has_member,biolink:Drug,4
biolink:Disease,biolink:close_match,biolink:DiseaseOrPhenotypicFeature,4
biolink:ChemicalEntity,biolink:derives_from,biolink:PhysicalEntity,4
biolink:Gene,biolink:has_part,biolink:Food,4
biolink:Drug,biolink:predisposes_to_condition,biolink:Procedure,4
biolink:ChemicalEntity,biolink:derives_from,biolink:PhenotypicFeature,4
biolink:InformationContentEntity,biolink:produces,biolink:Device,4
biolink:Disease,biolink:causes,biolink:PhysiologicalProcess,4
biolink:OrganismTaxon,biolink:manifestation_of,biolink:Disease,4
biolink:ClinicalAttribute,biolink:affects,biolink:Human,4
biolink:Drug,biolink:predisposes_to_condition,biolink:Event,4
biolink:ChemicalEntity,biolink:increases_response_to,biolink:Protein,4
biolink:OrganismTaxon,biolink:interacts_with,biolink:Food,4
biolink:InformationContentEntity,biolink:predisposes_to_condition,biolink:Behavior,4
biolink:Gene,biolink:preventative_for_condition,biolink:OrganismTaxon,4
biolink:OrganismTaxon,biolink:produces,biolink:Device,4
biolink:Drug,biolink:preventative_for_condition,biolink:Phenomenon,4
biolink:ClinicalAttribute,biolink:diagnoses,biolink:InformationContentEntity,4
biolink:MolecularActivity,biolink:has_participant,biolink:NucleicAcidEntity,4
biolink:MolecularActivity,biolink:derives_from,biolink:ChemicalEntity,4
biolink:ClinicalAttribute,biolink:affects,biolink:Agent,4
biolink:MolecularActivity,biolink:has_participant,biolink:PhysiologicalProcess,4
biolink:ComplexMolecularMixture,biolink:affects,biolink:NucleicAcidEntity,4
biolink:Cell,biolink:located_in,biolink:OrganismTaxon,4
biolink:ChemicalEntity,biolink:derives_from,biolink:AnatomicalEntity,4
biolink:ComplexMolecularMixture,biolink:close_match,biolink:AnatomicalEntity,4
biolink:MolecularActivity,biolink:associated_with,biolink:ChemicalEntity,4
biolink:Gene,biolink:related_to,biolink:AnatomicalEntity,4
biolink:ChemicalEntity,biolink:exacerbates_condition,biolink:Phenomenon,4
biolink:InformationContentEntity,biolink:interacts_with,biolink:PopulationOfIndividualOrganisms,4
biolink:OrganismTaxon,biolink:subclass_of,biolink:ComplexMolecularMixture,4
biolink:Cell,biolink:disrupts,biolink:Phenomenon,4
biolink:ChemicalEntity,biolink:has_input,biolink:Publication,4
biolink:Disease,biolink:associated_with,biolink:AnatomicalEntity,4
biolink:MolecularActivity,biolink:preventative_for_condition,biolink:OrganismTaxon,4
biolink:ChemicalEntity,biolink:close_match,biolink:MolecularActivity,4
biolink:Drug,biolink:negatively_correlated_with,biolink:SmallMolecule,4
biolink:Gene,biolink:disrupts,biolink:NamedThing,4
biolink:GeneFamily,biolink:contributes_to,biolink:Disease,4
biolink:Gene,biolink:located_in,biolink:Drug,4
biolink:OrganismTaxon,biolink:subclass_of,biolink:Activity,4
biolink:Drug,biolink:regulates,biolink:ChemicalEntity,4
biolink:Disease,biolink:applied_to_treat,biolink:MolecularMixture,4
biolink:Device,biolink:related_to,biolink:MolecularActivity,4
biolink:PopulationOfIndividualOrganisms,biolink:produces,biolink:BiologicalProcess,3
biolink:ChemicalEntity,biolink:has_part,biolink:PhysicalEntity,3
biolink:SmallMolecule,biolink:coexists_with,biolink:Disease,3
biolink:ChemicalEntity,biolink:expressed_in,biolink:Protein,3
biolink:SmallMolecule,biolink:disrupts,biolink:Gene,3
biolink:Drug,biolink:predisposes_to_condition,biolink:Behavior,3
biolink:CellularComponent,biolink:predisposes_to_condition,biolink:InformationContentEntity,3
biolink:NamedThing,biolink:coexists_with,biolink:PhysiologicalProcess,3
biolink:PhenotypicFeature,biolink:positively_correlated_with,biolink:BiologicalProcess,3
biolink:Activity,biolink:preventative_for_condition,biolink:Event,3
biolink:Food,biolink:causes,biolink:Phenomenon,3
biolink:Publication,biolink:has_input,biolink:PopulationOfIndividualOrganisms,3
biolink:NamedThing,biolink:contraindicated_in,biolink:ChemicalEntity,3
biolink:Drug,biolink:associated_with,biolink:Behavior,3
biolink:PopulationOfIndividualOrganisms,biolink:has_part,biolink:PhysiologicalProcess,3
biolink:Procedure,biolink:close_match,biolink:ComplexMolecularMixture,3
biolink:IndividualOrganism,biolink:affects,biolink:Gene,3
biolink:PopulationOfIndividualOrganisms,biolink:predisposes_to_condition,biolink:InformationContentEntity,3
biolink:ChemicalEntity,biolink:has_participant,biolink:Protein,3
biolink:PhysiologicalProcess,biolink:precedes,biolink:PhenotypicFeature,3
biolink:CellularComponent,biolink:produces,biolink:ChemicalMixture,3
biolink:PhenotypicFeature,biolink:precedes,biolink:AnatomicalEntity,3
biolink:Human,biolink:related_to,biolink:PhenotypicFeature,3
biolink:MolecularActivity,biolink:coexists_with,biolink:NucleicAcidEntity,3
biolink:InformationContentEntity,biolink:produces,biolink:PhenotypicFeature,3
biolink:Food,biolink:close_match,biolink:Procedure,3
biolink:Publication,biolink:has_part,biolink:CellularComponent,3
biolink:Drug,biolink:located_in,biolink:BiologicalProcess,3
biolink:PhenotypicFeature,biolink:located_in,biolink:Gene,3
biolink:AnatomicalEntity,biolink:associated_with,biolink:Event,3
biolink:BiologicalProcess,biolink:has_participant,biolink:PhysicalEntity,3
biolink:Food,biolink:close_match,biolink:OrganismTaxon,3
biolink:Activity,biolink:occurs_in,biolink:MolecularMixture,3
biolink:Device,biolink:causes,biolink:Behavior,3
biolink:Publication,biolink:occurs_in,biolink:PhenotypicFeature,3
biolink:PhenotypicFeature,biolink:located_in,biolink:MolecularMixture,3
biolink:PhysiologicalProcess,biolink:associated_with,biolink:Phenomenon,3
biolink:ChemicalEntity,biolink:has_part,biolink:PhenotypicFeature,3
biolink:Procedure,biolink:close_match,biolink:Behavior,3
biolink:Food,biolink:interacts_with,biolink:OrganismTaxon,3
biolink:MolecularMixture,biolink:preventative_for_condition,biolink:NamedThing,3
biolink:Food,biolink:interacts_with,biolink:PhenotypicFeature,3
biolink:Food,biolink:causes,biolink:ClinicalAttribute,3
biolink:CellularComponent,biolink:disrupts,biolink:InformationContentEntity,3
biolink:Behavior,biolink:related_to,biolink:MolecularActivity,3
biolink:Publication,biolink:derives_from,biolink:ChemicalEntity,3
biolink:Publication,biolink:located_in,biolink:PhenotypicFeature,3
biolink:NamedThing,biolink:correlated_with,biolink:MolecularMixture,3
biolink:Food,biolink:affects,biolink:Polypeptide,3
biolink:SmallMolecule,biolink:close_match,biolink:OrganismTaxon,3
biolink:ChemicalEntity,biolink:interacts_with,biolink:Procedure,3
biolink:MolecularMixture,biolink:physically_interacts_with,biolink:NucleicAcidEntity,3
biolink:Drug,biolink:capable_of,biolink:BiologicalProcess,3
biolink:MolecularMixture,biolink:negatively_correlated_with,biolink:PhenotypicFeature,3
biolink:AnatomicalEntity,biolink:affects,biolink:Human,3
biolink:ChemicalEntity,biolink:located_in,biolink:Behavior,3
biolink:ComplexMolecularMixture,biolink:subclass_of,biolink:ChemicalMixture,3
biolink:MolecularActivity,biolink:has_input,biolink:ComplexMolecularMixture,3
biolink:PopulationOfIndividualOrganisms,biolink:has_part,biolink:Publication,3
biolink:Food,biolink:affects,biolink:NucleicAcidEntity,3
biolink:Cohort,biolink:diagnoses,biolink:PhysiologicalProcess,3
biolink:Cohort,biolink:diagnoses,biolink:Phenomenon,3
biolink:DiseaseOrPhenotypicFeature,biolink:close_match,biolink:PhysicalEntity,3
biolink:MolecularActivity,biolink:disrupts,biolink:GrossAnatomicalStructure,3
biolink:DiseaseOrPhenotypicFeature,biolink:exacerbates_condition,biolink:PhenotypicFeature,3
biolink:PopulationOfIndividualOrganisms,biolink:occurs_in,biolink:InformationContentEntity,3
biolink:PhenotypicFeature,biolink:manifestation_of,biolink:Publication,3
biolink:PhenotypicFeature,biolink:diagnoses,biolink:Activity,3
biolink:GrossAnatomicalStructure,biolink:precedes,biolink:PhenotypicFeature,3
biolink:GrossAnatomicalStructure,biolink:produces,biolink:CellularComponent,3
biolink:Publication,biolink:located_in,biolink:Disease,3
biolink:CellularComponent,biolink:disrupts,biolink:MolecularActivity,3
biolink:Cohort,biolink:has_input,biolink:Cell,3
biolink:Drug,biolink:associated_with,biolink:Phenomenon,3
biolink:Drug,biolink:preventative_for_condition,biolink:Event,3
biolink:ComplexMolecularMixture,biolink:subclass_of,biolink:Disease,3
biolink:ChemicalEntity,biolink:has_input,biolink:Agent,3
biolink:IndividualOrganism,biolink:close_match,biolink:Procedure,3
biolink:MolecularActivity,biolink:disrupts,biolink:PhenotypicFeature,3
biolink:PhysiologicalProcess,biolink:produces,biolink:ComplexMolecularMixture,3
biolink:Drug,biolink:applied_to_treat,biolink:ChemicalEntity,3
biolink:Procedure,biolink:affects,biolink:Human,3
biolink:MolecularActivity,biolink:coexists_with,biolink:GrossAnatomicalStructure,3
biolink:Food,biolink:disrupts,biolink:InformationContentEntity,3
biolink:CellularComponent,biolink:interacts_with,biolink:GenomicEntity,3
biolink:PopulationOfIndividualOrganisms,biolink:treats_or_applied_or_studied_to_treat,biolink:Agent,3
biolink:Drug,biolink:physically_interacts_with,biolink:MolecularMixture,3
biolink:Behavior,biolink:regulates,biolink:BiologicalProcess,3
biolink:GrossAnatomicalStructure,biolink:superclass_of,biolink:CellularComponent,3
biolink:PopulationOfIndividualOrganisms,biolink:subclass_of,biolink:PhysicalEntity,3
biolink:Activity,biolink:precedes,biolink:Phenomenon,3
biolink:GrossAnatomicalStructure,biolink:related_to,biolink:Food,3
biolink:ChemicalEntity,biolink:related_to,biolink:PopulationOfIndividualOrganisms,3
biolink:GrossAnatomicalStructure,biolink:treats_or_applied_or_studied_to_treat,biolink:Cohort,3
biolink:PhysiologicalProcess,biolink:manifestation_of,biolink:PhysiologicalProcess,3
biolink:Drug,biolink:actively_involved_in,biolink:BiologicalProcess,3
biolink:PopulationOfIndividualOrganisms,biolink:subclass_of,biolink:NamedThing,3
biolink:BiologicalEntity,biolink:subclass_of,biolink:InformationContentEntity,3
biolink:GrossAnatomicalStructure,biolink:regulates,biolink:PhenotypicFeature,3
biolink:BiologicalProcess,biolink:occurs_in,biolink:Food,3
biolink:Device,biolink:affects,biolink:Polypeptide,3
biolink:MolecularActivity,biolink:associated_with,biolink:Protein,3
biolink:InformationContentEntity,biolink:treats_or_applied_or_studied_to_treat,biolink:Behavior,3
biolink:Behavior,biolink:predisposes_to_condition,biolink:ClinicalAttribute,3
biolink:MolecularMixture,biolink:treats_or_applied_or_studied_to_treat,biolink:Publication,3
biolink:Behavior,biolink:regulates,biolink:Behavior,3
biolink:DiseaseOrPhenotypicFeature,biolink:subclass_of,biolink:Disease,3
biolink:Food,biolink:has_input,biolink:Drug,3
biolink:PhysiologicalProcess,biolink:disrupts,biolink:PhysiologicalProcess,3
biolink:NamedThing,biolink:causes,biolink:AnatomicalEntity,3
biolink:BiologicalEntity,biolink:subclass_of,biolink:Device,3
biolink:DiseaseOrPhenotypicFeature,biolink:subclass_of,biolink:BiologicalProcess,3
biolink:Publication,biolink:has_input,biolink:Food,3
biolink:NamedThing,biolink:affects,biolink:Protein,3
biolink:SmallMolecule,biolink:derives_from,biolink:PhenotypicFeature,3
biolink:ChemicalEntity,biolink:has_member,biolink:ComplexMolecularMixture,3
biolink:GrossAnatomicalStructure,biolink:related_to,biolink:Human,3
biolink:ChemicalEntity,biolink:same_as,biolink:Polypeptide,3
biolink:NamedThing,biolink:close_match,biolink:BiologicalProcess,3
biolink:Food,biolink:exacerbates_condition,biolink:Disease,3
biolink:OrganismTaxon,biolink:subclass_of,biolink:IndividualOrganism,3
biolink:GrossAnatomicalStructure,biolink:subclass_of,biolink:PopulationOfIndividualOrganisms,3
biolink:SmallMolecule,biolink:derives_from,biolink:AnatomicalEntity,3
biolink:DiseaseOrPhenotypicFeature,biolink:subclass_of,biolink:DiseaseOrPhenotypicFeature,3
biolink:Procedure,biolink:affects,biolink:Polypeptide,3
biolink:Device,biolink:affects,biolink:NamedThing,3
biolink:MolecularActivity,biolink:associated_with,biolink:SmallMolecule,3
biolink:Publication,biolink:has_input,biolink:MolecularMixture,3
biolink:ChemicalEntity,biolink:exacerbates_condition,biolink:Activity,3
biolink:PhysiologicalProcess,biolink:has_input,biolink:Device,3
biolink:Food,biolink:coexists_with,biolink:GenomicEntity,3
biolink:MolecularMixture,biolink:subclass_of,biolink:PhysiologicalProcess,3
biolink:Food,biolink:coexists_with,biolink:Device,3
biolink:CellularComponent,biolink:manifestation_of,biolink:BiologicalProcess,3
biolink:MolecularActivity,biolink:close_match,biolink:Procedure,3
biolink:InformationContentEntity,biolink:subclass_of,biolink:Gene,3
biolink:Publication,biolink:has_input,biolink:IndividualOrganism,3
biolink:Drug,biolink:precedes,biolink:ClinicalAttribute,3
biolink:Activity,biolink:preventative_for_condition,biolink:BiologicalEntity,3
biolink:ChemicalEntity,biolink:target_for,biolink:Disease,3
biolink:BiologicalProcess,biolink:has_phenotype,biolink:Disease,3
biolink:MolecularMixture,biolink:same_as,biolink:Protein,3
biolink:Drug,biolink:affects,biolink:Publication,3
biolink:NamedThing,biolink:coexists_with,biolink:ClinicalAttribute,3
biolink:BiologicalProcess,biolink:occurs_in,biolink:Phenomenon,3
biolink:Publication,biolink:diagnoses,biolink:DiseaseOrPhenotypicFeature,3
biolink:PhysiologicalProcess,biolink:exacerbates_condition,biolink:Disease,3
biolink:Human,biolink:related_to,biolink:GrossAnatomicalStructure,3
biolink:PhenotypicFeature,biolink:interacts_with,biolink:IndividualOrganism,3
biolink:Procedure,biolink:causes,biolink:Activity,3
biolink:MolecularActivity,biolink:close_match,biolink:CellularComponent,3
biolink:Device,biolink:affects,biolink:DiseaseOrPhenotypicFeature,3
biolink:PhenotypicFeature,biolink:exacerbates_condition,biolink:BiologicalEntity,3
biolink:MolecularMixture,biolink:treats_or_applied_or_studied_to_treat,biolink:BiologicalProcess,3
biolink:Protein,biolink:positively_correlated_with,biolink:CellularComponent,3
biolink:PhenotypicFeature,biolink:interacts_with,biolink:Behavior,3
biolink:CellularComponent,biolink:located_in,biolink:ChemicalEntity,3
biolink:GrossAnatomicalStructure,biolink:regulates,biolink:Disease,3
biolink:DiseaseOrPhenotypicFeature,biolink:occurs_in,biolink:PhenotypicFeature,3
biolink:ChemicalEntity,biolink:drug_regulatory_status_world_wide,biolink:PhenotypicFeature,3
biolink:Publication,biolink:precedes,biolink:Drug,3
biolink:PhenotypicFeature,biolink:disrupts,biolink:OrganismTaxon,3
biolink:PhenotypicFeature,biolink:disrupts,biolink:PhysiologicalProcess,3
biolink:Activity,biolink:precedes,biolink:ChemicalEntity,3
biolink:InformationContentEntity,biolink:subclass_of,biolink:MolecularEntity,3
biolink:PhenotypicFeature,biolink:interacts_with,biolink:Device,3
biolink:NamedThing,biolink:close_match,biolink:Food,3
biolink:MolecularMixture,biolink:superclass_of,biolink:Drug,3
biolink:Human,biolink:has_part,biolink:Food,3
biolink:Device,biolink:affects,biolink:Behavior,3
biolink:Publication,biolink:subclass_of,biolink:BiologicalProcess,3
biolink:Behavior,biolink:treats_or_applied_or_studied_to_treat,biolink:ClinicalAttribute,3
biolink:ChemicalEntity,biolink:directly_physically_interacts_with,biolink:Gene,3
biolink:Polypeptide,biolink:has_part,biolink:CellularComponent,3
biolink:Publication,biolink:related_to,biolink:MolecularEntity,3
biolink:Activity,biolink:treats_or_applied_or_studied_to_treat,biolink:Gene,3
biolink:Drug,biolink:regulates,biolink:CellularComponent,3
biolink:Polypeptide,biolink:in_taxon,biolink:Human,3
biolink:Drug,biolink:derives_from,biolink:Procedure,3
biolink:PhysicalEntity,biolink:causes,biolink:Procedure,3
biolink:InformationContentEntity,biolink:diagnoses,biolink:PopulationOfIndividualOrganisms,3
biolink:Drug,biolink:expressed_in,biolink:GrossAnatomicalStructure,3
biolink:Polypeptide,biolink:has_part,biolink:Gene,3
biolink:PhysicalEntity,biolink:close_match,biolink:Drug,3
biolink:Polypeptide,biolink:associated_with,biolink:ClinicalAttribute,3
biolink:PhysicalEntity,biolink:associated_with,biolink:PhenotypicFeature,3
biolink:ComplexMolecularMixture,biolink:interacts_with,biolink:CellularComponent,3
biolink:MolecularActivity,biolink:precedes,biolink:Phenomenon,3
biolink:MolecularActivity,biolink:treats_or_applied_or_studied_to_treat,biolink:ClinicalAttribute,3
biolink:Protein,biolink:temporally_related_to,biolink:BiologicalProcess,3
biolink:Polypeptide,biolink:expressed_in,biolink:AnatomicalEntity,3
biolink:Agent,biolink:related_to,biolink:BiologicalProcess,3
biolink:InformationContentEntity,biolink:has_input,biolink:Cohort,3
biolink:PhysicalEntity,biolink:produces,biolink:InformationContentEntity,3
biolink:Polypeptide,biolink:disrupts,biolink:Protein,3
biolink:BiologicalEntity,biolink:coexists_with,biolink:NamedThing,3
biolink:Polypeptide,biolink:interacts_with,biolink:CellularComponent,3
biolink:BiologicalEntity,biolink:close_match,biolink:Gene,3
biolink:ChemicalEntity,biolink:precedes,biolink:Publication,3
biolink:PhysicalEntity,biolink:affects,biolink:ClinicalAttribute,3
biolink:PhenotypicFeature,biolink:treats_or_applied_or_studied_to_treat,biolink:NamedThing,3
biolink:Polypeptide,biolink:predisposes_to_condition,biolink:InformationContentEntity,3
biolink:MolecularEntity,biolink:same_as,biolink:GeneFamily,3
biolink:Drug,biolink:superclass_of,biolink:MolecularMixture,3
biolink:InformationContentEntity,biolink:coexists_with,biolink:Cell,3
biolink:PhysicalEntity,biolink:affects,biolink:Activity,3
biolink:MolecularEntity,biolink:related_to,biolink:Publication,3
biolink:MolecularActivity,biolink:positively_correlated_with,biolink:SmallMolecule,3
biolink:Protein,biolink:subclass_of,biolink:MolecularActivity,3
biolink:Polypeptide,biolink:located_in,biolink:Disease,3
biolink:PhysicalEntity,biolink:affects,biolink:ComplexMolecularMixture,3
biolink:InformationContentEntity,biolink:diagnoses,biolink:Activity,3
biolink:InformationContentEntity,biolink:coexists_with,biolink:PopulationOfIndividualOrganisms,3
biolink:Agent,biolink:related_to,biolink:GeographicLocation,3
biolink:ChemicalEntity,biolink:predisposes_to_condition,biolink:NamedThing,3
biolink:MolecularEntity,biolink:related_to,biolink:InformationContentEntity,3
biolink:Protein,biolink:subclass_of,biolink:NucleicAcidEntity,3
biolink:PhysicalEntity,biolink:related_to,biolink:ClinicalAttribute,3
biolink:Drug,biolink:derives_from,biolink:ChemicalMixture,3
biolink:Agent,biolink:related_to,biolink:Drug,3
biolink:Cohort,biolink:produces,biolink:Cell,3
biolink:InformationContentEntity,biolink:derives_from,biolink:Drug,3
biolink:BiologicalEntity,biolink:composed_primarily_of,biolink:Drug,3
biolink:Polypeptide,biolink:disrupts,biolink:DiseaseOrPhenotypicFeature,3
biolink:Drug,biolink:treats,biolink:ChemicalEntity,3
biolink:MolecularActivity,biolink:related_to,biolink:Behavior,3
biolink:MolecularActivity,biolink:precedes,biolink:SmallMolecule,3
biolink:Polypeptide,biolink:capable_of,biolink:Protein,3
biolink:Publication,biolink:subclass_of,biolink:OrganismTaxon,3
biolink:ComplexMolecularMixture,biolink:has_member,biolink:Drug,3
biolink:Drug,biolink:disrupts,biolink:Event,3
biolink:Drug,biolink:regulates,biolink:GrossAnatomicalStructure,3
biolink:Publication,biolink:subclass_of,biolink:GrossAnatomicalStructure,3
biolink:Polypeptide,biolink:close_match,biolink:Gene,3
biolink:PhysicalEntity,biolink:located_in,biolink:PhenotypicFeature,3
biolink:Drug,biolink:regulates,biolink:MolecularEntity,3
biolink:ComplexMolecularMixture,biolink:has_input,biolink:Drug,3
biolink:InformationContentEntity,biolink:has_part,biolink:MolecularMixture,3
biolink:Publication,biolink:affects,biolink:Behavior,3
biolink:Publication,biolink:subclass_of,biolink:DiseaseOrPhenotypicFeature,3
biolink:Polypeptide,biolink:close_match,biolink:Device,3
biolink:ComplexMolecularMixture,biolink:has_input,biolink:ChemicalEntity,3
biolink:ComplexMolecularMixture,biolink:exacerbates_condition,biolink:PhenotypicFeature,3
biolink:PhysicalEntity,biolink:has_part,biolink:Protein,3
biolink:InformationContentEntity,biolink:interacts_with,biolink:ClinicalAttribute,3
biolink:MolecularActivity,biolink:regulates,biolink:Protein,3
biolink:PhysicalEntity,biolink:interacts_with,biolink:ChemicalMixture,3
biolink:ChemicalEntity,biolink:close_match,biolink:Disease,3
biolink:InformationContentEntity,biolink:has_part,biolink:OrganismTaxon,3
biolink:Polypeptide,biolink:coexists_with,biolink:ComplexMolecularMixture,3
biolink:ComplexMolecularMixture,biolink:interacts_with,biolink:AnatomicalEntity,3
biolink:Drug,biolink:same_as,biolink:Device,3
biolink:ComplexMolecularMixture,biolink:increases_response_to,biolink:Protein,3
biolink:PhysicalEntity,biolink:produces,biolink:AnatomicalEntity,3
biolink:BiologicalEntity,biolink:derives_from,biolink:GrossAnatomicalStructure,3
biolink:Drug,biolink:same_as,biolink:OrganismTaxon,3
biolink:Drug,biolink:exacerbates_condition,biolink:PhysiologicalProcess,3
biolink:PhysicalEntity,biolink:derives_from,biolink:SmallMolecule,3
biolink:BiologicalProcess,biolink:close_match,biolink:Procedure,3
biolink:Publication,biolink:treats_or_applied_or_studied_to_treat,biolink:DiseaseOrPhenotypicFeature,3
biolink:Activity,biolink:treats_or_applied_or_studied_to_treat,biolink:SmallMolecule,3
biolink:InformationContentEntity,biolink:has_member,biolink:ClinicalAttribute,3
biolink:Polypeptide,biolink:derives_from,biolink:GenomicEntity,3
biolink:Cohort,biolink:subclass_of,biolink:Phenomenon,3
biolink:Cohort,biolink:related_to,biolink:OrganismTaxon,3
biolink:Publication,biolink:superclass_of,biolink:PhenotypicFeature,3
biolink:ComplexMolecularMixture,biolink:disrupts,biolink:InformationContentEntity,3
biolink:Polypeptide,biolink:coexists_with,biolink:OrganismTaxon,3
biolink:Publication,biolink:related_to,biolink:Polypeptide,3
biolink:MolecularActivity,biolink:related_to,biolink:Publication,3
biolink:PhysicalEntity,biolink:has_input,biolink:AnatomicalEntity,3
biolink:Drug,biolink:exacerbates_condition,biolink:InformationContentEntity,3
biolink:BiologicalProcess,biolink:close_match,biolink:NamedThing,3
biolink:InformationContentEntity,biolink:located_in,biolink:ChemicalEntity,3
biolink:MolecularEntity,biolink:same_as,biolink:SmallMolecule,3
biolink:ChemicalEntity,biolink:negatively_correlated_with,biolink:BiologicalProcess,3
biolink:PhenotypicFeature,biolink:precedes,biolink:ClinicalAttribute,3
biolink:ChemicalEntity,biolink:located_in,biolink:Phenomenon,3
biolink:SmallMolecule,biolink:causes,biolink:CellularComponent,3
biolink:ComplexMolecularMixture,biolink:related_to,biolink:BiologicalProcess,3
biolink:Activity,biolink:related_to,biolink:Cell,3
biolink:InformationContentEntity,biolink:produces,biolink:CellularComponent,3
biolink:MolecularMixture,biolink:disrupts,biolink:ChemicalEntity,3
biolink:Drug,biolink:preventative_for_condition,biolink:GrossAnatomicalStructure,3
biolink:ChemicalEntity,biolink:produces,biolink:ChemicalMixture,3
biolink:Polypeptide,biolink:treats_or_applied_or_studied_to_treat,biolink:InformationContentEntity,3
biolink:Publication,biolink:coexists_with,biolink:Disease,3
biolink:PhysiologicalProcess,biolink:subclass_of,biolink:Behavior,3
biolink:Agent,biolink:treats_or_applied_or_studied_to_treat,biolink:GrossAnatomicalStructure,3
biolink:Event,biolink:related_to,biolink:BiologicalProcess,3
biolink:MolecularMixture,biolink:derives_from,biolink:Food,3
biolink:ComplexMolecularMixture,biolink:decreases_response_to,biolink:Protein,3
biolink:MolecularMixture,biolink:derives_from,biolink:Device,3
biolink:InformationContentEntity,biolink:affects,biolink:PhysicalEntity,3
biolink:MolecularMixture,biolink:correlated_with,biolink:NamedThing,3
biolink:MolecularMixture,biolink:contributes_to,biolink:AnatomicalEntity,3
biolink:Drug,biolink:close_match,biolink:GenomicEntity,3
biolink:ChemicalEntity,biolink:derives_from,biolink:ChemicalMixture,3
biolink:ChemicalEntity,biolink:derives_from,biolink:CellularComponent,3
biolink:Polypeptide,biolink:subclass_of,biolink:Phenomenon,3
biolink:PopulationOfIndividualOrganisms,biolink:associated_with,biolink:Disease,3
biolink:PopulationOfIndividualOrganisms,biolink:close_match,biolink:Cohort,3
biolink:Drug,biolink:has_part,biolink:PhysicalEntity,3
biolink:ChemicalEntity,biolink:derives_from,biolink:Publication,3
biolink:ComplexMolecularMixture,biolink:coexists_with,biolink:OrganismTaxon,3
biolink:Behavior,biolink:subclass_of,biolink:AnatomicalEntity,3
biolink:Protein,biolink:regulates,biolink:AnatomicalEntity,3
biolink:PhysiologicalProcess,biolink:related_to,biolink:Drug,3
biolink:MolecularMixture,biolink:interacts_with,biolink:InformationContentEntity,3
biolink:Drug,biolink:causes,biolink:Event,3
biolink:MolecularMixture,biolink:has_side_effect,biolink:NamedThing,3
biolink:IndividualOrganism,biolink:related_to,biolink:Food,3
biolink:IndividualOrganism,biolink:related_to,biolink:GeographicLocation,3
biolink:PopulationOfIndividualOrganisms,biolink:has_input,biolink:PhenotypicFeature,3
biolink:PopulationOfIndividualOrganisms,biolink:has_input,biolink:Disease,3
biolink:CellularComponent,biolink:related_to,biolink:Phenomenon,3
biolink:SmallMolecule,biolink:causes,biolink:PopulationOfIndividualOrganisms,3
biolink:PopulationOfIndividualOrganisms,biolink:has_input,biolink:Behavior,3
biolink:PopulationOfIndividualOrganisms,biolink:has_input,biolink:Agent,3
biolink:MolecularActivity,biolink:regulates,biolink:Disease,3
biolink:Event,biolink:subclass_of,biolink:Activity,3
biolink:Behavior,biolink:treats_or_applied_or_studied_to_treat,biolink:DiseaseOrPhenotypicFeature,3
biolink:IndividualOrganism,biolink:subclass_of,biolink:PhenotypicFeature,3
biolink:MolecularMixture,biolink:has_member,biolink:Drug,3
biolink:PopulationOfIndividualOrganisms,biolink:coexists_with,biolink:Drug,3
biolink:Behavior,biolink:treats_or_applied_or_studied_to_treat,biolink:GrossAnatomicalStructure,3
biolink:PhenotypicFeature,biolink:related_to,biolink:Human,3
biolink:Publication,biolink:related_to,biolink:BiologicalEntity,3
biolink:MolecularEntity,biolink:subclass_of,biolink:Drug,3
biolink:Cohort,biolink:interacts_with,biolink:Behavior,3
biolink:ChemicalEntity,biolink:contraindicated_in,biolink:NamedThing,3
biolink:PhenotypicFeature,biolink:subclass_of,biolink:Gene,3
biolink:PhenotypicFeature,biolink:subclass_of,biolink:GeographicLocation,3
biolink:BiologicalProcess,biolink:capable_of,biolink:BiologicalProcess,3
biolink:InformationContentEntity,biolink:causes,biolink:InformationContentEntity,3
biolink:ComplexMolecularMixture,biolink:disrupts,biolink:Activity,3
biolink:InformationContentEntity,biolink:occurs_in,biolink:ChemicalEntity,3
biolink:Cohort,biolink:has_part,biolink:MolecularActivity,3
biolink:Drug,biolink:treats_or_applied_or_studied_to_treat,biolink:Device,3
biolink:Publication,biolink:affects,biolink:PopulationOfIndividualOrganisms,3
biolink:MolecularMixture,biolink:affects,biolink:ChemicalMixture,3
biolink:MolecularMixture,biolink:associated_with,biolink:BiologicalProcess,3
biolink:Polypeptide,biolink:affects,biolink:IndividualOrganism,3
biolink:InformationContentEntity,biolink:manifestation_of,biolink:Gene,3
biolink:Cohort,biolink:interacts_with,biolink:GrossAnatomicalStructure,3
biolink:Polypeptide,biolink:related_to,biolink:AnatomicalEntity,3
biolink:Polypeptide,biolink:related_to,biolink:Activity,3
biolink:Activity,biolink:subclass_of,biolink:ChemicalEntity,3
biolink:PhenotypicFeature,biolink:superclass_of,biolink:Publication,3
biolink:PhenotypicFeature,biolink:treats,biolink:Disease,3
biolink:Drug,biolink:contributes_to,biolink:BiologicalProcess,3
biolink:MolecularEntity,biolink:subclass_of,biolink:Gene,3
biolink:ChemicalEntity,biolink:contributes_to,biolink:AnatomicalEntity,3
biolink:InformationContentEntity,biolink:occurs_in,biolink:Publication,3
biolink:CellularComponent,biolink:superclass_of,biolink:GrossAnatomicalStructure,3
biolink:Publication,biolink:related_to,biolink:Cell,3
biolink:Drug,biolink:close_match,biolink:InformationContentEntity,3
biolink:MolecularMixture,biolink:coexists_with,biolink:InformationContentEntity,3
biolink:PhenotypicFeature,biolink:related_to,biolink:NucleicAcidEntity,3
biolink:CellularComponent,biolink:treats_or_applied_or_studied_to_treat,biolink:OrganismTaxon,3
biolink:Polypeptide,biolink:subclass_of,biolink:Disease,3
biolink:MolecularMixture,biolink:close_match,biolink:Polypeptide,3
biolink:BehavioralFeature,biolink:subclass_of,biolink:NamedThing,3
biolink:ComplexMolecularMixture,biolink:produces,biolink:ChemicalEntity,3
biolink:BiologicalProcess,biolink:has_input,biolink:Activity,3
biolink:InformationContentEntity,biolink:precedes,biolink:Publication,3
biolink:PhysicalEntity,biolink:subclass_of,biolink:PopulationOfIndividualOrganisms,3
biolink:PhysicalEntity,biolink:subclass_of,biolink:ChemicalMixture,3
biolink:Agent,biolink:subclass_of,biolink:GeographicLocation,3
biolink:Protein,biolink:related_to,biolink:PopulationOfIndividualOrganisms,3
biolink:ComplexMolecularMixture,biolink:affects,biolink:Device,3
biolink:PhysicalEntity,biolink:subclass_of,biolink:PhenotypicFeature,3
biolink:MolecularActivity,biolink:interacts_with,biolink:ChemicalExposure,3
biolink:PhysiologicalProcess,biolink:superclass_of,biolink:Disease,3
biolink:PhysicalEntity,biolink:subclass_of,biolink:Food,3
biolink:MolecularMixture,biolink:associated_with,biolink:Procedure,3
biolink:PhysicalEntity,biolink:subclass_of,biolink:Disease,3
biolink:Drug,biolink:produces,biolink:CellularComponent,3
biolink:GrossAnatomicalStructure,biolink:positively_correlated_with,biolink:BiologicalProcess,3
biolink:ComplexMolecularMixture,biolink:coexists_with,biolink:InformationContentEntity,3
biolink:Gene,biolink:subclass_of,biolink:BiologicalProcess,3
biolink:SmallMolecule,biolink:produces,biolink:PhysicalEntity,3
biolink:NucleicAcidEntity,biolink:close_match,biolink:MolecularMixture,3
biolink:Procedure,biolink:manifestation_of,biolink:PhenotypicFeature,3
biolink:AnatomicalEntity,biolink:treats_or_applied_or_studied_to_treat,biolink:BiologicalEntity,3
biolink:Pathway,biolink:interacts_with,biolink:SmallMolecule,3
biolink:GeographicLocation,biolink:has_input,biolink:IndividualOrganism,3
biolink:Phenomenon,biolink:has_input,biolink:NucleicAcidEntity,3
biolink:Cell,biolink:located_in,biolink:BiologicalEntity,3
biolink:NucleicAcidEntity,biolink:produces,biolink:Device,3
biolink:GeographicLocation,biolink:related_to,biolink:Agent,3
biolink:ClinicalAttribute,biolink:affects,biolink:ChemicalEntity,3
biolink:Cell,biolink:coexists_with,biolink:InformationContentEntity,3
biolink:Activity,biolink:diagnoses,biolink:NamedThing,3
biolink:Activity,biolink:has_input,biolink:Polypeptide,3
biolink:AnatomicalEntity,biolink:treats_or_applied_or_studied_to_treat,biolink:Agent,3
biolink:GeographicLocation,biolink:related_to,biolink:ChemicalEntity,3
biolink:Activity,biolink:has_part,biolink:Activity,3
biolink:CellularComponent,biolink:affects,biolink:Pathway,3
biolink:Disease,biolink:disrupts,biolink:ChemicalEntity,3
biolink:GeneFamily,biolink:same_as,biolink:MolecularEntity,3
biolink:ChemicalMixture,biolink:affects,biolink:Procedure,3
biolink:Phenomenon,biolink:affects,biolink:MolecularMixture,3
biolink:Procedure,biolink:occurs_in,biolink:MolecularMixture,3
biolink:Device,biolink:has_input,biolink:Polypeptide,3
biolink:BiologicalProcess,biolink:treats_or_applied_or_studied_to_treat,biolink:Human,3
biolink:AnatomicalEntity,biolink:disrupts,biolink:AnatomicalEntity,3
biolink:AnatomicalEntity,biolink:treats_or_applied_or_studied_to_treat,biolink:ClinicalAttribute,3
biolink:Phenomenon,biolink:regulates,biolink:PhysiologicalProcess,3
biolink:BiologicalProcess,biolink:treats_or_applied_or_studied_to_treat,biolink:PopulationOfIndividualOrganisms,3
biolink:BiologicalProcess,biolink:subclass_of,biolink:Drug,3
biolink:Disease,biolink:close_match,biolink:PhysiologicalProcess,3
biolink:CellLine,biolink:derives_from,biolink:NamedThing,3
biolink:OrganismTaxon,biolink:affects,biolink:Behavior,3
biolink:Gene,biolink:has_part,biolink:AnatomicalEntity,3
biolink:Gene,biolink:disrupts,biolink:Activity,3
biolink:Phenomenon,biolink:related_to,biolink:CellularComponent,3
biolink:OrganismTaxon,biolink:interacts_with,biolink:InformationContentEntity,3
biolink:GenomicEntity,biolink:treats_or_applied_or_studied_to_treat,biolink:Agent,3
biolink:GenomicEntity,biolink:treats_or_applied_or_studied_to_treat,biolink:BiologicalEntity,3
biolink:AnatomicalEntity,biolink:has_input,biolink:SmallMolecule,3
biolink:OrganismTaxon,biolink:located_in,biolink:PopulationOfIndividualOrganisms,3
biolink:Disease,biolink:has_part,biolink:Phenomenon,3
biolink:ClinicalAttribute,biolink:predisposes_to_condition,biolink:AnatomicalEntity,3
biolink:AnatomicalEntity,biolink:positively_correlated_with,biolink:BiologicalProcess,3
biolink:GrossAnatomicalStructure,biolink:affects,biolink:ChemicalEntity,3
biolink:Disease,biolink:produces,biolink:Device,3
biolink:GenomicEntity,biolink:coexists_with,biolink:Device,3
biolink:Gene,biolink:related_to,biolink:ChemicalMixture,3
biolink:ClinicalAttribute,biolink:exacerbates_condition,biolink:PhenotypicFeature,3
biolink:NucleicAcidEntity,biolink:affects,biolink:BiologicalEntity,3
biolink:Activity,biolink:has_part,biolink:Procedure,3
biolink:Phenomenon,biolink:located_in,biolink:ComplexMolecularMixture,3
biolink:GrossAnatomicalStructure,biolink:affects,biolink:Drug,3
biolink:NamedThing,biolink:treats_or_applied_or_studied_to_treat,biolink:OrganismTaxon,3
biolink:Phenomenon,biolink:has_input,biolink:Activity,3
biolink:NamedThing,biolink:treats_or_applied_or_studied_to_treat,biolink:GrossAnatomicalStructure,3
biolink:AnatomicalEntity,biolink:superclass_of,biolink:Cell,3
biolink:ClinicalAttribute,biolink:treats_or_applied_or_studied_to_treat,biolink:ClinicalAttribute,3
biolink:Food,biolink:subclass_of,biolink:Cell,3
biolink:AnatomicalEntity,biolink:related_to,biolink:MolecularActivity,3
biolink:Disease,biolink:produces,biolink:Cell,3
biolink:GrossAnatomicalStructure,biolink:affects,biolink:Behavior,3
biolink:Protein,biolink:biomarker_for,biolink:NucleicAcidEntity,3
biolink:Gene,biolink:related_to,biolink:Food,3
biolink:Disease,biolink:close_match,biolink:Drug,3
biolink:CellularComponent,biolink:affects,biolink:Polypeptide,3
biolink:GeographicLocation,biolink:related_to,biolink:IndividualOrganism,3
biolink:Phenomenon,biolink:has_input,biolink:ComplexMolecularMixture,3
biolink:Protein,biolink:biomarker_for,biolink:ClinicalAttribute,3
biolink:ChemicalMixture,biolink:causes,biolink:InformationContentEntity,3
biolink:OrganismTaxon,biolink:occurs_in,biolink:Activity,3
biolink:ClinicalAttribute,biolink:affects,biolink:MolecularActivity,3
biolink:CellularComponent,biolink:associated_with,biolink:NamedThing,3
biolink:Cell,biolink:correlated_with,biolink:Disease,3
biolink:GeographicLocation,biolink:subclass_of,biolink:ChemicalEntity,3
biolink:CellularComponent,biolink:associated_with,biolink:InformationContentEntity,3
biolink:Device,biolink:preventative_for_condition,biolink:Behavior,3
biolink:Phenomenon,biolink:subclass_of,biolink:Drug,3
biolink:Cell,biolink:interacts_with,biolink:Food,3
biolink:SmallMolecule,biolink:interacts_with,biolink:Pathway,3
biolink:Phenomenon,biolink:regulates,biolink:InformationContentEntity,3
biolink:GenomicEntity,biolink:subclass_of,biolink:Drug,3
biolink:Pathway,biolink:occurs_in,biolink:GenomicEntity,3
biolink:ClinicalAttribute,biolink:interacts_with,biolink:Protein,3
biolink:Activity,biolink:has_input,biolink:Agent,3
biolink:NucleicAcidEntity,biolink:interacts_with,biolink:MolecularActivity,3
biolink:AnatomicalEntity,biolink:produces,biolink:InformationContentEntity,3
biolink:Activity,biolink:close_match,biolink:Event,3
biolink:Cell,biolink:superclass_of,biolink:AnatomicalEntity,3
biolink:ChemicalMixture,biolink:coexists_with,biolink:Gene,3
biolink:Device,biolink:interacts_with,biolink:Cell,3
biolink:GenomicEntity,biolink:has_phenotype,biolink:AnatomicalEntity,3
biolink:Phenomenon,biolink:occurs_in,biolink:Gene,3
biolink:GenomicEntity,biolink:produces,biolink:NucleicAcidEntity,3
biolink:SmallMolecule,biolink:subclass_of,biolink:Cell,3
biolink:AnatomicalEntity,biolink:produces,biolink:Cohort,3
biolink:Gene,biolink:gene_associated_with_condition,biolink:Drug,3
biolink:AnatomicalEntity,biolink:disrupts,biolink:CellularComponent,3
biolink:Procedure,biolink:predisposes_to_condition,biolink:GrossAnatomicalStructure,3
biolink:Gene,biolink:treats_or_applied_or_studied_to_treat,biolink:GrossAnatomicalStructure,3
biolink:Cell,biolink:occurs_in,biolink:PhenotypicFeature,3
biolink:NucleicAcidEntity,biolink:occurs_in,biolink:Agent,3
biolink:AnatomicalEntity,biolink:coexists_with,biolink:Procedure,3
biolink:Pathway,biolink:same_as,biolink:NamedThing,3
biolink:Behavior,biolink:causes,biolink:InformationContentEntity,3
biolink:Phenomenon,biolink:located_in,biolink:Gene,3
biolink:Disease,biolink:interacts_with,biolink:Cell,3
biolink:Disease,biolink:interacts_with,biolink:BiologicalProcess,3
biolink:Disease,biolink:interacts_with,biolink:PhysiologicalProcess,3
biolink:AnatomicalEntity,biolink:regulates,biolink:BiologicalProcess,3
biolink:Pathway,biolink:superclass_of,biolink:NamedThing,3
biolink:Disease,biolink:located_in,biolink:Activity,3
biolink:Disease,biolink:derives_from,biolink:AnatomicalEntity,3
biolink:OrganismTaxon,biolink:disrupts,biolink:CellularComponent,3
biolink:Pathway,biolink:treats,biolink:PhenotypicFeature,3
biolink:Device,biolink:located_in,biolink:MolecularMixture,3
biolink:NucleicAcidEntity,biolink:interacts_with,biolink:PhenotypicFeature,3
biolink:Cell,biolink:close_match,biolink:InformationContentEntity,3
biolink:ChemicalMixture,biolink:derives_from,biolink:ComplexMolecularMixture,3
biolink:Protein,biolink:has_input,biolink:GenomicEntity,3
biolink:Protein,biolink:affects,biolink:Event,3
biolink:Activity,biolink:has_input,biolink:Cell,3
biolink:Disease,biolink:coexists_with,biolink:Publication,3
biolink:Gene,biolink:has_input,biolink:MolecularMixture,3
biolink:ChemicalMixture,biolink:close_match,biolink:SmallMolecule,3
biolink:Phenomenon,biolink:produces,biolink:Cohort,3
biolink:Cell,biolink:negatively_correlated_with,biolink:Disease,3
biolink:Phenomenon,biolink:has_participant,biolink:Drug,3
biolink:Device,biolink:has_member,biolink:MolecularMixture,3
biolink:Gene,biolink:close_match,biolink:DiseaseOrPhenotypicFeature,3
biolink:Procedure,biolink:precedes,biolink:Agent,3
biolink:Cell,biolink:preventative_for_condition,biolink:Disease,3
biolink:SmallMolecule,biolink:same_as,biolink:Device,3
biolink:Device,biolink:has_member,biolink:ChemicalEntity,3
biolink:Device,biolink:subclass_of,biolink:PhenotypicFeature,3
biolink:AnatomicalEntity,biolink:treats_or_applied_or_studied_to_treat,biolink:Human,3
biolink:Cell,biolink:close_match,biolink:CellularComponent,3
biolink:Phenomenon,biolink:affects,biolink:Device,3
biolink:Activity,biolink:diagnoses,biolink:Phenomenon,3
biolink:Protein,biolink:acts_upstream_of_positive_effect,biolink:Pathway,3
biolink:ClinicalAttribute,biolink:subclass_of,biolink:Disease,3
biolink:GenomicEntity,biolink:subclass_of,biolink:Disease,3
biolink:Device,biolink:precedes,biolink:Disease,3
biolink:Procedure,biolink:precedes,biolink:ComplexMolecularMixture,3
biolink:Phenomenon,biolink:produces,biolink:CellularComponent,3
biolink:SmallMolecule,biolink:occurs_in,biolink:PhenotypicFeature,3
biolink:Device,biolink:has_part,biolink:Gene,3
biolink:ClinicalAttribute,biolink:related_to,biolink:PhysicalEntity,3
biolink:AnatomicalEntity,biolink:coexists_with,biolink:MolecularActivity,3
biolink:Phenomenon,biolink:precedes,biolink:PhysiologicalProcess,3
biolink:Procedure,biolink:precedes,biolink:Phenomenon,3
biolink:Activity,biolink:close_match,biolink:Behavior,3
biolink:ChemicalMixture,biolink:subclass_of,biolink:Publication,3
biolink:Device,biolink:subclass_of,biolink:ComplexMolecularMixture,3
biolink:NucleicAcidEntity,biolink:exacerbates_condition,biolink:PhenotypicFeature,3
biolink:AnatomicalEntity,biolink:composed_primarily_of,biolink:Protein,3
biolink:OrganismTaxon,biolink:coexists_with,biolink:InformationContentEntity,3
biolink:ChemicalMixture,biolink:related_to,biolink:Polypeptide,3
biolink:ChemicalMixture,biolink:has_part,biolink:Polypeptide,3
biolink:Device,biolink:subclass_of,biolink:Food,3
biolink:ClinicalAttribute,biolink:subclass_of,biolink:ChemicalEntity,3
biolink:SmallMolecule,biolink:occurs_in,biolink:Disease,3
biolink:BiologicalProcess,biolink:related_to,biolink:Event,3
biolink:GrossAnatomicalStructure,biolink:affects,biolink:Cohort,3
biolink:NamedThing,biolink:superclass_of,biolink:Pathway,3
biolink:OrganismTaxon,biolink:related_to,biolink:GenomicEntity,3
biolink:OrganismTaxon,biolink:related_to,biolink:Cohort,3
biolink:PathologicalProcess,biolink:coexists_with,biolink:Disease,3
biolink:PhenotypicFeature,biolink:close_match,biolink:CellularComponent,3
biolink:OrganismTaxon,biolink:associated_with,biolink:InformationContentEntity,3
biolink:Disease,biolink:superclass_of,biolink:PhysiologicalProcess,3
biolink:OrganismTaxon,biolink:associated_with,biolink:ClinicalAttribute,3
biolink:Phenomenon,biolink:close_match,biolink:PhysicalEntity,3
biolink:ChemicalMixture,biolink:interacts_with,biolink:PhysicalEntity,3
biolink:Activity,biolink:located_in,biolink:OrganismTaxon,3
biolink:PhenotypicFeature,biolink:close_match,biolink:Device,3
biolink:PathologicalProcess,biolink:close_match,biolink:BiologicalProcess,3
biolink:Cell,biolink:affects,biolink:Gene,3
biolink:ChemicalExposure,biolink:interacts_with,biolink:MolecularActivity,3
biolink:PhenotypicFeature,biolink:close_match,biolink:Event,3
biolink:SmallMolecule,biolink:related_to,biolink:CellularComponent,3
biolink:PhenotypicFeature,biolink:close_match,biolink:GrossAnatomicalStructure,3
biolink:PathologicalProcess,biolink:located_in,biolink:GrossAnatomicalStructure,3
biolink:Procedure,biolink:subclass_of,biolink:OrganismTaxon,3
biolink:Cell,biolink:has_part,biolink:Device,3
biolink:Behavior,biolink:located_in,biolink:Publication,3
biolink:GenomicEntity,biolink:causes,biolink:InformationContentEntity,3
biolink:Behavior,biolink:located_in,biolink:CellularComponent,3
biolink:Procedure,biolink:subclass_of,biolink:MolecularMixture,3
biolink:GrossAnatomicalStructure,biolink:disrupts,biolink:BiologicalProcess,3
biolink:PhenotypicFeature,biolink:causes,biolink:MolecularActivity,3
biolink:Activity,biolink:affects,biolink:Human,3
biolink:NamedThing,biolink:occurs_in,biolink:Agent,3
biolink:Disease,biolink:affects,biolink:MolecularMixture,3
biolink:Phenomenon,biolink:coexists_with,biolink:ChemicalEntity,3
biolink:PathologicalProcess,biolink:related_to,biolink:Disease,3
biolink:Protein,biolink:located_in,biolink:IndividualOrganism,3
biolink:Device,biolink:derives_from,biolink:ComplexMolecularMixture,3
biolink:ClinicalAttribute,biolink:precedes,biolink:Activity,3
biolink:Protein,biolink:close_match,biolink:ChemicalMixture,3
biolink:Phenomenon,biolink:coexists_with,biolink:Behavior,3
biolink:PathologicalProcess,biolink:close_match,biolink:AnatomicalEntity,3
biolink:NamedThing,biolink:has_side_effect,biolink:MolecularMixture,3
biolink:Device,biolink:causes,biolink:MolecularActivity,3
biolink:GrossAnatomicalStructure,biolink:located_in,biolink:Human,3
biolink:Disease,biolink:has_input,biolink:Drug,3
biolink:NamedThing,biolink:has_part,biolink:Drug,3
biolink:NamedThing,biolink:has_part,biolink:ChemicalEntity,3
biolink:NamedThing,biolink:has_output,biolink:PhysicalEntity,3
biolink:GrossAnatomicalStructure,biolink:manifestation_of,biolink:BiologicalProcess,3
biolink:OrganismTaxon,biolink:subclass_of,biolink:Polypeptide,3
biolink:Protein,biolink:exacerbates_condition,biolink:InformationContentEntity,3
biolink:Cell,biolink:related_to,biolink:Activity,3
biolink:Protein,biolink:exacerbates_condition,biolink:MolecularActivity,3
biolink:DiseaseOrPhenotypicFeature,biolink:close_match,biolink:ClinicalAttribute,3
biolink:DiseaseOrPhenotypicFeature,biolink:close_match,biolink:Cohort,3
biolink:Cohort,biolink:causes,biolink:Disease,3
biolink:AnatomicalEntity,biolink:derives_from,biolink:OrganismTaxon,3
biolink:Disease,biolink:associated_with,biolink:Device,3
biolink:Procedure,biolink:close_match,biolink:Polypeptide,3
biolink:NamedThing,biolink:has_part,biolink:InformationContentEntity,3
biolink:OrganismTaxon,biolink:affects,biolink:InformationContentEntity,3
biolink:ClinicalAttribute,biolink:coexists_with,biolink:MolecularActivity,3
biolink:Protein,biolink:coexists_with,biolink:ClinicalAttribute,3
biolink:Gene,biolink:interacts_with,biolink:PhysicalEntity,3
biolink:CellularComponent,biolink:disrupts,biolink:AnatomicalEntity,3
biolink:ChemicalEntity,biolink:treats_or_applied_or_studied_to_treat,biolink:PathologicalProcess,3
biolink:ChemicalEntity,biolink:treats_or_applied_or_studied_to_treat,biolink:NucleicAcidEntity,3
biolink:ChemicalEntity,biolink:treats_or_applied_or_studied_to_treat,biolink:Gene,3
biolink:Activity,biolink:manifestation_of,biolink:Disease,3
biolink:NamedThing,biolink:has_part,biolink:SmallMolecule,3
biolink:PhenotypicFeature,biolink:coexists_with,biolink:Cell,3
biolink:SmallMolecule,biolink:exacerbates_condition,biolink:Phenomenon,3
biolink:Device,biolink:causes,biolink:GrossAnatomicalStructure,3
biolink:Treatment,biolink:related_to,biolink:ChemicalEntity,3
biolink:Protein,biolink:located_in,biolink:SmallMolecule,3
biolink:NucleicAcidEntity,biolink:treats_or_applied_or_studied_to_treat,biolink:Disease,3
biolink:Disease,biolink:treats_or_applied_or_studied_to_treat,biolink:Protein,3
biolink:Gene,biolink:located_in,biolink:Gene,3
biolink:SmallMolecule,biolink:regulates,biolink:SmallMolecule,3
biolink:Device,biolink:causes,biolink:Procedure,3
biolink:Device,biolink:treats_or_applied_or_studied_to_treat,biolink:Publication,3
biolink:Gene,biolink:preventative_for_condition,biolink:InformationContentEntity,3
biolink:Protein,biolink:correlated_with,biolink:PhenotypicFeature,3
biolink:ClinicalAttribute,biolink:associated_with,biolink:InformationContentEntity,3
biolink:NamedThing,biolink:related_to,biolink:MolecularMixture,3
biolink:PhenotypicFeature,biolink:associated_with,biolink:Behavior,3
biolink:Food,biolink:related_to,biolink:IndividualOrganism,3
biolink:Food,biolink:related_to,biolink:GrossAnatomicalStructure,3
biolink:Procedure,biolink:diagnoses,biolink:SmallMolecule,3
biolink:Disease,biolink:subclass_of,biolink:DiseaseOrPhenotypicFeature,3
biolink:AnatomicalEntity,biolink:negatively_correlated_with,biolink:Disease,3
biolink:GrossAnatomicalStructure,biolink:close_match,biolink:InformationContentEntity,3
biolink:NamedThing,biolink:related_to,biolink:Food,3
biolink:Behavior,biolink:has_part,biolink:SmallMolecule,3
biolink:OrganismTaxon,biolink:produces,biolink:Food,3
biolink:Disease,biolink:causes,biolink:Gene,3
biolink:ClinicalAttribute,biolink:treats_or_applied_or_studied_to_treat,biolink:Human,3
biolink:PhenotypicFeature,biolink:associated_with,biolink:Human,3
biolink:Pathway,biolink:close_match,biolink:Phenomenon,3
biolink:SmallMolecule,biolink:has_participant,biolink:Protein,3
biolink:SmallMolecule,biolink:has_part,biolink:ChemicalMixture,3
biolink:Disease,biolink:close_match,biolink:ChemicalEntity,3
biolink:BiologicalProcess,biolink:related_to,biolink:Agent,3
biolink:Phenomenon,biolink:disrupts,biolink:BiologicalProcess,3
biolink:CellularComponent,biolink:close_match,biolink:PhenotypicFeature,3
biolink:Protein,biolink:derives_from,biolink:CellularComponent,3
biolink:AnatomicalEntity,biolink:occurs_in,biolink:BiologicalEntity,3
biolink:GenomicEntity,biolink:coexists_with,biolink:Cell,3
biolink:Gene,biolink:produces,biolink:CellularComponent,3
biolink:Disease,biolink:close_match,biolink:CellularComponent,3
biolink:Behavior,biolink:has_part,biolink:NucleicAcidEntity,3
biolink:Protein,biolink:causes,biolink:CellularComponent,3
biolink:NamedThing,biolink:subclass_of,biolink:Phenomenon,3
biolink:Protein,biolink:interacts_with,biolink:Procedure,3
biolink:ChemicalMixture,biolink:related_to,biolink:ComplexMolecularMixture,3
biolink:PhenotypicFeature,biolink:affects,biolink:Pathway,3
biolink:NamedThing,biolink:subclass_of,biolink:GeographicLocation,3
biolink:Device,biolink:preventative_for_condition,biolink:BiologicalProcess,3
biolink:Pathway,biolink:affects,biolink:PhenotypicFeature,3
biolink:Procedure,biolink:produces,biolink:NucleicAcidEntity,3
biolink:SmallMolecule,biolink:regulates,biolink:PhenotypicFeature,3
biolink:Protein,biolink:causes,biolink:PopulationOfIndividualOrganisms,3
biolink:Activity,biolink:affects,biolink:MolecularMixture,3
biolink:BiologicalProcess,biolink:preventative_for_condition,biolink:BiologicalProcess,3
biolink:NamedThing,biolink:precedes,biolink:PhenotypicFeature,3
biolink:SmallMolecule,biolink:has_metabolite,biolink:MolecularMixture,3
biolink:PathologicalProcess,biolink:subclass_of,biolink:PhysiologicalProcess,3
biolink:Behavior,biolink:interacts_with,biolink:PhenotypicFeature,3
biolink:AnatomicalEntity,biolink:located_in,biolink:PhysicalEntity,3
biolink:Cell,biolink:related_to,biolink:Publication,3
biolink:ChemicalMixture,biolink:related_to,biolink:AnatomicalEntity,3
biolink:NucleicAcidEntity,biolink:related_to,biolink:ChemicalMixture,3
biolink:Cell,biolink:produces,biolink:InformationContentEntity,3
biolink:Phenomenon,biolink:diagnoses,biolink:AnatomicalEntity,3
biolink:AnatomicalEntity,biolink:correlated_with,biolink:PhenotypicFeature,3
biolink:NamedThing,biolink:precedes,biolink:Activity,3
biolink:Protein,biolink:chemically_similar_to,biolink:ChemicalEntity,3
biolink:InformationContentEntity,biolink:interacts_with,biolink:ComplexMolecularMixture,2
biolink:Cohort,biolink:treats_or_applied_or_studied_to_treat,biolink:Human,2
biolink:AnatomicalEntity,biolink:related_to,biolink:PhysicalEntity,2
biolink:ClinicalAttribute,biolink:manifestation_of,biolink:Phenomenon,2
biolink:Polypeptide,biolink:causes,biolink:Behavior,2
biolink:Protein,biolink:actively_involved_in,biolink:PhenotypicFeature,2
biolink:Gene,biolink:derives_from,biolink:CellularComponent,2
biolink:GenomicEntity,biolink:affects,biolink:IndividualOrganism,2
biolink:Gene,biolink:derives_from,biolink:OrganismTaxon,2
biolink:InformationContentEntity,biolink:has_part,biolink:BiologicalProcess,2
biolink:ChemicalEntity,biolink:occurs_in,biolink:GrossAnatomicalStructure,2
biolink:GenomicEntity,biolink:affects,biolink:OrganismTaxon,2
biolink:GeneFamily,biolink:regulates,biolink:Pathway,2
biolink:Gene,biolink:derives_from,biolink:PhenotypicFeature,2
biolink:Cohort,biolink:treats_or_applied_or_studied_to_treat,biolink:InformationContentEntity,2
biolink:Gene,biolink:directly_physically_interacts_with,biolink:ChemicalEntity,2
biolink:Polypeptide,biolink:derives_from,biolink:OrganismTaxon,2
biolink:GeneFamily,biolink:positively_correlated_with,biolink:PhenotypicFeature,2
biolink:Polypeptide,biolink:causes,biolink:AnatomicalEntity,2
biolink:Polypeptide,biolink:close_match,biolink:MolecularActivity,2
biolink:Procedure,biolink:treats_or_applied_or_studied_to_treat,biolink:SmallMolecule,2
biolink:ChemicalEntity,biolink:occurs_in,biolink:Human,2
biolink:Publication,biolink:affects,biolink:BiologicalEntity,2
biolink:ChemicalMixture,biolink:related_to,biolink:NucleicAcidEntity,2
biolink:ChemicalEntity,biolink:physically_interacts_with,biolink:MolecularActivity,2
biolink:Protein,biolink:affected_by,biolink:Gene,2
biolink:Drug,biolink:related_to,biolink:Agent,2
biolink:Polypeptide,biolink:close_match,biolink:OrganismTaxon,2
biolink:Gene,biolink:derives_from,biolink:ComplexMolecularMixture,2
biolink:Polypeptide,biolink:coexists_with,biolink:PhenotypicFeature,2
biolink:Drug,biolink:regulates,biolink:PhenotypicFeature,2
biolink:Polypeptide,biolink:chemically_similar_to,biolink:Polypeptide,2
biolink:ChemicalMixture,biolink:related_to,biolink:Activity,2
biolink:BiologicalEntity,biolink:has_part,biolink:NucleicAcidEntity,2
biolink:Agent,biolink:preventative_for_condition,biolink:PhenotypicFeature,2
biolink:AnatomicalEntity,biolink:subclass_of,biolink:Behavior,2
biolink:Polypeptide,biolink:causes,biolink:MolecularActivity,2
biolink:Cohort,biolink:related_to,biolink:SmallMolecule,2
biolink:BiologicalEntity,biolink:has_member,biolink:NamedThing,2
biolink:ChemicalEntity,biolink:overlaps,biolink:MolecularEntity,2
biolink:Cohort,biolink:subclass_of,biolink:BiologicalProcess,2
biolink:ChemicalMixture,biolink:predisposes_to_condition,biolink:Disease,2
biolink:Gene,biolink:disrupts,biolink:Polypeptide,2
biolink:Drug,biolink:related_to,biolink:PhysiologicalProcess,2
biolink:Protein,biolink:actively_involved_in,biolink:PhysiologicalProcess,2
biolink:Drug,biolink:related_to,biolink:IndividualOrganism,2
biolink:BiologicalEntity,biolink:in_taxon,biolink:BiologicalEntity,2
biolink:ChemicalMixture,biolink:located_in,biolink:PhenotypicFeature,2
biolink:Publication,biolink:affects,biolink:ClinicalAttribute,2
biolink:Procedure,biolink:treats_or_applied_or_studied_to_treat,biolink:Protein,2
biolink:AnatomicalEntity,biolink:related_to,biolink:PhysiologicalProcess,2
biolink:GrossAnatomicalStructure,biolink:physically_interacts_with,biolink:AnatomicalEntity,2
biolink:AnatomicalEntity,biolink:regulates,biolink:GrossAnatomicalStructure,2
biolink:ClinicalAttribute,biolink:affects,biolink:Protein,2
biolink:Publication,biolink:diagnoses,biolink:Procedure,2
biolink:PhysiologicalProcess,biolink:occurs_in,biolink:IndividualOrganism,2
biolink:Drug,biolink:positively_correlated_with,biolink:GeneFamily,2
biolink:Gene,biolink:precedes,biolink:Disease,2
biolink:BiologicalEntity,biolink:related_to,biolink:Device,2
biolink:Gene,biolink:predisposes_to_condition,biolink:AnatomicalEntity,2
biolink:Publication,biolink:diagnoses,biolink:NamedThing,2
biolink:InformationContentEntity,biolink:subclass_of,biolink:DiseaseOrPhenotypicFeature,2
biolink:Protein,biolink:close_match,biolink:BiologicalProcess,2
biolink:Protein,biolink:close_match,biolink:Activity,2
biolink:Gene,biolink:predisposes_to_condition,biolink:NamedThing,2
biolink:Agent,biolink:has_part,biolink:OrganismTaxon,2
biolink:ClinicalAttribute,biolink:diagnoses,biolink:BiologicalEntity,2
biolink:InformationContentEntity,biolink:subclass_of,biolink:CellularComponent,2
biolink:PhysiologicalProcess,biolink:precedes,biolink:Behavior,2
biolink:ChemicalEntity,biolink:has_part,biolink:OrganismTaxon,2
biolink:Drug,biolink:precedes,biolink:SmallMolecule,2
biolink:ClinicalAttribute,biolink:diagnoses,biolink:ClinicalAttribute,2
biolink:Drug,biolink:predisposes_to_condition,biolink:Phenomenon,2
biolink:Publication,biolink:derives_from,biolink:Protein,2
biolink:Gene,biolink:increases_response_to,biolink:MolecularMixture,2
biolink:PhysiologicalProcess,biolink:produces,biolink:Cohort,2
biolink:InformationContentEntity,biolink:related_to,biolink:ClinicalIntervention,2
biolink:InformationContentEntity,biolink:related_to,biolink:ChemicalMixture,2
biolink:ChemicalEntity,biolink:interacts_with,biolink:PopulationOfIndividualOrganisms,2
biolink:ChemicalEntity,biolink:located_in,biolink:Activity,2
biolink:PhysiologicalProcess,biolink:regulates,biolink:MolecularActivity,2
biolink:Gene,biolink:produces,biolink:GrossAnatomicalStructure,2
biolink:InformationContentEntity,biolink:produces,biolink:PopulationOfIndividualOrganisms,2
biolink:ClinicalAttribute,biolink:derives_from,biolink:Cell,2
biolink:Publication,biolink:disrupts,biolink:GrossAnatomicalStructure,2
biolink:Protein,biolink:contributes_to,biolink:BiologicalProcess,2
biolink:ClinicalAttribute,biolink:causes,biolink:ClinicalAttribute,2
biolink:Gene,biolink:located_in,biolink:Food,2
biolink:PhysiologicalProcess,biolink:interacts_with,biolink:PhenotypicFeature,2
biolink:ClinicalAttribute,biolink:coexists_with,biolink:ChemicalEntity,2
biolink:Drug,biolink:occurs_in,biolink:OrganismTaxon,2
biolink:LifeStage,biolink:in_taxon,biolink:OrganismTaxon,2
biolink:PhysiologicalProcess,biolink:located_in,biolink:Food,2
biolink:AnatomicalEntity,biolink:interacts_with,biolink:ComplexMolecularMixture,2
biolink:BiologicalEntity,biolink:related_to,biolink:Publication,2
biolink:LifeStage,biolink:has_part,biolink:NamedThing,2
biolink:PhysiologicalProcess,biolink:located_in,biolink:InformationContentEntity,2
biolink:AnatomicalEntity,biolink:interacts_with,biolink:Polypeptide,2
biolink:InformationContentEntity,biolink:treats_or_applied_or_studied_to_treat,biolink:Phenomenon,2
biolink:ClinicalAttribute,biolink:causes,biolink:GrossAnatomicalStructure,2
biolink:Drug,biolink:physically_interacts_with,biolink:ChemicalMixture,2
biolink:ClinicalAttribute,biolink:causes,biolink:Activity,2
biolink:Gene,biolink:interacts_with,biolink:Publication,2
biolink:Agent,biolink:has_part,biolink:InformationContentEntity,2
biolink:ComplexMolecularMixture,biolink:affects,biolink:Polypeptide,2
biolink:AnatomicalEntity,biolink:located_in,biolink:Device,2
biolink:AnatomicalEntity,biolink:homologous_to,biolink:GrossAnatomicalStructure,2
biolink:Protein,biolink:close_match,biolink:InformationContentEntity,2
biolink:ClinicalAttribute,biolink:coexists_with,biolink:Phenomenon,2
biolink:AnatomicalEntity,biolink:has_part,biolink:PhysiologicalProcess,2
biolink:InformationContentEntity,biolink:treats_or_applied_or_studied_to_treat,biolink:BiologicalProcess,2
biolink:PhysiologicalProcess,biolink:occurs_in,biolink:AnatomicalEntity,2
biolink:ClinicalAttribute,biolink:coexists_with,biolink:PhysiologicalProcess,2
biolink:InformationContentEntity,biolink:treats_or_applied_or_studied_to_treat,biolink:AnatomicalEntity,2
biolink:Publication,biolink:disrupts,biolink:Phenomenon,2
biolink:ClinicalAttribute,biolink:associated_with,biolink:Behavior,2
biolink:InformationContentEntity,biolink:produces,biolink:Polypeptide,2
biolink:AnatomicalEntity,biolink:regulates,biolink:Disease,2
biolink:Gene,biolink:has_part,biolink:PhenotypicFeature,2
biolink:ChemicalEntity,biolink:manifestation_of,biolink:Disease,2
biolink:Gene,biolink:treats_or_applied_or_studied_to_treat,biolink:Agent,2
biolink:ClinicalAttribute,biolink:has_input,biolink:MolecularMixture,2
biolink:Drug,biolink:produces,biolink:ChemicalMixture,2
biolink:Drug,biolink:produces,biolink:Disease,2
biolink:BiologicalEntity,biolink:manifestation_of,biolink:InformationContentEntity,2
biolink:InformationContentEntity,biolink:occurs_in,biolink:IndividualOrganism,2
biolink:Drug,biolink:produces,biolink:Food,2
biolink:AnatomicalEntity,biolink:has_input,biolink:Gene,2
biolink:Gene,biolink:genetically_associated_with,biolink:BiologicalEntity,2
biolink:ChemicalEntity,biolink:negatively_correlated_with,biolink:AnatomicalEntity,2
biolink:ClinicalAttribute,biolink:has_input,biolink:Publication,2
biolink:InformationContentEntity,biolink:occurs_in,biolink:CellularComponent,2
biolink:Drug,biolink:produces,biolink:OrganismTaxon,2
biolink:AnatomicalEntity,biolink:produces,biolink:Cell,2
biolink:AnatomicalEntity,biolink:produces,biolink:CellularComponent,2
biolink:InformationContentEntity,biolink:manifestation_of,biolink:AnatomicalEntity,2
biolink:InformationContentEntity,biolink:manifestation_of,biolink:Activity,2
biolink:BiologicalEntity,biolink:located_in,biolink:MolecularMixture,2
biolink:ClinicalAttribute,biolink:has_part,biolink:ChemicalEntity,2
biolink:Drug,biolink:produces,biolink:Publication,2
biolink:Publication,biolink:affects,biolink:InformationContentEntity,2
biolink:ClinicalAttribute,biolink:has_part,biolink:SmallMolecule,2
biolink:Gene,biolink:expressed_in,biolink:Protein,2
biolink:ClinicalAttribute,biolink:interacts_with,biolink:BiologicalProcess,2
biolink:InformationContentEntity,biolink:located_in,biolink:Device,2
biolink:InformationContentEntity,biolink:located_in,biolink:ClinicalAttribute,2
biolink:AnatomicalEntity,biolink:produces,biolink:PhysicalEntity,2
biolink:Drug,biolink:regulates,biolink:Disease,2
biolink:ChemicalEntity,biolink:located_in,biolink:Publication,2
biolink:ChemicalMixture,biolink:treats_or_applied_or_studied_to_treat,biolink:AnatomicalEntity,2
biolink:AnatomicalEntity,biolink:has_input,biolink:MolecularMixture,2
biolink:ClinicalAttribute,biolink:affects,biolink:Behavior,2
biolink:InformationContentEntity,biolink:produces,biolink:InformationContentEntity,2
biolink:Gene,biolink:has_part,biolink:GenomicEntity,2
biolink:InformationContentEntity,biolink:produces,biolink:GrossAnatomicalStructure,2
biolink:InformationContentEntity,biolink:preventative_for_condition,biolink:BiologicalEntity,2
biolink:ChemicalEntity,biolink:located_in,biolink:IndividualOrganism,2
biolink:InformationContentEntity,biolink:predisposes_to_condition,biolink:Phenomenon,2
biolink:PhysiologicalProcess,biolink:subclass_of,biolink:Activity,2
biolink:PhysiologicalProcess,biolink:subclass_of,biolink:AnatomicalEntity,2
biolink:AnatomicalEntity,biolink:precedes,biolink:Activity,2
biolink:PhysiologicalProcess,biolink:subclass_of,biolink:IndividualOrganism,2
biolink:ClinicalAttribute,biolink:affects,biolink:Cell,2
biolink:Gene,biolink:related_to,biolink:Phenomenon,2
biolink:ClinicalAttribute,biolink:affects,biolink:BiologicalEntity,2
biolink:Gene,biolink:related_to,biolink:Publication,2
biolink:InformationContentEntity,biolink:occurs_in,biolink:SmallMolecule,2
biolink:Gene,biolink:subclass_of,biolink:AnatomicalEntity,2
biolink:Publication,biolink:close_match,biolink:PhenotypicFeature,2
biolink:Protein,biolink:associated_with,biolink:DiseaseOrPhenotypicFeature,2
biolink:Protein,biolink:derives_from,biolink:PhysicalEntity,2
biolink:Protein,biolink:derives_from,biolink:Publication,2
biolink:Protein,biolink:associated_with,biolink:Activity,2
biolink:Publication,biolink:close_match,biolink:Drug,2
biolink:Publication,biolink:close_match,biolink:Behavior,2
biolink:InformationContentEntity,biolink:precedes,biolink:MolecularActivity,2
biolink:Publication,biolink:close_match,biolink:Agent,2
biolink:Gene,biolink:has_input,biolink:Food,2
biolink:Gene,biolink:subclass_of,biolink:Polypeptide,2
biolink:InformationContentEntity,biolink:precedes,biolink:AnatomicalEntity,2
biolink:InformationContentEntity,biolink:has_member,biolink:CellularComponent,2
biolink:Drug,biolink:treats,biolink:Drug,2
biolink:ChemicalMixture,biolink:located_in,biolink:ChemicalEntity,2
biolink:Gene,biolink:decreases_response_to,biolink:ChemicalEntity,2
biolink:Food,biolink:coexists_with,biolink:ComplexMolecularMixture,2
biolink:Procedure,biolink:has_input,biolink:NamedThing,2
biolink:Protein,biolink:preventative_for_condition,biolink:Behavior,2
biolink:Human,biolink:produces,biolink:Publication,2
biolink:Human,biolink:related_to,biolink:BiologicalProcess,2
biolink:GrossAnatomicalStructure,biolink:close_match,biolink:BiologicalProcess,2
biolink:Behavior,biolink:has_part,biolink:CellularComponent,2
biolink:GrossAnatomicalStructure,biolink:causes,biolink:InformationContentEntity,2
biolink:Behavior,biolink:has_input,biolink:Publication,2
biolink:Behavior,biolink:has_input,biolink:PhysicalEntity,2
biolink:Food,biolink:subclass_of,biolink:IndividualOrganism,2
biolink:AnatomicalEntity,biolink:close_match,biolink:MolecularActivity,2
biolink:Food,biolink:close_match,biolink:MolecularMixture,2
biolink:Behavior,biolink:related_to,biolink:GeographicLocation,2
biolink:Behavior,biolink:has_input,biolink:Phenomenon,2
biolink:PopulationOfIndividualOrganisms,biolink:related_to,biolink:Drug,2
biolink:AnatomicalEntity,biolink:causes,biolink:Procedure,2
biolink:ChemicalEntity,biolink:regulates,biolink:MolecularEntity,2
biolink:PopulationOfIndividualOrganisms,biolink:related_to,biolink:Protein,2
biolink:GrossAnatomicalStructure,biolink:treats_or_applied_or_studied_to_treat,biolink:OrganismTaxon,2
biolink:Behavior,biolink:has_participant,biolink:BiologicalProcess,2
biolink:Protein,biolink:located_in,biolink:Behavior,2
biolink:PopulationOfIndividualOrganisms,biolink:subclass_of,biolink:Disease,2
biolink:Cohort,biolink:diagnoses,biolink:Activity,2
biolink:Protein,biolink:predisposes_to_condition,biolink:Event,2
biolink:AnatomicalEntity,biolink:causes,biolink:MolecularActivity,2
biolink:PopulationOfIndividualOrganisms,biolink:related_to,biolink:GrossAnatomicalStructure,2
biolink:GrossAnatomicalStructure,biolink:close_match,biolink:Device,2
biolink:Human,biolink:has_part,biolink:Device,2
biolink:Food,biolink:related_to,biolink:NamedThing,2
biolink:Human,biolink:has_part,biolink:MolecularActivity,2
biolink:GrossAnatomicalStructure,biolink:close_match,biolink:ChemicalEntity,2
biolink:Behavior,biolink:has_part,biolink:Gene,2
biolink:GrossAnatomicalStructure,biolink:affects,biolink:Cell,2
biolink:Procedure,biolink:interacts_with,biolink:NucleicAcidEntity,2
biolink:AnatomicalEntity,biolink:close_match,biolink:Phenomenon,2
biolink:Protein,biolink:in_complex_with,biolink:Protein,2
biolink:IndividualOrganism,biolink:has_input,biolink:IndividualOrganism,2
biolink:Food,biolink:treats_or_applied_or_studied_to_treat,biolink:Procedure,2
biolink:IndividualOrganism,biolink:has_input,biolink:NamedThing,2
biolink:Food,biolink:affects,biolink:OrganismTaxon,2
biolink:IndividualOrganism,biolink:has_part,biolink:AnatomicalEntity,2
biolink:GeographicLocation,biolink:has_input,biolink:GeographicLocation,2
biolink:Gene,biolink:active_in,biolink:CellularComponent,2
biolink:PopulationOfIndividualOrganisms,biolink:interacts_with,biolink:InformationContentEntity,2
biolink:IndividualOrganism,biolink:has_part,biolink:ChemicalEntity,2
biolink:Behavior,biolink:disrupts,biolink:PhenotypicFeature,2
biolink:ClinicalAttribute,biolink:subclass_of,biolink:Drug,2
biolink:Procedure,biolink:occurs_in,biolink:GenomicEntity,2
biolink:GenomicEntity,biolink:subclass_of,biolink:PhysiologicalProcess,2
biolink:GenomicEntity,biolink:subclass_of,biolink:PhenotypicFeature,2
biolink:PopulationOfIndividualOrganisms,biolink:interacts_with,biolink:Human,2
biolink:Procedure,biolink:located_in,biolink:PopulationOfIndividualOrganisms,2
biolink:ChemicalMixture,biolink:causes,biolink:DiseaseOrPhenotypicFeature,2
biolink:PopulationOfIndividualOrganisms,biolink:occurs_in,biolink:IndividualOrganism,2
biolink:PopulationOfIndividualOrganisms,biolink:predisposes_to_condition,biolink:BiologicalProcess,2
biolink:IndividualOrganism,biolink:affects,biolink:SmallMolecule,2
biolink:PopulationOfIndividualOrganisms,biolink:occurs_in,biolink:NamedThing,2
biolink:ClinicalAttribute,biolink:subclass_of,biolink:NamedThing,2
biolink:GeographicLocation,biolink:related_to,biolink:OrganismTaxon,2
biolink:Procedure,biolink:located_in,biolink:ComplexMolecularMixture,2
biolink:Food,biolink:associated_with,biolink:InformationContentEntity,2
biolink:Procedure,biolink:located_in,biolink:Polypeptide,2
biolink:PopulationOfIndividualOrganisms,biolink:occurs_in,biolink:Activity,2
biolink:IndividualOrganism,biolink:has_input,biolink:Activity,2
biolink:Behavior,biolink:has_input,biolink:ComplexMolecularMixture,2
biolink:IndividualOrganism,biolink:has_input,biolink:Behavior,2
biolink:Food,biolink:treats_or_applied_or_studied_to_treat,biolink:InformationContentEntity,2
biolink:GeographicLocation,biolink:related_to,biolink:Behavior,2
biolink:Procedure,biolink:exacerbates_condition,biolink:MolecularActivity,2
biolink:GrossAnatomicalStructure,biolink:correlated_with,biolink:BiologicalProcess,2
biolink:Procedure,biolink:exacerbates_condition,biolink:AnatomicalEntity,2
biolink:Food,biolink:predisposes_to_condition,biolink:NucleicAcidEntity,2
biolink:Procedure,biolink:causes,biolink:Gene,2
biolink:GrossAnatomicalStructure,biolink:produces,biolink:OrganismTaxon,2
biolink:ChemicalEntity,biolink:treats_or_applied_or_studied_to_treat,biolink:PhysiologicalProcess,2
biolink:ClinicalIntervention,biolink:close_match,biolink:InformationContentEntity,2
biolink:Procedure,biolink:associated_with,biolink:Procedure,2
biolink:GrossAnatomicalStructure,biolink:has_part,biolink:MolecularActivity,2
biolink:ChemicalExposure,biolink:interacts_with,biolink:CellularComponent,2
biolink:Behavior,biolink:predisposes_to_condition,biolink:AnatomicalEntity,2
biolink:Protein,biolink:positively_correlated_with,biolink:ChemicalEntity,2
biolink:ChemicalMixture,biolink:affects,biolink:Activity,2
biolink:Food,biolink:has_member,biolink:Protein,2
biolink:Protein,biolink:located_in,biolink:Phenomenon,2
biolink:Food,biolink:has_member,biolink:ChemicalEntity,2
biolink:ChemicalEntity,biolink:has_input,biolink:AnatomicalEntity,2
biolink:ChemicalEntity,biolink:treats_or_applied_or_studied_to_treat,biolink:Event,2
biolink:GrossAnatomicalStructure,biolink:produces,biolink:Cell,2
biolink:GrossAnatomicalStructure,biolink:has_input,biolink:Procedure,2
biolink:Procedure,biolink:coexists_with,biolink:BiologicalEntity,2
biolink:Procedure,biolink:close_match,biolink:NucleicAcidEntity,2
biolink:Cohort,biolink:causes,biolink:PhenotypicFeature,2
biolink:GrossAnatomicalStructure,biolink:occurs_in,biolink:PhenotypicFeature,2
biolink:GrossAnatomicalStructure,biolink:positively_correlated_with,biolink:PhenotypicFeature,2
biolink:Procedure,biolink:close_match,biolink:IndividualOrganism,2
biolink:Procedure,biolink:close_match,biolink:GenomicEntity,2
biolink:GrossAnatomicalStructure,biolink:negatively_correlated_with,biolink:Disease,2
biolink:Behavior,biolink:precedes,biolink:Procedure,2
biolink:Behavior,biolink:occurs_in,biolink:Phenomenon,2
biolink:GrossAnatomicalStructure,biolink:preventative_for_condition,biolink:PhenotypicFeature,2
biolink:Cohort,biolink:close_match,biolink:IndividualOrganism,2
biolink:Food,biolink:occurs_in,biolink:Cohort,2
biolink:Behavior,biolink:precedes,biolink:PhysiologicalProcess,2
biolink:GrossAnatomicalStructure,biolink:interacts_with,biolink:GrossAnatomicalStructure,2
biolink:ChemicalEntity,biolink:subclass_of,biolink:IndividualOrganism,2
biolink:Behavior,biolink:manifestation_of,biolink:BiologicalProcess,2
biolink:Food,biolink:produces,biolink:MolecularMixture,2
biolink:Procedure,biolink:disrupts,biolink:Behavior,2
biolink:Procedure,biolink:diagnoses,biolink:Protein,2
biolink:GrossAnatomicalStructure,biolink:subclass_of,biolink:OrganismTaxon,2
biolink:GrossAnatomicalStructure,biolink:subclass_of,biolink:PhenotypicFeature,2
biolink:Behavior,biolink:produces,biolink:SmallMolecule,2
biolink:GrossAnatomicalStructure,biolink:disrupts,biolink:Behavior,2
biolink:AnatomicalEntity,biolink:associated_with,biolink:CellularComponent,2
biolink:PopulationOfIndividualOrganisms,biolink:treats_or_applied_or_studied_to_treat,biolink:NamedThing,2
biolink:Behavior,biolink:located_in,biolink:Cell,2
biolink:PopulationOfIndividualOrganisms,biolink:treats_or_applied_or_studied_to_treat,biolink:InformationContentEntity,2
biolink:GrossAnatomicalStructure,biolink:superclass_of,biolink:Cell,2
biolink:GrossAnatomicalStructure,biolink:diagnoses,biolink:PhenotypicFeature,2
biolink:ChemicalMixture,biolink:affects,biolink:Device,2
biolink:Procedure,biolink:disrupts,biolink:CellularComponent,2
biolink:GrossAnatomicalStructure,biolink:derives_from,biolink:Cell,2
biolink:Behavior,biolink:produces,biolink:ChemicalEntity,2
biolink:Behavior,biolink:produces,biolink:AnatomicalEntity,2
biolink:Food,biolink:predisposes_to_condition,biolink:Phenomenon,2
biolink:GrossAnatomicalStructure,biolink:related_to,biolink:PopulationOfIndividualOrganisms,2
biolink:ClinicalAttribute,biolink:treats_or_applied_or_studied_to_treat,biolink:Procedure,2
biolink:ChemicalEntity,biolink:subclass_of,biolink:Behavior,2
biolink:Behavior,biolink:predisposes_to_condition,biolink:Phenomenon,2
biolink:Behavior,biolink:predisposes_to_condition,biolink:Procedure,2
biolink:GrossAnatomicalStructure,biolink:related_to,biolink:Phenomenon,2
biolink:GrossAnatomicalStructure,biolink:has_input,biolink:AnatomicalEntity,2
biolink:GrossAnatomicalStructure,biolink:has_input,biolink:Activity,2
biolink:GrossAnatomicalStructure,biolink:subclass_of,biolink:ChemicalEntity,2
biolink:Behavior,biolink:preventative_for_condition,biolink:Behavior,2
biolink:Behavior,biolink:preventative_for_condition,biolink:OrganismTaxon,2
biolink:Food,biolink:has_input,biolink:Food,2
biolink:ChemicalEntity,biolink:similar_to,biolink:Drug,2
biolink:GrossAnatomicalStructure,biolink:exacerbates_condition,biolink:Disease,2
biolink:AnatomicalEntity,biolink:capable_of,biolink:MolecularActivity,2
biolink:Gene,biolink:actively_involved_in,biolink:CellularComponent,2
biolink:ChemicalEntity,biolink:regulates,biolink:CellularComponent,2
biolink:Behavior,biolink:subclass_of,biolink:Device,2
biolink:ChemicalEntity,biolink:preventative_for_condition,biolink:Behavior,2
biolink:Agent,biolink:related_to,biolink:Protein,2
biolink:InformationContentEntity,biolink:close_match,biolink:SmallMolecule,2
biolink:Polypeptide,biolink:preventative_for_condition,biolink:InformationContentEntity,2
biolink:GenomicEntity,biolink:derives_from,biolink:ComplexMolecularMixture,2
biolink:Cohort,biolink:occurs_in,biolink:Agent,2
biolink:GenomicEntity,biolink:coexists_with,biolink:PhenotypicFeature,2
biolink:Cohort,biolink:occurs_in,biolink:GrossAnatomicalStructure,2
biolink:InformationContentEntity,biolink:close_match,biolink:Protein,2
biolink:Protein,biolink:subclass_of,biolink:GeographicLocation,2
biolink:GenomicEntity,biolink:coexists_with,biolink:OrganismTaxon,2
biolink:GenomicEntity,biolink:coexists_with,biolink:Food,2
biolink:InformationContentEntity,biolink:derives_from,biolink:ChemicalEntity,2
biolink:AnatomicalEntity,biolink:subclass_of,biolink:SmallMolecule,2
biolink:Protein,biolink:subclass_of,biolink:Phenomenon,2
biolink:Procedure,biolink:related_to,biolink:Pathway,2
biolink:AnatomicalEntity,biolink:treats_or_applied_or_studied_to_treat,biolink:GrossAnatomicalStructure,2
biolink:Polypeptide,biolink:interacts_with,biolink:Phenomenon,2
biolink:InformationContentEntity,biolink:close_match,biolink:BiologicalProcess,2
biolink:GenomicEntity,biolink:has_part,biolink:Gene,2
biolink:InformationContentEntity,biolink:close_match,biolink:Behavior,2
biolink:Protein,biolink:same_as,biolink:MolecularEntity,2
biolink:Gene,biolink:causes,biolink:NucleicAcidEntity,2
biolink:Procedure,biolink:related_to,biolink:DiseaseOrPhenotypicFeature,2
biolink:Procedure,biolink:related_to,biolink:Event,2
biolink:Procedure,biolink:related_to,biolink:GeographicLocation,2
biolink:InformationContentEntity,biolink:close_match,biolink:Phenomenon,2
biolink:ClinicalAttribute,biolink:predisposes_to_condition,biolink:Procedure,2
biolink:Protein,biolink:genetically_associated_with,biolink:ClinicalAttribute,2
biolink:Drug,biolink:treats,biolink:OrganismTaxon,2
biolink:Gene,biolink:close_match,biolink:MolecularMixture,2
biolink:InformationContentEntity,biolink:close_match,biolink:NamedThing,2
biolink:Protein,biolink:occurs_in,biolink:Human,2
biolink:AnatomicalEntity,biolink:contributes_to,biolink:PhenotypicFeature,2
biolink:GenomicEntity,biolink:coexists_with,biolink:AnatomicalEntity,2
biolink:Cohort,biolink:interacts_with,biolink:Activity,2
biolink:ClinicalAttribute,biolink:occurs_in,biolink:BiologicalProcess,2
biolink:Polypeptide,biolink:expressed_in,biolink:Protein,2
biolink:InformationContentEntity,biolink:has_input,biolink:ClinicalAttribute,2
biolink:GenomicEntity,biolink:associated_with,biolink:InformationContentEntity,2
biolink:InformationContentEntity,biolink:has_input,biolink:GenomicEntity,2
biolink:Protein,biolink:expressed_in,biolink:Pathway,2
biolink:BiologicalEntity,biolink:coexists_with,biolink:PhysicalEntity,2
biolink:InformationContentEntity,biolink:has_input,biolink:IndividualOrganism,2
biolink:AnatomicalEntity,biolink:derives_from,biolink:CellLine,2
biolink:Polypeptide,biolink:disrupts,biolink:IndividualOrganism,2
biolink:Protein,biolink:expressed_in,biolink:Disease,2
biolink:AnatomicalEntity,biolink:derives_from,biolink:MolecularMixture,2
biolink:Procedure,biolink:treats_or_applied_or_studied_to_treat,biolink:Cell,2
biolink:InformationContentEntity,biolink:has_input,biolink:NamedThing,2
biolink:ClinicalAttribute,biolink:occurs_in,biolink:Behavior,2
biolink:Gene,biolink:coexists_with,biolink:GrossAnatomicalStructure,2
biolink:GenomicEntity,biolink:biomarker_for,biolink:Procedure,2
biolink:Polypeptide,biolink:interacts_with,biolink:InformationContentEntity,2
biolink:InformationContentEntity,biolink:diagnoses,biolink:DiseaseOrPhenotypicFeature,2
biolink:Procedure,biolink:subclass_of,biolink:Cohort,2
biolink:GenomicEntity,biolink:close_match,biolink:SmallMolecule,2
biolink:Agent,biolink:related_to,biolink:Device,2
biolink:BiologicalEntity,biolink:coexists_with,biolink:ClinicalAttribute,2
biolink:Polypeptide,biolink:interacts_with,biolink:ComplexMolecularMixture,2
biolink:GenomicEntity,biolink:close_match,biolink:Procedure,2
biolink:InformationContentEntity,biolink:diagnoses,biolink:NamedThing,2
biolink:InformationContentEntity,biolink:gene_product_of,biolink:Gene,2
biolink:Gene,biolink:coexists_with,biolink:Disease,2
biolink:Polypeptide,biolink:interacts_with,biolink:AnatomicalEntity,2
biolink:ChemicalEntity,biolink:predisposes_to_condition,biolink:Event,2
biolink:Polypeptide,biolink:has_part,biolink:Drug,2
biolink:Polypeptide,biolink:has_input,biolink:SmallMolecule,2
biolink:Agent,biolink:related_to,biolink:Cell,2
biolink:Behavior,biolink:affects,biolink:NamedThing,2
biolink:ClinicalAttribute,biolink:preventative_for_condition,biolink:InformationContentEntity,2
biolink:Behavior,biolink:subclass_of,biolink:GrossAnatomicalStructure,2
biolink:Gene,biolink:affected_by,biolink:Protein,2
biolink:Behavior,biolink:coexists_with,biolink:ClinicalAttribute,2
biolink:Gene,biolink:actively_involved_in,biolink:PhenotypicFeature,2
biolink:PopulationOfIndividualOrganisms,biolink:close_match,biolink:PhysicalEntity,2
biolink:ChemicalEntity,biolink:produces,biolink:PhysicalEntity,2
biolink:ChemicalEntity,biolink:produces,biolink:PhenotypicFeature,2
biolink:Event,biolink:related_to,biolink:ClinicalAttribute,2
biolink:ChemicalMixture,biolink:close_match,biolink:MolecularMixture,2
biolink:AnatomicalEntity,biolink:coexists_with,biolink:Device,2
biolink:ChemicalMixture,biolink:close_match,biolink:Procedure,2
biolink:PopulationOfIndividualOrganisms,biolink:affects,biolink:SmallMolecule,2
biolink:PopulationOfIndividualOrganisms,biolink:affects,biolink:Protein,2
biolink:AnatomicalEntity,biolink:affects,biolink:BiologicalEntity,2
biolink:Event,biolink:occurs_in,biolink:InformationContentEntity,2
biolink:PopulationOfIndividualOrganisms,biolink:affects,biolink:BiologicalProcess,2
biolink:GenomicEntity,biolink:related_to,biolink:Publication,2
biolink:Protein,biolink:related_to,biolink:Agent,2
biolink:Gene,biolink:affects,biolink:ChemicalMixture,2
biolink:Behavior,biolink:coexists_with,biolink:Phenomenon,2
biolink:IndividualOrganism,biolink:related_to,biolink:ClinicalAttribute,2
biolink:Behavior,biolink:subclass_of,biolink:OrganismTaxon,2
biolink:IndividualOrganism,biolink:related_to,biolink:Drug,2
biolink:Behavior,biolink:subclass_of,biolink:PhysiologicalProcess,2
biolink:Exon,biolink:close_match,biolink:ChemicalEntity,2
biolink:PopulationOfIndividualOrganisms,biolink:has_input,biolink:IndividualOrganism,2
biolink:IndividualOrganism,biolink:subclass_of,biolink:AnatomicalEntity,2
biolink:Event,biolink:related_to,biolink:Procedure,2
biolink:Event,biolink:subclass_of,biolink:BiologicalProcess,2
biolink:GenomicEntity,biolink:subclass_of,biolink:ChemicalMixture,2
biolink:PopulationOfIndividualOrganisms,biolink:has_input,biolink:AnatomicalEntity,2
biolink:AnatomicalEntity,biolink:coexists_with,biolink:ComplexMolecularMixture,2
biolink:AnatomicalEntity,biolink:affects,biolink:ComplexMolecularMixture,2
biolink:Behavior,biolink:coexists_with,biolink:InformationContentEntity,2
biolink:Behavior,biolink:close_match,biolink:IndividualOrganism,2
biolink:ChemicalEntity,biolink:preventative_for_condition,biolink:Phenomenon,2
biolink:Behavior,biolink:affects,biolink:Publication,2
biolink:Agent,biolink:subclass_of,biolink:Device,2
biolink:Polypeptide,biolink:subclass_of,biolink:AnatomicalEntity,2
biolink:Procedure,biolink:produces,biolink:Cell,2
biolink:InformationContentEntity,biolink:associated_with,biolink:PopulationOfIndividualOrganisms,2
biolink:ChemicalMixture,biolink:disrupts,biolink:AnatomicalEntity,2
biolink:InformationContentEntity,biolink:associated_with,biolink:Procedure,2
biolink:Procedure,biolink:produces,biolink:Disease,2
biolink:Polypeptide,biolink:related_to,biolink:PhysicalEntity,2
biolink:GenomicEntity,biolink:located_in,biolink:Gene,2
biolink:Gene,biolink:associated_with,biolink:Behavior,2
biolink:Polypeptide,biolink:related_to,biolink:PhenotypicFeature,2
biolink:Agent,biolink:subclass_of,biolink:BiologicalProcess,2
biolink:ChemicalMixture,biolink:disrupts,biolink:Cell,2
biolink:Polypeptide,biolink:related_to,biolink:MolecularEntity,2
biolink:Behavior,biolink:causes,biolink:Activity,2
biolink:GenomicEntity,biolink:located_in,biolink:Disease,2
biolink:ChemicalMixture,biolink:coexists_with,biolink:NucleicAcidEntity,2
biolink:ChemicalMixture,biolink:coexists_with,biolink:ComplexMolecularMixture,2
biolink:GenomicEntity,biolink:produces,biolink:OrganismTaxon,2
biolink:ClinicalAttribute,biolink:related_to,biolink:MolecularActivity,2
biolink:InformationContentEntity,biolink:affects,biolink:Polypeptide,2
biolink:Event,biolink:close_match,biolink:InformationContentEntity,2
biolink:Agent,biolink:treats_or_applied_or_studied_to_treat,biolink:Agent,2
biolink:GenomicEntity,biolink:produces,biolink:PhysicalEntity,2
biolink:InformationContentEntity,biolink:associated_with,biolink:Behavior,2
biolink:ClinicalAttribute,biolink:related_to,biolink:IndividualOrganism,2
biolink:Protein,biolink:has_part,biolink:Cell,2
biolink:GenomicEntity,biolink:produces,biolink:GrossAnatomicalStructure,2
biolink:GenomicEntity,biolink:produces,biolink:ChemicalMixture,2
biolink:ClinicalAttribute,biolink:related_to,biolink:Event,2
biolink:EnvironmentalProcess,biolink:occurs_in,biolink:PhysicalEntity,2
biolink:Procedure,biolink:preventative_for_condition,biolink:Gene,2
biolink:ChemicalMixture,biolink:coexists_with,biolink:GenomicEntity,2
biolink:Procedure,biolink:associated_with,biolink:Activity,2
biolink:Gene,biolink:located_in,biolink:ComplexMolecularMixture,2
biolink:PhysiologicalProcess,biolink:has_participant,biolink:NucleicAcidEntity,2
biolink:SmallMolecule,biolink:regulates,biolink:Disease,2
biolink:MolecularMixture,biolink:in_taxon,biolink:OrganismTaxon,2
biolink:Phenomenon,biolink:diagnoses,biolink:BiologicalEntity,2
biolink:SmallMolecule,biolink:chemically_similar_to,biolink:Polypeptide,2
biolink:Disease,biolink:has_part,biolink:MolecularActivity,2
biolink:MolecularMixture,biolink:interacts_with,biolink:MolecularActivity,2
biolink:Cell,biolink:affects,biolink:CellularComponent,2
biolink:SmallMolecule,biolink:close_match,biolink:Activity,2
biolink:ComplexMolecularMixture,biolink:related_to,biolink:Phenomenon,2
biolink:ComplexMolecularMixture,biolink:related_to,biolink:Food,2
biolink:CellularComponent,biolink:related_to,biolink:Activity,2
biolink:CellularComponent,biolink:regulates,biolink:CellularComponent,2
biolink:Cell,biolink:subclass_of,biolink:Activity,2
biolink:SmallMolecule,biolink:regulates,biolink:ChemicalEntity,2
biolink:SmallMolecule,biolink:close_match,biolink:ChemicalMixture,2
biolink:MolecularMixture,biolink:located_in,biolink:Device,2
biolink:SmallMolecule,biolink:close_match,biolink:ComplexMolecularMixture,2
biolink:MolecularMixture,biolink:has_participant,biolink:BiologicalProcess,2
biolink:BiologicalProcess,biolink:has_output,biolink:NucleicAcidEntity,2
biolink:Drug,biolink:causes,biolink:NucleicAcidEntity,2
biolink:MolecularMixture,biolink:has_part,biolink:PhenotypicFeature,2
biolink:PhenotypicFeature,biolink:produces,biolink:BiologicalProcess,2
biolink:Activity,biolink:produces,biolink:Publication,2
biolink:Cell,biolink:related_to,biolink:GenomicEntity,2
biolink:PhenotypicFeature,biolink:preventative_for_condition,biolink:AnatomicalEntity,2
biolink:PhenotypicFeature,biolink:predisposes_to_condition,biolink:SmallMolecule,2
biolink:Activity,biolink:produces,biolink:PhenotypicFeature,2
biolink:MolecularMixture,biolink:has_metabolite,biolink:MolecularMixture,2
biolink:MolecularMixture,biolink:has_part,biolink:AnatomicalEntity,2
biolink:Activity,biolink:produces,biolink:OrganismTaxon,2
biolink:Phenomenon,biolink:coexists_with,biolink:ClinicalAttribute,2
biolink:MolecularMixture,biolink:has_part,biolink:ChemicalMixture,2
biolink:NucleicAcidEntity,biolink:related_to,biolink:OrganismTaxon,2
biolink:NucleicAcidEntity,biolink:related_to,biolink:MolecularEntity,2
biolink:PhenotypicFeature,biolink:predisposes_to_condition,biolink:GrossAnatomicalStructure,2
biolink:NucleicAcidEntity,biolink:related_to,biolink:ComplexMolecularMixture,2
biolink:CellularComponent,biolink:produces,biolink:GrossAnatomicalStructure,2
biolink:SmallMolecule,biolink:close_match,biolink:Disease,2
biolink:Activity,biolink:produces,biolink:CellularComponent,2
biolink:MolecularMixture,biolink:preventative_for_condition,biolink:Procedure,2
biolink:Disease,biolink:has_participant,biolink:Drug,2
biolink:Device,biolink:precedes,biolink:PhenotypicFeature,2
biolink:MolecularMixture,biolink:produces,biolink:PhenotypicFeature,2
biolink:SmallMolecule,biolink:produces,biolink:ChemicalMixture,2
biolink:Phenomenon,biolink:has_participant,biolink:Polypeptide,2
biolink:CellularComponent,biolink:positively_correlated_with,biolink:Disease,2
biolink:CellularComponent,biolink:occurs_in,biolink:Human,2
biolink:MolecularMixture,biolink:same_as,biolink:Polypeptide,2
biolink:CellularComponent,biolink:negatively_correlated_with,biolink:Disease,2
biolink:SmallMolecule,biolink:preventative_for_condition,biolink:PathologicalProcess,2
biolink:Disease,biolink:has_phenotype,biolink:BehavioralFeature,2
biolink:PhenotypicFeature,biolink:interacts_with,biolink:Procedure,2
biolink:NucleicAcidEntity,biolink:occurs_in,biolink:PhenotypicFeature,2
biolink:PhenotypicFeature,biolink:interacts_with,biolink:PhysiologicalProcess,2
biolink:ComplexMolecularMixture,biolink:treats_or_applied_or_studied_to_treat,biolink:Behavior,2
biolink:MolecularMixture,biolink:produces,biolink:Device,2
biolink:Phenomenon,biolink:has_part,biolink:PhysiologicalProcess,2
biolink:PhenotypicFeature,biolink:occurs_in,biolink:Phenomenon,2
biolink:MolecularMixture,biolink:predisposes_to_condition,biolink:NamedThing,2
biolink:NucleicAcidEntity,biolink:produces,biolink:Polypeptide,2
biolink:SmallMolecule,biolink:regulates,biolink:CellularComponent,2
biolink:Phenomenon,biolink:has_input,biolink:Food,2
biolink:Device,biolink:preventative_for_condition,biolink:AnatomicalEntity,2
biolink:PhenotypicFeature,biolink:occurs_in,biolink:Food,2
biolink:BiologicalProcess,biolink:has_part,biolink:NamedThing,2
biolink:PhenotypicFeature,biolink:occurs_in,biolink:Device,2
biolink:SmallMolecule,biolink:close_match,biolink:Phenomenon,2
biolink:Disease,biolink:has_part,biolink:PhysiologicalProcess,2
biolink:MolecularMixture,biolink:precedes,biolink:Activity,2
biolink:Drug,biolink:associated_with,biolink:PhysiologicalProcess,2
biolink:MolecularMixture,biolink:precedes,biolink:Disease,2
biolink:PhenotypicFeature,biolink:negatively_correlated_with,biolink:PhenotypicFeature,2
biolink:MolecularMixture,biolink:predisposes_to_condition,biolink:AnatomicalEntity,2
biolink:Drug,biolink:associated_with,biolink:Event,2
biolink:MolecularMixture,biolink:has_member,biolink:ChemicalEntity,2
biolink:Phenomenon,biolink:close_match,biolink:NamedThing,2
biolink:SmallMolecule,biolink:coexists_with,biolink:PopulationOfIndividualOrganisms,2
biolink:ChemicalEntity,biolink:ameliorates_condition,biolink:PhenotypicFeature,2
biolink:PhenotypicFeature,biolink:superclass_of,biolink:DiseaseOrPhenotypicFeature,2
biolink:ChemicalEntity,biolink:associated_with,biolink:PopulationOfIndividualOrganisms,2
biolink:Drug,biolink:contraindicated_in,biolink:ChemicalEntity,2
biolink:BiologicalProcess,biolink:diagnoses,biolink:BiologicalProcess,2
biolink:ComplexMolecularMixture,biolink:located_in,biolink:InformationContentEntity,2
biolink:Disease,biolink:gene_associated_with_condition,biolink:Disease,2
biolink:Phenomenon,biolink:associated_with,biolink:ComplexMolecularMixture,2
biolink:OrganismTaxon,biolink:causes,biolink:Behavior,2
biolink:PhenotypicFeature,biolink:produces,biolink:ComplexMolecularMixture,2
biolink:Device,biolink:produces,biolink:Drug,2
biolink:ComplexMolecularMixture,biolink:precedes,biolink:Procedure,2
biolink:Phenomenon,biolink:associated_with,biolink:InformationContentEntity,2
biolink:SmallMolecule,biolink:applied_to_treat,biolink:Activity,2
biolink:BiologicalProcess,biolink:disrupts,biolink:CellularComponent,2
biolink:BiologicalProcess,biolink:disrupts,biolink:IndividualOrganism,2
biolink:ComplexMolecularMixture,biolink:preventative_for_condition,biolink:BiologicalEntity,2
biolink:ComplexMolecularMixture,biolink:interacts_with,biolink:PhysicalEntity,2
biolink:MolecularEntity,biolink:subclass_of,biolink:Phenomenon,2
biolink:OrganismTaxon,biolink:causes,biolink:Procedure,2
biolink:Activity,biolink:subclass_of,biolink:ClinicalAttribute,2
biolink:Drug,biolink:correlated_with,biolink:BiologicalProcess,2
biolink:OrganismTaxon,biolink:close_match,biolink:Publication,2
biolink:ComplexMolecularMixture,biolink:interacts_with,biolink:OrganismTaxon,2
biolink:Drug,biolink:contributes_to,biolink:MolecularActivity,2
biolink:Activity,biolink:subclass_of,biolink:OrganismTaxon,2
biolink:Device,biolink:related_to,biolink:BiologicalEntity,2
biolink:MolecularEntity,biolink:same_as,biolink:Polypeptide,2
biolink:Cell,biolink:produces,biolink:Cell,2
biolink:Activity,biolink:close_match,biolink:SmallMolecule,2
biolink:Device,biolink:related_to,biolink:Agent,2
biolink:MolecularEntity,biolink:subclass_of,biolink:BiologicalProcess,2
biolink:MolecularEntity,biolink:subclass_of,biolink:Disease,2
biolink:Activity,biolink:subclass_of,biolink:Drug,2
biolink:PhenotypicFeature,biolink:treats_or_applied_or_studied_to_treat,biolink:BiologicalEntity,2
biolink:OrganismTaxon,biolink:close_match,biolink:Gene,2
biolink:SmallMolecule,biolink:applied_to_treat,biolink:NamedThing,2
biolink:SmallMolecule,biolink:applied_to_treat,biolink:OrganismTaxon,2
biolink:BiologicalProcess,biolink:disrupts,biolink:Protein,2
biolink:BiologicalProcess,biolink:has_input,biolink:Disease,2
biolink:MolecularMixture,biolink:derives_from,biolink:GenomicEntity,2
biolink:SmallMolecule,biolink:interacts_with,biolink:GrossAnatomicalStructure,2
biolink:Disease,biolink:has_input,biolink:InformationContentEntity,2
biolink:CellularComponent,biolink:subclass_of,biolink:MolecularEntity,2
biolink:ComplexMolecularMixture,biolink:related_to,biolink:Activity,2
biolink:CellularComponent,biolink:subclass_of,biolink:ClinicalAttribute,2
biolink:CellularComponent,biolink:subclass_of,biolink:ChemicalMixture,2
biolink:Drug,biolink:close_match,biolink:ChemicalMixture,2
biolink:PhenotypicFeature,biolink:produces,biolink:Publication,2
biolink:MolecularMixture,biolink:disrupts,biolink:IndividualOrganism,2
biolink:Cell,biolink:related_to,biolink:Agent,2
biolink:Disease,biolink:has_output,biolink:GrossAnatomicalStructure,2
biolink:SmallMolecule,biolink:causes,biolink:Event,2
biolink:MolecularMixture,biolink:has_input,biolink:Food,2
biolink:PhenotypicFeature,biolink:produces,biolink:Disease,2
biolink:BiologicalProcess,biolink:has_input,biolink:InformationContentEntity,2
biolink:MolecularMixture,biolink:derives_from,biolink:AnatomicalEntity,2
biolink:PhenotypicFeature,biolink:subclass_of,biolink:Agent,2
biolink:Phenomenon,biolink:causes,biolink:Phenomenon,2
biolink:MolecularMixture,biolink:close_match,biolink:ChemicalMixture,2
biolink:ComplexMolecularMixture,biolink:produces,biolink:AnatomicalEntity,2
biolink:SmallMolecule,biolink:associated_with,biolink:Behavior,2
biolink:Phenomenon,biolink:associated_with,biolink:Procedure,2
biolink:Cell,biolink:produces,biolink:MolecularActivity,2
biolink:SmallMolecule,biolink:related_to,biolink:GeographicLocation,2
biolink:Phenomenon,biolink:causes,biolink:AnatomicalEntity,2
biolink:Activity,biolink:coexists_with,biolink:MolecularMixture,2
biolink:Cell,biolink:affects,biolink:NamedThing,2
biolink:MolecularMixture,biolink:coexists_with,biolink:Activity,2
biolink:SmallMolecule,biolink:associated_with,biolink:NucleicAcidEntity,2
biolink:Phenomenon,biolink:causes,biolink:GrossAnatomicalStructure,2
biolink:CellularComponent,biolink:subclass_of,biolink:SmallMolecule,2
biolink:SmallMolecule,biolink:associated_with,biolink:PhysiologicalProcess,2
biolink:PhenotypicFeature,biolink:related_to,biolink:EnvironmentalProcess,2
biolink:PhenotypicFeature,biolink:interacts_with,biolink:NucleicAcidEntity,2
biolink:PhenotypicFeature,biolink:interacts_with,biolink:Food,2
biolink:Device,biolink:related_to,biolink:CellularComponent,2
biolink:PhenotypicFeature,biolink:causes,biolink:Gene,2
biolink:NamedThing,biolink:located_in,biolink:InformationContentEntity,2
biolink:NamedThing,biolink:located_in,biolink:NamedThing,2
biolink:Activity,biolink:located_in,biolink:PhenotypicFeature,2
biolink:Activity,biolink:has_input,biolink:IndividualOrganism,2
biolink:Disease,biolink:positively_correlated_with,biolink:BiologicalProcess,2
biolink:Device,biolink:has_input,biolink:MolecularActivity,2
biolink:Device,biolink:close_match,biolink:Activity,2
biolink:SmallMolecule,biolink:has_input,biolink:PhysicalEntity,2
biolink:NucleicAcidEntity,biolink:disrupts,biolink:OrganismTaxon,2
biolink:CellularComponent,biolink:affects,biolink:Drug,2
biolink:Disease,biolink:predisposes_to_condition,biolink:Gene,2
biolink:Device,biolink:close_match,biolink:AnatomicalEntity,2
biolink:NamedThing,biolink:precedes,biolink:BiologicalProcess,2
biolink:NamedThing,biolink:precedes,biolink:ChemicalEntity,2
biolink:Disease,biolink:subclass_of,biolink:PhysicalEntity,2
biolink:BiologicalProcess,biolink:produces,biolink:Cell,2
biolink:NamedThing,biolink:located_in,biolink:GeographicLocation,2
biolink:NamedThing,biolink:located_in,biolink:CellularComponent,2
biolink:CellularComponent,biolink:correlated_with,biolink:BiologicalProcess,2
biolink:BiologicalProcess,biolink:precedes,biolink:Gene,2
biolink:CellularComponent,biolink:disrupts,biolink:CellularComponent,2
biolink:DiseaseOrPhenotypicFeature,biolink:associated_with,biolink:Protein,2
biolink:SmallMolecule,biolink:exacerbates_condition,biolink:Activity,2
biolink:Device,biolink:has_member,biolink:Device,2
biolink:SmallMolecule,biolink:manifestation_of,biolink:Disease,2
biolink:NamedThing,biolink:has_participant,biolink:NamedThing,2
biolink:SmallMolecule,biolink:located_in,biolink:SmallMolecule,2
biolink:Disease,biolink:treats_or_applied_or_studied_to_treat,biolink:ChemicalEntity,2
biolink:CellularComponent,biolink:disrupts,biolink:Behavior,2
biolink:Device,biolink:has_input,biolink:PopulationOfIndividualOrganisms,2
biolink:BiologicalProcess,biolink:subclass_of,biolink:EnvironmentalProcess,2
biolink:CellularComponent,biolink:derives_from,biolink:CellularComponent,2
biolink:Activity,biolink:located_in,biolink:PopulationOfIndividualOrganisms,2
biolink:CellLine,biolink:derives_from,biolink:Disease,2
biolink:NamedThing,biolink:interacts_with,biolink:Drug,2
biolink:Device,biolink:exacerbates_condition,biolink:PhenotypicFeature,2
biolink:Device,biolink:close_match,biolink:GenomicEntity,2
biolink:NucleicAcidEntity,biolink:close_match,biolink:InformationContentEntity,2
biolink:NamedThing,biolink:subclass_of,biolink:MolecularActivity,2
biolink:NucleicAcidEntity,biolink:associated_with,biolink:OrganismTaxon,2
biolink:BiologicalProcess,biolink:regulates,biolink:ChemicalEntity,2
biolink:NucleicAcidEntity,biolink:associated_with,biolink:ClinicalAttribute,2
biolink:NucleicAcidEntity,biolink:associated_with,biolink:AnatomicalEntity,2
biolink:Device,biolink:coexists_with,biolink:GenomicEntity,2
biolink:Device,biolink:coexists_with,biolink:PhysicalEntity,2
biolink:NamedThing,biolink:subclass_of,biolink:PopulationOfIndividualOrganisms,2
biolink:PhenotypicFeature,biolink:affects,biolink:Food,2
biolink:CellularComponent,biolink:close_match,biolink:OrganismTaxon,2
biolink:NucleicAcidEntity,biolink:affects,biolink:PhysicalEntity,2
biolink:NucleicAcidEntity,biolink:affects,biolink:NamedThing,2
biolink:BiologicalProcess,biolink:related_to,biolink:Human,2
biolink:Device,biolink:exacerbates_condition,biolink:BiologicalProcess,2
biolink:Disease,biolink:produces,biolink:Publication,2
biolink:NamedThing,biolink:treats_or_applied_or_studied_to_treat,biolink:Human,2
biolink:Phenomenon,biolink:subclass_of,biolink:Agent,2
biolink:CellularComponent,biolink:close_match,biolink:Polypeptide,2
biolink:Phenomenon,biolink:related_to,biolink:GrossAnatomicalStructure,2
biolink:Device,biolink:coexists_with,biolink:ChemicalMixture,2
biolink:BiologicalProcess,biolink:same_as,biolink:NamedThing,2
biolink:NucleicAcidEntity,biolink:close_match,biolink:Drug,2
biolink:PhenotypicFeature,biolink:associated_with,biolink:Phenomenon,2
biolink:BiologicalProcess,biolink:produces,biolink:Device,2
biolink:NucleicAcidEntity,biolink:close_match,biolink:Device,2
biolink:NucleicAcidEntity,biolink:causes,biolink:NucleicAcidEntity,2
biolink:PhenotypicFeature,biolink:associated_with,biolink:Food,2
biolink:Disease,biolink:subclass_of,biolink:MolecularEntity,2
biolink:Disease,biolink:subclass_of,biolink:Drug,2
biolink:PhenotypicFeature,biolink:associated_with,biolink:Cell,2
biolink:NucleicAcidEntity,biolink:causes,biolink:ClinicalAttribute,2
biolink:Device,biolink:close_match,biolink:PhenotypicFeature,2
biolink:NamedThing,biolink:same_as,biolink:SmallMolecule,2
biolink:NamedThing,biolink:subclass_of,biolink:Agent,2
biolink:NamedThing,biolink:subclass_of,biolink:Device,2
biolink:DiseaseOrPhenotypicFeature,biolink:close_match,biolink:Agent,2
biolink:SmallMolecule,biolink:occurs_in,biolink:GrossAnatomicalStructure,2
biolink:NucleicAcidEntity,biolink:occurs_in,biolink:GrossAnatomicalStructure,2
biolink:Activity,biolink:precedes,biolink:Protein,2
biolink:PhenotypicFeature,biolink:has_part,biolink:ComplexMolecularMixture,2
biolink:NamedThing,biolink:affects,biolink:GrossAnatomicalStructure,2
biolink:Phenomenon,biolink:manifestation_of,biolink:Activity,2
biolink:BiologicalProcess,biolink:manifestation_of,biolink:Phenomenon,2
biolink:NamedThing,biolink:affects,biolink:Procedure,2
biolink:NamedThing,biolink:applied_to_treat,biolink:SmallMolecule,2
biolink:Disease,biolink:located_in,biolink:Polypeptide,2
biolink:DiseaseOrPhenotypicFeature,biolink:related_to,biolink:Procedure,2
biolink:NamedThing,biolink:has_input,biolink:InformationContentEntity,2
biolink:Phenomenon,biolink:manifestation_of,biolink:MolecularActivity,2
biolink:Phenomenon,biolink:manifestation_of,biolink:Phenomenon,2
biolink:PhenotypicFeature,biolink:has_input,biolink:ClinicalAttribute,2
biolink:PhenotypicFeature,biolink:has_input,biolink:Cell,2
biolink:NamedThing,biolink:close_match,biolink:CellularComponent,2
biolink:Cell,biolink:superclass_of,biolink:GrossAnatomicalStructure,2
biolink:PhenotypicFeature,biolink:exacerbates_condition,biolink:Procedure,2
biolink:Activity,biolink:predisposes_to_condition,biolink:AnatomicalEntity,2
biolink:PhenotypicFeature,biolink:has_part,biolink:DiseaseOrPhenotypicFeature,2
biolink:CellularComponent,biolink:interacts_with,biolink:ChemicalExposure,2
biolink:SmallMolecule,biolink:derives_from,biolink:CellularComponent,2
biolink:BiologicalProcess,biolink:treats,biolink:PhenotypicFeature,2
biolink:MolecularMixture,biolink:treats,biolink:ChemicalEntity,2
biolink:BiologicalProcess,biolink:located_in,biolink:ClinicalAttribute,2
biolink:SmallMolecule,biolink:contraindicated_in,biolink:Device,2
biolink:Device,biolink:affects,biolink:IndividualOrganism,2
biolink:BiologicalProcess,biolink:located_in,biolink:Food,2
biolink:Phenomenon,biolink:located_in,biolink:ClinicalAttribute,2
biolink:PhenotypicFeature,biolink:has_participant,biolink:SmallMolecule,2
biolink:DiseaseOrPhenotypicFeature,biolink:superclass_of,biolink:PhenotypicFeature,2
biolink:Phenomenon,biolink:located_in,biolink:Drug,2
biolink:Activity,biolink:predisposes_to_condition,biolink:Behavior,2
biolink:MolecularMixture,biolink:treats_or_applied_or_studied_to_treat,biolink:Phenomenon,2
biolink:SmallMolecule,biolink:precedes,biolink:Publication,2
biolink:CellularComponent,biolink:interacts_with,biolink:ComplexMolecularMixture,2
biolink:BiologicalProcess,biolink:located_in,biolink:PhysicalEntity,2
biolink:BiologicalProcess,biolink:occurs_in,biolink:Device,2
biolink:PhenotypicFeature,biolink:exacerbates_condition,biolink:InformationContentEntity,2
biolink:SmallMolecule,biolink:positively_correlated_with,biolink:CellularComponent,2
biolink:PhenotypicFeature,biolink:diagnoses,biolink:DiseaseOrPhenotypicFeature,2
biolink:PhenotypicFeature,biolink:diagnoses,biolink:BiologicalProcess,2
biolink:Phenomenon,biolink:precedes,biolink:Phenomenon,2
biolink:PhenotypicFeature,biolink:diagnoses,biolink:Behavior,2
biolink:PhenotypicFeature,biolink:derives_from,biolink:SmallMolecule,2
biolink:SmallMolecule,biolink:disrupts,biolink:MolecularEntity,2
biolink:PhenotypicFeature,biolink:derives_from,biolink:Drug,2
biolink:NamedThing,biolink:contributes_to,biolink:PhenotypicFeature,2
biolink:DiseaseOrPhenotypicFeature,biolink:close_match,biolink:NamedThing,2
biolink:NamedThing,biolink:derives_from,biolink:PhysicalEntity,2
biolink:Cell,biolink:treats_or_applied_or_studied_to_treat,biolink:DiseaseOrPhenotypicFeature,2
biolink:NamedThing,biolink:derives_from,biolink:SmallMolecule,2
biolink:SmallMolecule,biolink:occurs_in,biolink:OrganismTaxon,2
biolink:BiologicalProcess,biolink:positively_correlated_with,biolink:Cell,2
biolink:BiologicalProcess,biolink:positively_correlated_with,biolink:CellularComponent,2
biolink:Phenomenon,biolink:predisposes_to_condition,biolink:InformationContentEntity,2
biolink:Phenomenon,biolink:precedes,biolink:MolecularActivity,2
biolink:PhenotypicFeature,biolink:diagnoses,biolink:NamedThing,2
biolink:BiologicalProcess,biolink:subclass_of,biolink:Polypeptide,2
biolink:Phenomenon,biolink:precedes,biolink:Activity,2
biolink:Phenomenon,biolink:occurs_in,biolink:Drug,2
biolink:Device,biolink:has_part,biolink:Polypeptide,2
biolink:Device,biolink:associated_with,biolink:InformationContentEntity,2
biolink:Activity,biolink:precedes,biolink:Behavior,2
biolink:Activity,biolink:precedes,biolink:AnatomicalEntity,2
biolink:DiseaseOrPhenotypicFeature,biolink:occurs_in,biolink:OrganismTaxon,2
biolink:Disease,biolink:manifestation_of,biolink:Event,2
biolink:SmallMolecule,biolink:physically_interacts_with,biolink:NucleicAcidEntity,2
biolink:NucleicAcidEntity,biolink:interacts_with,biolink:AnatomicalEntity,2
biolink:NamedThing,biolink:coexists_with,biolink:BiologicalEntity,2
biolink:Cell,biolink:treats_or_applied_or_studied_to_treat,biolink:Agent,2
biolink:SmallMolecule,biolink:disrupts,biolink:Cohort,2
biolink:SmallMolecule,biolink:disrupts,biolink:ComplexMolecularMixture,2
biolink:SmallMolecule,biolink:disrupts,biolink:Device,2
biolink:CellularComponent,biolink:has_part,biolink:BiologicalProcess,2
biolink:MolecularEntity,biolink:related_to,biolink:SmallMolecule,2
biolink:Device,biolink:disrupts,biolink:Polypeptide,2
biolink:PhysicalEntity,biolink:affects,biolink:Cell,2
biolink:BiologicalProcess,biolink:causes,biolink:NucleicAcidEntity,2
biolink:PhysicalEntity,biolink:interacts_with,biolink:Polypeptide,2
biolink:MolecularActivity,biolink:produces,biolink:MolecularMixture,2
biolink:PhysicalEntity,biolink:located_in,biolink:Agent,2
biolink:ChemicalEntity,biolink:disrupts,biolink:NucleicAcidEntity,2
biolink:Agent,biolink:has_part,biolink:ComplexMolecularMixture,2
biolink:Disease,biolink:close_match,biolink:MolecularActivity,2
biolink:BiologicalEntity,biolink:subclass_of,biolink:SmallMolecule,2
biolink:ComplexMolecularMixture,biolink:disrupts,biolink:OrganismTaxon,2
biolink:PhysicalEntity,biolink:located_in,biolink:Human,2
biolink:Pathway,biolink:located_in,biolink:GenomicEntity,2
biolink:PhysiologicalProcess,biolink:associated_with,biolink:PhenotypicFeature,2
biolink:PathologicalProcess,biolink:occurs_in,biolink:PopulationOfIndividualOrganisms,2
biolink:Disease,biolink:close_match,biolink:GrossAnatomicalStructure,2
biolink:MolecularActivity,biolink:preventative_for_condition,biolink:InformationContentEntity,2
biolink:PhysicalEntity,biolink:related_to,biolink:BiologicalProcess,2
biolink:Agent,biolink:coexists_with,biolink:Activity,2
biolink:OrganismTaxon,biolink:located_in,biolink:ComplexMolecularMixture,2
biolink:SmallMolecule,biolink:treats_or_applied_or_studied_to_treat,biolink:NucleicAcidEntity,2
biolink:MolecularActivity,biolink:correlated_with,biolink:Disease,2
biolink:PathologicalProcess,biolink:subclass_of,biolink:GrossAnatomicalStructure,2
biolink:PhysicalEntity,biolink:predisposes_to_condition,biolink:PhenotypicFeature,2
biolink:BiologicalEntity,biolink:treats_or_applied_or_studied_to_treat,biolink:PhenotypicFeature,2
biolink:PhysicalEntity,biolink:produces,biolink:PhysicalEntity,2
biolink:MolecularActivity,biolink:disrupts,biolink:AnatomicalEntity,2
biolink:PathologicalProcess,biolink:subclass_of,biolink:InformationContentEntity,2
biolink:Cell,biolink:coexists_with,biolink:MolecularMixture,2
biolink:MolecularActivity,biolink:precedes,biolink:Drug,2
biolink:Publication,biolink:located_in,biolink:Cohort,2
biolink:Publication,biolink:subclass_of,biolink:Cell,2
biolink:ComplexMolecularMixture,biolink:causes,biolink:InformationContentEntity,2
biolink:PhysiologicalProcess,biolink:causes,biolink:NucleicAcidEntity,2
biolink:Agent,biolink:has_part,biolink:Food,2
biolink:PhysicalEntity,biolink:has_input,biolink:ComplexMolecularMixture,2
biolink:PathologicalProcess,biolink:close_match,biolink:Procedure,2
biolink:MolecularActivity,biolink:causes,biolink:Protein,2
biolink:PhysiologicalProcess,biolink:close_match,biolink:GenomicEntity,2
biolink:MolecularActivity,biolink:close_match,biolink:ChemicalEntity,2
biolink:ChemicalEntity,biolink:close_match,biolink:Activity,2
biolink:MolecularActivity,biolink:related_to,biolink:OrganismTaxon,2
biolink:MolecularActivity,biolink:related_to,biolink:NucleicAcidEntity,2
biolink:Pathway,biolink:occurs_in,biolink:Gene,2
biolink:PhysicalEntity,biolink:has_input,biolink:MolecularActivity,2
biolink:Drug,biolink:disrupts,biolink:ComplexMolecularMixture,2
biolink:SmallMolecule,biolink:treats_or_applied_or_studied_to_treat,biolink:PathologicalProcess,2
biolink:PhysicalEntity,biolink:has_input,biolink:PopulationOfIndividualOrganisms,2
biolink:ChemicalEntity,biolink:close_match,biolink:AnatomicalEntity,2
biolink:BiologicalProcess,biolink:close_match,biolink:Gene,2
biolink:PhysiologicalProcess,biolink:close_match,biolink:Behavior,2
biolink:Disease,biolink:close_match,biolink:ClinicalAttribute,2
biolink:Cell,biolink:located_in,biolink:Protein,2
biolink:MolecularActivity,biolink:related_to,biolink:Device,2
biolink:PhysiologicalProcess,biolink:close_match,biolink:AnatomicalEntity,2
biolink:Drug,biolink:disrupts,biolink:GeneFamily,2
biolink:PhysicalEntity,biolink:has_part,biolink:NamedThing,2
biolink:PhysicalEntity,biolink:has_part,biolink:SmallMolecule,2
biolink:Publication,biolink:subclass_of,biolink:Cohort,2
biolink:Cell,biolink:located_in,biolink:Phenomenon,2
biolink:MolecularActivity,biolink:regulates,biolink:CellularComponent,2
biolink:MolecularActivity,biolink:regulates,biolink:Cell,2
biolink:Pathway,biolink:affects,biolink:AnatomicalEntity,2
biolink:OrganismTaxon,biolink:located_in,biolink:Human,2
biolink:PhysiologicalProcess,biolink:close_match,biolink:Phenomenon,2
biolink:Agent,biolink:has_input,biolink:ChemicalEntity,2
biolink:PhysicalEntity,biolink:subclass_of,biolink:Behavior,2
biolink:Drug,biolink:interacts_with,biolink:GrossAnatomicalStructure,2
biolink:ComplexMolecularMixture,biolink:coexists_with,biolink:Food,2
biolink:PhysicalEntity,biolink:subclass_of,biolink:Cohort,2
biolink:PhysicalEntity,biolink:subclass_of,biolink:ComplexMolecularMixture,2
biolink:OrganismTaxon,biolink:positively_correlated_with,biolink:PhenotypicFeature,2
biolink:MolecularActivity,biolink:interacts_with,biolink:MolecularMixture,2
biolink:Activity,biolink:affects,biolink:Publication,2
biolink:PhysicalEntity,biolink:subclass_of,biolink:Gene,2
biolink:MolecularActivity,biolink:interacts_with,biolink:MolecularActivity,2
biolink:Cell,biolink:indirectly_physically_interacts_with,biolink:Cell,2
biolink:Pathway,biolink:close_match,biolink:InformationContentEntity,2
biolink:MolecularActivity,biolink:interacts_with,biolink:Device,2
biolink:OrganismTaxon,biolink:produces,biolink:ComplexMolecularMixture,2
biolink:Pathway,biolink:affects,biolink:Cohort,2
biolink:SmallMolecule,biolink:treats,biolink:OrganismTaxon,2
biolink:Publication,biolink:related_to,biolink:CellularComponent,2
biolink:Device,biolink:treats_or_applied_or_studied_to_treat,biolink:NucleicAcidEntity,2
biolink:PhysicalEntity,biolink:subclass_of,biolink:SmallMolecule,2
biolink:ComplexMolecularMixture,biolink:coexists_with,biolink:Polypeptide,2
biolink:Publication,biolink:preventative_for_condition,biolink:InformationContentEntity,2
biolink:MolecularActivity,biolink:has_participant,biolink:InformationContentEntity,2
biolink:BiologicalProcess,biolink:associated_with,biolink:GenomicEntity,2
biolink:ComplexMolecularMixture,biolink:derives_from,biolink:ComplexMolecularMixture,2
biolink:PhysicalEntity,biolink:treats_or_applied_or_studied_to_treat,biolink:Phenomenon,2
biolink:PhysicalEntity,biolink:treats_or_applied_or_studied_to_treat,biolink:Event,2
biolink:MolecularActivity,biolink:has_participant,biolink:Disease,2
biolink:ChemicalEntity,biolink:derives_from,biolink:InformationContentEntity,2
biolink:Publication,biolink:occurs_in,biolink:Human,2
biolink:BiologicalProcess,biolink:ameliorates_condition,biolink:PhenotypicFeature,2
biolink:Cell,biolink:has_part,biolink:MolecularActivity,2
biolink:BiologicalProcess,biolink:associated_with,biolink:PopulationOfIndividualOrganisms,2
biolink:OrganismTaxon,biolink:located_in,biolink:Protein,2
biolink:Drug,biolink:has_active_ingredient,biolink:SmallMolecule,2
biolink:Cell,biolink:contributes_to,biolink:BiologicalProcess,2
biolink:OrganismTaxon,biolink:produces,biolink:PhenotypicFeature,2
biolink:BiologicalProcess,biolink:causes,biolink:CellularComponent,2
biolink:Drug,biolink:has_input,biolink:Activity,2
biolink:MolecularActivity,biolink:positively_correlated_with,biolink:Disease,2
biolink:PhysicalEntity,biolink:related_to,biolink:Food,2
biolink:ChemicalEntity,biolink:close_match,biolink:Phenomenon,2
biolink:Drug,biolink:has_input,biolink:ComplexMolecularMixture,2
biolink:Drug,biolink:has_input,biolink:MolecularActivity,2
biolink:OrganismTaxon,biolink:occurs_in,biolink:Behavior,2
biolink:PhysiologicalProcess,biolink:affects,biolink:Pathway,2
biolink:ChemicalEntity,biolink:coexists_with,biolink:GrossAnatomicalStructure,2
biolink:Disease,biolink:disease_has_basis_in,biolink:SmallMolecule,2
biolink:Publication,biolink:located_in,biolink:MolecularMixture,2
biolink:ComplexMolecularMixture,biolink:close_match,biolink:PhenotypicFeature,2
biolink:SmallMolecule,biolink:translates_to,biolink:Protein,2
biolink:Drug,biolink:has_input,biolink:NucleicAcidEntity,2
biolink:Device,biolink:treats_or_applied_or_studied_to_treat,biolink:SmallMolecule,2
biolink:SmallMolecule,biolink:treats,biolink:Activity,2
biolink:PhysicalEntity,biolink:related_to,biolink:Polypeptide,2
biolink:Cell,biolink:derives_from,biolink:Drug,2
biolink:MolecularActivity,biolink:exacerbates_condition,biolink:PhenotypicFeature,2
biolink:MolecularActivity,biolink:gene_product_of,biolink:Gene,2
biolink:Drug,biolink:interacts_with,biolink:NamedThing,2
biolink:Pathway,biolink:affects,biolink:OrganismTaxon,2
biolink:Disease,biolink:close_match,biolink:SmallMolecule,2
biolink:OrganismTaxon,biolink:produces,biolink:CellularComponent,2
biolink:Pathway,biolink:occurs_in,biolink:Human,2
biolink:OrganismTaxon,biolink:related_to,biolink:GeographicLocation,2
biolink:Disease,biolink:diagnoses,biolink:AnatomicalEntity,2
biolink:Drug,biolink:diagnoses,biolink:BiologicalEntity,2
biolink:OrganismTaxon,biolink:coexists_with,biolink:Procedure,2
biolink:MolecularEntity,biolink:close_match,biolink:Drug,2
biolink:OrganismTaxon,biolink:treats_or_applied_or_studied_to_treat,biolink:GrossAnatomicalStructure,2
biolink:Pathway,biolink:subclass_of,biolink:MolecularActivity,2
biolink:PhysiologicalProcess,biolink:has_input,biolink:Publication,2
biolink:Drug,biolink:negatively_correlated_with,biolink:ChemicalEntity,2
biolink:MolecularActivity,biolink:treats_or_applied_or_studied_to_treat,biolink:Procedure,2
biolink:Disease,biolink:correlated_with,biolink:Protein,2
biolink:PhysiologicalProcess,biolink:has_input,biolink:PhysicalEntity,2
biolink:PhysicalEntity,biolink:coexists_with,biolink:ComplexMolecularMixture,2
biolink:Drug,biolink:located_in,biolink:SmallMolecule,2
biolink:OrganismTaxon,biolink:exacerbates_condition,biolink:Disease,2
biolink:OrganismTaxon,biolink:has_input,biolink:ChemicalEntity,2
biolink:PhysicalEntity,biolink:coexists_with,biolink:MolecularMixture,2
biolink:PhysicalEntity,biolink:coexists_with,biolink:NucleicAcidEntity,2
biolink:MolecularActivity,biolink:treats_or_applied_or_studied_to_treat,biolink:Agent,2
biolink:Disease,biolink:associated_with,biolink:GrossAnatomicalStructure,2
biolink:ComplexMolecularMixture,biolink:associated_with,biolink:NamedThing,2
biolink:OrganismTaxon,biolink:has_input,biolink:Food,2
biolink:RNAProduct,biolink:causes,biolink:BiologicalProcess,2
biolink:Disease,biolink:associated_with,biolink:IndividualOrganism,2
biolink:MolecularActivity,biolink:associated_with,biolink:Activity,2
biolink:PhysicalEntity,biolink:composed_primarily_of,biolink:MolecularMixture,2
biolink:OrganismTaxon,biolink:treats_or_applied_or_studied_to_treat,biolink:BiologicalEntity,2
biolink:OrganismTaxon,biolink:subclass_of,biolink:BiologicalProcess,2
biolink:Cell,biolink:predisposes_to_condition,biolink:PhenotypicFeature,2
biolink:OrganismTaxon,biolink:coexists_with,biolink:NucleicAcidEntity,2
biolink:MolecularEntity,biolink:related_to,biolink:Polypeptide,2
biolink:BiologicalProcess,biolink:coexists_with,biolink:Pathway,2
biolink:MolecularEntity,biolink:related_to,biolink:NucleicAcidEntity,2
biolink:Drug,biolink:negatively_correlated_with,biolink:MolecularActivity,2
biolink:Phenomenon,biolink:affects,biolink:CellularComponent,2
biolink:OrganismTaxon,biolink:coexists_with,biolink:GenomicEntity,2
biolink:PhysicalEntity,biolink:affects,biolink:NamedThing,2
biolink:MolecularEntity,biolink:overlaps,biolink:ChemicalEntity,2
biolink:PhysicalEntity,biolink:affects,biolink:PhysiologicalProcess,2
biolink:PhysicalEntity,biolink:affects,biolink:Procedure,2
biolink:OrganismTaxon,biolink:subclass_of,biolink:Gene,2
biolink:Disease,biolink:disease_has_basis_in,biolink:GrossAnatomicalStructure,2
biolink:PhysicalEntity,biolink:causes,biolink:NamedThing,2
biolink:Disease,biolink:disease_has_basis_in,biolink:AnatomicalEntity,2
biolink:ChemicalEntity,biolink:capable_of,biolink:MolecularActivity,2
biolink:PhysicalEntity,biolink:causes,biolink:Activity,2
biolink:OrganismTaxon,biolink:subclass_of,biolink:Device,2
biolink:BiologicalEntity,biolink:subclass_of,biolink:Activity,2
biolink:PhysicalEntity,biolink:causes,biolink:AnatomicalEntity,2
biolink:PhysiologicalProcess,biolink:has_participant,biolink:BiologicalProcess,2
biolink:Activity,biolink:treats_or_applied_or_studied_to_treat,biolink:Event,2
biolink:Treatment,biolink:related_to,biolink:Drug,2
biolink:BiologicalProcess,biolink:coexists_with,biolink:GrossAnatomicalStructure,2
biolink:PhysicalEntity,biolink:causes,biolink:EnvironmentalProcess,2
biolink:Drug,biolink:located_in,biolink:Polypeptide,2
biolink:Drug,biolink:diagnoses,biolink:OrganismTaxon,2
biolink:Agent,biolink:affects,biolink:Cohort,2
biolink:Device,biolink:subclass_of,biolink:Gene,2
biolink:OrganismTaxon,biolink:has_part,biolink:PhysicalEntity,2
biolink:OrganismTaxon,biolink:in_taxon,biolink:OrganismTaxon,2
biolink:MolecularActivity,biolink:subclass_of,biolink:IndividualOrganism,2
biolink:ComplexMolecularMixture,biolink:has_part,biolink:Drug,2
biolink:Activity,biolink:causes,biolink:Phenomenon,2
biolink:Cell,biolink:occurs_in,biolink:GrossAnatomicalStructure,2
biolink:Disease,biolink:associated_with,biolink:Pathway,2
biolink:ComplexMolecularMixture,biolink:has_part,biolink:SmallMolecule,2
biolink:Agent,biolink:affects,biolink:PhenotypicFeature,2
biolink:PhysicalEntity,biolink:disrupts,biolink:PhenotypicFeature,2
biolink:PhysicalEntity,biolink:has_increased_amount,biolink:Drug,2
biolink:BiologicalEntity,biolink:subclass_of,biolink:MolecularMixture,2
biolink:MolecularActivity,biolink:capable_of,biolink:Protein,2
biolink:PhysicalEntity,biolink:derives_from,biolink:OrganismTaxon,2
biolink:Agent,biolink:affects,biolink:PopulationOfIndividualOrganisms,2
biolink:MolecularActivity,biolink:subclass_of,biolink:Behavior,2
biolink:MolecularActivity,biolink:subclass_of,biolink:GenomicEntity,2
biolink:MolecularActivity,biolink:subclass_of,biolink:Polypeptide,2
biolink:PhysicalEntity,biolink:disrupts,biolink:Cell,2
biolink:MolecularActivity,biolink:associated_with,biolink:Phenomenon,2
biolink:Activity,biolink:close_match,biolink:ChemicalEntity,2
biolink:ChemicalEntity,biolink:chemically_similar_to,biolink:Protein,2
biolink:Disease,biolink:coexists_with,biolink:SmallMolecule,2
biolink:Device,biolink:subclass_of,biolink:OrganismTaxon,2
biolink:MolecularActivity,biolink:causes,biolink:IndividualOrganism,2
biolink:ClinicalAttribute,biolink:diagnoses,biolink:BiologicalProcess,1
biolink:ClinicalAttribute,biolink:coexists_with,biolink:PopulationOfIndividualOrganisms,1
biolink:Disease,biolink:associated_with,biolink:PhysicalEntity,1
biolink:AnatomicalEntity,biolink:close_match,biolink:Pathway,1
biolink:Device,biolink:has_part,biolink:Food,1
biolink:Disease,biolink:associated_with,biolink:NamedThing,1
biolink:Food,biolink:treats_or_applied_or_studied_to_treat,biolink:ClinicalAttribute,1
biolink:Activity,biolink:has_part,biolink:ChemicalEntity,1
biolink:AnatomicalEntity,biolink:has_participant,biolink:AnatomicalEntity,1
biolink:Disease,biolink:precedes,biolink:Drug,1
biolink:Food,biolink:treats_or_applied_or_studied_to_treat,biolink:BiologicalProcess,1
biolink:Treatment,biolink:related_to,biolink:Polypeptide,1
biolink:Disease,biolink:precedes,biolink:ChemicalEntity,1
biolink:Device,biolink:has_input,biolink:Gene,1
biolink:Disease,biolink:manifestation_of,biolink:Protein,1
biolink:Disease,biolink:negatively_correlated_with,biolink:BiologicalProcess,1
biolink:ClinicalAttribute,biolink:diagnoses,biolink:NamedThing,1
biolink:Food,biolink:subclass_of,biolink:Phenomenon,1
biolink:Disease,biolink:close_match,biolink:Agent,1
biolink:AnatomicalEntity,biolink:has_part,biolink:BiologicalEntity,1
biolink:Food,biolink:subclass_of,biolink:PhenotypicFeature,1
biolink:Activity,biolink:associated_with,biolink:Behavior,1
biolink:Device,biolink:has_part,biolink:OrganismTaxon,1
biolink:Disease,biolink:produces,biolink:Cohort,1
biolink:Gene,biolink:affects,biolink:Food,1
biolink:Disease,biolink:manifestation_of,biolink:Pathway,1
biolink:Disease,biolink:predisposes_to_condition,biolink:GrossAnatomicalStructure,1
biolink:ClinicalAttribute,biolink:coexists_with,biolink:Cell,1
biolink:Treatment,biolink:related_to,biolink:SmallMolecule,1
biolink:Activity,biolink:has_part,biolink:NucleicAcidEntity,1
biolink:Protein,biolink:correlated_with,biolink:SmallMolecule,1
biolink:AnatomicalEntity,biolink:coexists_with,biolink:OrganismTaxon,1
biolink:AnatomicalEntity,biolink:has_part,biolink:ChemicalMixture,1
biolink:Device,biolink:has_part,biolink:InformationContentEntity,1
biolink:AnatomicalEntity,biolink:coexists_with,biolink:NamedThing,1
biolink:Device,biolink:treats_or_applied_or_studied_to_treat,biolink:PathologicalProcess,1
biolink:SmallMolecule,biolink:overlaps,biolink:Protein,1
biolink:Food,biolink:treats_or_applied_or_studied_to_treat,biolink:Behavior,1
biolink:Activity,biolink:affects,biolink:Event,1
biolink:AnatomicalEntity,biolink:close_match,biolink:PhysiologicalProcess,1
biolink:Food,biolink:treats_or_applied_or_studied_to_treat,biolink:NamedThing,1
biolink:Protein,biolink:correlated_with,biolink:AnatomicalEntity,1
biolink:Disease,biolink:ameliorates_condition,biolink:Disease,1
biolink:Activity,biolink:has_output,biolink:AnatomicalEntity,1
biolink:SmallMolecule,biolink:negatively_correlated_with,biolink:Protein,1
biolink:AnatomicalEntity,biolink:interacts_with,biolink:ChemicalMixture,1
biolink:Activity,biolink:has_part,biolink:Cell,1
biolink:SmallMolecule,biolink:treats_or_applied_or_studied_to_treat,biolink:Gene,1
biolink:AnatomicalEntity,biolink:in_taxon,biolink:Human,1
biolink:Activity,biolink:affects,biolink:IndividualOrganism,1
biolink:SmallMolecule,biolink:negatively_correlated_with,biolink:CellularComponent,1
biolink:SmallMolecule,biolink:negatively_correlated_with,biolink:AnatomicalEntity,1
biolink:AnatomicalEntity,biolink:coexists_with,biolink:ClinicalAttribute,1
biolink:Device,biolink:has_input,biolink:OrganismTaxon,1
biolink:AnatomicalEntity,biolink:close_match,biolink:PopulationOfIndividualOrganisms,1
biolink:ClinicalAttribute,biolink:coexists_with,biolink:Device,1
biolink:Disease,biolink:predisposes_to_condition,biolink:SmallMolecule,1
biolink:AnatomicalEntity,biolink:coexists_with,biolink:ChemicalMixture,1
biolink:AnatomicalEntity,biolink:close_match,biolink:SmallMolecule,1
biolink:Disease,biolink:occurs_in,biolink:Phenomenon,1
biolink:SmallMolecule,biolink:located_in,biolink:Activity,1
biolink:Activity,biolink:affects,biolink:GenomicEntity,1
biolink:ClinicalAttribute,biolink:subclass_of,biolink:MolecularActivity,1
biolink:ClinicalAttribute,biolink:coexists_with,biolink:SmallMolecule,1
biolink:AnatomicalEntity,biolink:in_taxon,biolink:PhysicalEntity,1
biolink:Disease,biolink:predisposes_to_condition,biolink:PhysiologicalProcess,1
biolink:SmallMolecule,biolink:treats_or_applied_or_studied_to_treat,biolink:PhysiologicalProcess,1
biolink:SmallMolecule,biolink:occurs_in,biolink:Agent,1
biolink:Protein,biolink:increases_response_to,biolink:BiologicalEntity,1
biolink:AnatomicalEntity,biolink:coexists_with,biolink:Behavior,1
biolink:SmallMolecule,biolink:treats_or_applied_or_studied_to_treat,biolink:Publication,1
biolink:AnatomicalEntity,biolink:coexists_with,biolink:GenomicEntity,1
biolink:Disease,biolink:occurs_in,biolink:Procedure,1
biolink:ClinicalAttribute,biolink:related_to,biolink:PhysiologicalProcess,1
biolink:Disease,biolink:associated_with,biolink:Food,1
biolink:ClinicalAttribute,biolink:related_to,biolink:Polypeptide,1
biolink:Protein,biolink:contributes_to,biolink:AnatomicalEntity,1
biolink:Activity,biolink:has_input,biolink:GrossAnatomicalStructure,1
biolink:ClinicalAttribute,biolink:coexists_with,biolink:MolecularMixture,1
biolink:SmallMolecule,biolink:occurs_in,biolink:Human,1
biolink:Disease,biolink:produces,biolink:BiologicalProcess,1
biolink:Activity,biolink:has_part,biolink:CellularComponent,1
biolink:Gene,biolink:affected_by,biolink:ChemicalEntity,1
biolink:Disease,biolink:occurs_in,biolink:Food,1
biolink:AnatomicalEntity,biolink:coexists_with,biolink:DiseaseOrPhenotypicFeature,1
biolink:Disease,biolink:affects,biolink:IndividualOrganism,1
biolink:Transcript,biolink:affects,biolink:Protein,1
biolink:Protein,biolink:has_participant,biolink:Gene,1
biolink:Device,biolink:has_member,biolink:SmallMolecule,1
biolink:Device,biolink:exacerbates_condition,biolink:InformationContentEntity,1
biolink:Gene,biolink:interacts_with,biolink:GrossAnatomicalStructure,1
biolink:SmallMolecule,biolink:preventative_for_condition,biolink:Behavior,1
biolink:AnatomicalEntity,biolink:coexists_with,biolink:PhysicalEntity,1
biolink:SmallMolecule,biolink:related_to,biolink:Behavior,1
biolink:Device,biolink:preventative_for_condition,biolink:Procedure,1
biolink:Device,biolink:produces,biolink:ChemicalEntity,1
biolink:Protein,biolink:directly_physically_interacts_with,biolink:GeneFamily,1
biolink:Gene,biolink:coexists_with,biolink:PhysicalEntity,1
biolink:Device,biolink:subclass_of,biolink:Disease,1
biolink:Gene,biolink:coexists_with,biolink:PhysiologicalProcess,1
biolink:ClinicalAttribute,biolink:occurs_in,biolink:IndividualOrganism,1
biolink:Disease,biolink:has_input,biolink:SmallMolecule,1
biolink:Device,biolink:subclass_of,biolink:ClinicalAttribute,1
biolink:AnatomicalEntity,biolink:derives_from,biolink:Gene,1
biolink:Disease,biolink:has_input,biolink:Polypeptide,1
biolink:Gene,biolink:colocalizes_with,biolink:Protein,1
biolink:Disease,biolink:has_input,biolink:NamedThing,1
biolink:Disease,biolink:has_input,biolink:MolecularMixture,1
biolink:Activity,biolink:close_match,biolink:ClinicalAttribute,1
biolink:Protein,biolink:expressed_in,biolink:BiologicalProcess,1
biolink:Activity,biolink:close_match,biolink:Device,1
biolink:Device,biolink:preventative_for_condition,biolink:OrganismTaxon,1
biolink:Disease,biolink:has_part,biolink:Device,1
biolink:Disease,biolink:manifestation_of,biolink:DiseaseOrPhenotypicFeature,1
biolink:ClinicalAttribute,biolink:has_input,biolink:MolecularActivity,1
biolink:Activity,biolink:causes,biolink:GrossAnatomicalStructure,1
biolink:Gene,biolink:coexists_with,biolink:Cell,1
biolink:AnatomicalEntity,biolink:has_input,biolink:Procedure,1
biolink:SmallMolecule,biolink:regulates,biolink:Drug,1
biolink:Disease,biolink:close_match,biolink:Polypeptide,1
biolink:Gene,biolink:has_member,biolink:NamedThing,1
biolink:Disease,biolink:has_part,biolink:NamedThing,1
biolink:Device,biolink:preventative_for_condition,biolink:ClinicalAttribute,1
biolink:Device,biolink:preventative_for_condition,biolink:GrossAnatomicalStructure,1
biolink:Protein,biolink:develops_from,biolink:Cell,1
biolink:ClinicalAttribute,biolink:precedes,biolink:PhenotypicFeature,1
biolink:Protein,biolink:diagnoses,biolink:BiologicalEntity,1
biolink:Gene,biolink:coexists_with,biolink:ChemicalMixture,1
biolink:Disease,biolink:has_part,biolink:Food,1
biolink:Device,biolink:preventative_for_condition,biolink:NamedThing,1
biolink:Device,biolink:treats_or_applied_or_studied_to_treat,biolink:CellularComponent,1
biolink:Device,biolink:subclass_of,biolink:PopulationOfIndividualOrganisms,1
biolink:Device,biolink:subclass_of,biolink:Behavior,1
biolink:SmallMolecule,biolink:subclass_of,biolink:CellularComponent,1
biolink:Disease,biolink:has_input,biolink:Gene,1
biolink:Disease,biolink:has_input,biolink:Event,1
biolink:Activity,biolink:coexists_with,biolink:Food,1
biolink:Disease,biolink:diagnoses,biolink:InformationContentEntity,1
biolink:Device,biolink:produces,biolink:SmallMolecule,1
biolink:Disease,biolink:exacerbates_condition,biolink:ClinicalAttribute,1
biolink:Disease,biolink:exacerbates_condition,biolink:CellularComponent,1
biolink:ClinicalAttribute,biolink:interacts_with,biolink:SmallMolecule,1
biolink:Device,biolink:regulates,biolink:BiologicalProcess,1
biolink:Gene,biolink:disrupts,biolink:Event,1
biolink:SmallMolecule,biolink:same_as,biolink:Disease,1
biolink:ClinicalAttribute,biolink:located_in,biolink:PhenotypicFeature,1
biolink:SmallMolecule,biolink:related_to,biolink:PhysiologicalProcess,1
biolink:ClinicalAttribute,biolink:manifestation_of,biolink:Activity,1
biolink:ClinicalAttribute,biolink:manifestation_of,biolink:InformationContentEntity,1
biolink:AnatomicalEntity,biolink:disrupts,biolink:Behavior,1
biolink:Protein,biolink:disrupts,biolink:PopulationOfIndividualOrganisms,1
biolink:SmallMolecule,biolink:same_as,biolink:ChemicalMixture,1
biolink:AnatomicalEntity,biolink:develops_from,biolink:PhysicalEntity,1
biolink:Gene,biolink:exacerbates_condition,biolink:BiologicalProcess,1
biolink:ClinicalAttribute,biolink:interacts_with,biolink:InformationContentEntity,1
biolink:AnatomicalEntity,biolink:disrupts,biolink:DiseaseOrPhenotypicFeature,1
biolink:Device,biolink:related_to,biolink:PopulationOfIndividualOrganisms,1
biolink:SmallMolecule,biolink:subclass_of,biolink:Behavior,1
biolink:Gene,biolink:decreases_response_to,biolink:MolecularMixture,1
biolink:SmallMolecule,biolink:related_to,biolink:Event,1
biolink:Activity,biolink:coexists_with,biolink:OrganismTaxon,1
biolink:AnatomicalEntity,biolink:disrupts,biolink:Procedure,1
biolink:Gene,biolink:gene_associated_with_condition,biolink:CellularComponent,1
biolink:AnatomicalEntity,biolink:derives_from,biolink:PhysicalEntity,1
biolink:Protein,biolink:exacerbates_condition,biolink:ClinicalAttribute,1
biolink:ClinicalAttribute,biolink:interacts_with,biolink:ChemicalEntity,1
biolink:ClinicalAttribute,biolink:interacts_with,biolink:Behavior,1
biolink:Activity,biolink:close_match,biolink:MolecularActivity,1
biolink:Device,biolink:produces,biolink:ComplexMolecularMixture,1
biolink:SmallMolecule,biolink:similar_to,biolink:ChemicalEntity,1
biolink:Disease,biolink:derives_from,biolink:Disease,1
biolink:Protein,biolink:disrupts,biolink:Device,1
biolink:Protein,biolink:exacerbates_condition,biolink:AnatomicalEntity,1
biolink:Protein,biolink:gene_associated_with_condition,biolink:Protein,1
biolink:Disease,biolink:close_match,biolink:PhysicalEntity,1
biolink:SmallMolecule,biolink:regulates,biolink:AnatomicalEntity,1
biolink:SmallMolecule,biolink:preventative_for_condition,biolink:Activity,1
biolink:Protein,biolink:has_member,biolink:ComplexMolecularMixture,1
biolink:Disease,biolink:located_in,biolink:PhysiologicalProcess,1
biolink:Device,biolink:interacts_with,biolink:OrganismTaxon,1
biolink:Protein,biolink:has_member,biolink:Cell,1
biolink:Disease,biolink:close_match,biolink:ComplexMolecularMixture,1
biolink:Device,biolink:interacts_with,biolink:PopulationOfIndividualOrganisms,1
biolink:Activity,biolink:associated_with,biolink:GrossAnatomicalStructure,1
biolink:Disease,biolink:close_match,biolink:Device,1
biolink:Gene,biolink:affects_response_to,biolink:ComplexMolecularMixture,1
biolink:Device,biolink:treats_or_applied_or_studied_to_treat,biolink:IndividualOrganism,1
biolink:Device,biolink:interacts_with,biolink:Publication,1
biolink:AnatomicalEntity,biolink:has_member,biolink:ChemicalEntity,1
biolink:Disease,biolink:is_sequence_variant_of,biolink:Gene,1
biolink:Disease,biolink:interacts_with,biolink:Gene,1
biolink:SmallMolecule,biolink:predisposes_to_condition,biolink:Event,1
biolink:ClinicalAttribute,biolink:has_input,biolink:Activity,1
biolink:Gene,biolink:associated_with,biolink:Phenomenon,1
biolink:AnatomicalEntity,biolink:has_member,biolink:Drug,1
biolink:ClinicalAttribute,biolink:related_to,biolink:CellularComponent,1
biolink:ClinicalAttribute,biolink:related_to,biolink:ComplexMolecularMixture,1
biolink:AnatomicalEntity,biolink:coexists_with,biolink:Polypeptide,1
biolink:AnatomicalEntity,biolink:has_member,biolink:SmallMolecule,1
biolink:Gene,biolink:increases_response_to,biolink:ChemicalEntity,1
biolink:Protein,biolink:has_part,biolink:Disease,1
biolink:ClinicalAttribute,biolink:diagnoses,biolink:PopulationOfIndividualOrganisms,1
biolink:ClinicalAttribute,biolink:related_to,biolink:Gene,1
biolink:SmallMolecule,biolink:positively_correlated_with,biolink:ChemicalEntity,1
biolink:ClinicalAttribute,biolink:related_to,biolink:DiseaseOrPhenotypicFeature,1
biolink:ClinicalAttribute,biolink:disrupts,biolink:Behavior,1
biolink:Gene,biolink:affects,biolink:PhysicalEntity,1
biolink:Disease,biolink:close_match,biolink:Cohort,1
biolink:Disease,biolink:located_in,biolink:Procedure,1
biolink:Activity,biolink:associated_with,biolink:ClinicalAttribute,1
biolink:SmallMolecule,biolink:positively_correlated_with,biolink:Pathway,1
biolink:AnatomicalEntity,biolink:coexists_with,biolink:PopulationOfIndividualOrganisms,1
biolink:SmallMolecule,biolink:positively_correlated_with,biolink:Protein,1
biolink:SmallMolecule,biolink:positively_correlated_with,biolink:SmallMolecule,1
biolink:Activity,biolink:exacerbates_condition,biolink:BiologicalProcess,1
biolink:Activity,biolink:associated_with,biolink:InformationContentEntity,1
biolink:Disease,biolink:close_match,biolink:PathologicalProcess,1
biolink:Disease,biolink:interacts_with,biolink:Activity,1
biolink:Protein,biolink:genetically_associated_with,biolink:MolecularMixture,1
biolink:Gene,biolink:close_match,biolink:ComplexMolecularMixture,1
biolink:Activity,biolink:associated_with,biolink:MolecularActivity,1
biolink:Gene,biolink:has_part,biolink:Device,1
biolink:AnatomicalEntity,biolink:contributes_to,biolink:BiologicalProcess,1
biolink:Disease,biolink:close_match,biolink:GenomicEntity,1
biolink:Device,biolink:predisposes_to_condition,biolink:ClinicalAttribute,1
biolink:Disease,biolink:has_participant,biolink:Activity,1
biolink:SmallMolecule,biolink:produces,biolink:GrossAnatomicalStructure,1
biolink:Gene,biolink:close_match,biolink:NamedThing,1
biolink:AnatomicalEntity,biolink:contributes_to,biolink:CellularComponent,1
biolink:SmallMolecule,biolink:produces,biolink:MolecularActivity,1
biolink:Device,biolink:predisposes_to_condition,biolink:InformationContentEntity,1
biolink:Disease,biolink:has_part,biolink:Publication,1
biolink:Disease,biolink:close_match,biolink:NucleicAcidEntity,1
biolink:ClinicalAttribute,biolink:has_input,biolink:ComplexMolecularMixture,1
biolink:Gene,biolink:close_match,biolink:Polypeptide,1
biolink:Device,biolink:precedes,biolink:AnatomicalEntity,1
biolink:Gene,biolink:causes,biolink:PopulationOfIndividualOrganisms,1
biolink:ClinicalAttribute,biolink:preventative_for_condition,biolink:ClinicalAttribute,1
biolink:Activity,biolink:disrupts,biolink:GrossAnatomicalStructure,1
biolink:Device,biolink:located_in,biolink:Procedure,1
biolink:Gene,biolink:associated_with,biolink:Protein,1
biolink:Device,biolink:manifestation_of,biolink:Disease,1
biolink:Gene,biolink:capable_of,biolink:Protein,1
biolink:ClinicalAttribute,biolink:produces,biolink:Cohort,1
biolink:Protein,biolink:derives_from,biolink:InformationContentEntity,1
biolink:Device,biolink:occurs_in,biolink:Cohort,1
biolink:Device,biolink:occurs_in,biolink:PopulationOfIndividualOrganisms,1
biolink:Activity,biolink:disrupts,biolink:AnatomicalEntity,1
biolink:SmallMolecule,biolink:superclass_of,biolink:Protein,1
biolink:Protein,biolink:derives_from,biolink:MolecularActivity,1
biolink:SmallMolecule,biolink:preventative_for_condition,biolink:Phenomenon,1
biolink:Device,biolink:physically_interacts_with,biolink:Protein,1
biolink:Disease,biolink:has_participant,biolink:SmallMolecule,1
biolink:Protein,biolink:genetically_associated_with,biolink:SmallMolecule,1
biolink:ClinicalAttribute,biolink:has_input,biolink:BiologicalProcess,1
biolink:Protein,biolink:exacerbates_condition,biolink:Procedure,1
biolink:Food,biolink:has_member,biolink:Drug,1
biolink:Activity,biolink:has_part,biolink:Publication,1
biolink:RNAProduct,biolink:close_match,biolink:ChemicalEntity,1
biolink:Drug,biolink:subclass_of,biolink:ClinicalAttribute,1
biolink:RNAProduct,biolink:derives_from,biolink:NamedThing,1
biolink:RNAProduct,biolink:derives_from,biolink:RNAProduct,1
biolink:RNAProduct,biolink:overlaps,biolink:NamedThing,1
biolink:Protein,biolink:target_for,biolink:Procedure,1
biolink:RNAProduct,biolink:subclass_of,biolink:NucleicAcidEntity,1
biolink:Protein,biolink:superclass_of,biolink:SmallMolecule,1
biolink:Drug,biolink:diagnoses,biolink:InformationContentEntity,1
biolink:Protein,biolink:superclass_of,biolink:Drug,1
biolink:Drug,biolink:diagnoses,biolink:DiseaseOrPhenotypicFeature,1
biolink:SmallMolecule,biolink:actively_involved_in,biolink:Disease,1
biolink:Drug,biolink:derives_from,biolink:Publication,1
biolink:Activity,biolink:treats_or_applied_or_studied_to_treat,biolink:PathologicalProcess,1
biolink:Drug,biolink:subclass_of,biolink:Gene,1
biolink:Drug,biolink:derives_from,biolink:PhenotypicFeature,1
biolink:Activity,biolink:treats_or_applied_or_studied_to_treat,biolink:Food,1
biolink:Activity,biolink:treats_or_applied_or_studied_to_treat,biolink:Device,1
biolink:Drug,biolink:subclass_of,biolink:GeneFamily,1
biolink:Agent,biolink:related_to,biolink:ComplexMolecularMixture,1
biolink:Activity,biolink:treats_or_applied_or_studied_to_treat,biolink:Cell,1
biolink:Protein,biolink:subclass_of,biolink:PopulationOfIndividualOrganisms,1
biolink:Drug,biolink:subclass_of,biolink:GenomicEntity,1
biolink:Drug,biolink:subclass_of,biolink:GrossAnatomicalStructure,1
biolink:RNAProduct,biolink:close_match,biolink:Polypeptide,1
biolink:Publication,biolink:treats_or_applied_or_studied_to_treat,biolink:Publication,1
biolink:Cohort,biolink:produces,biolink:ChemicalEntity,1
biolink:Cohort,biolink:related_to,biolink:AnatomicalEntity,1
biolink:Cohort,biolink:treats_or_applied_or_studied_to_treat,biolink:Disease,1
biolink:Cohort,biolink:subclass_of,biolink:Procedure,1
biolink:Agent,biolink:located_in,biolink:AnatomicalEntity,1
biolink:Agent,biolink:predisposes_to_condition,biolink:Disease,1
biolink:Agent,biolink:preventative_for_condition,biolink:Disease,1
biolink:Protein,biolink:treats_or_applied_or_studied_to_treat,biolink:NucleicAcidEntity,1
biolink:Publication,biolink:subclass_of,biolink:PopulationOfIndividualOrganisms,1
biolink:Agent,biolink:produces,biolink:Agent,1
biolink:Protein,biolink:treats_or_applied_or_studied_to_treat,biolink:Gene,1
biolink:Cohort,biolink:related_to,biolink:Protein,1
biolink:ComplexMolecularMixture,biolink:has_part,biolink:CellularComponent,1
biolink:Drug,biolink:disrupts,biolink:CellLine,1
biolink:Publication,biolink:treats_or_applied_or_studied_to_treat,biolink:Event,1
biolink:Drug,biolink:same_as,biolink:NamedThing,1
biolink:Agent,biolink:produces,biolink:Procedure,1
biolink:Cohort,biolink:related_to,biolink:GeographicLocation,1
biolink:ComplexMolecularMixture,biolink:has_part,biolink:GenomicEntity,1
biolink:Cohort,biolink:related_to,biolink:Event,1
biolink:Publication,biolink:treats_or_applied_or_studied_to_treat,biolink:NamedThing,1
biolink:Drug,biolink:directly_physically_interacts_with,biolink:NucleicAcidEntity,1
biolink:Drug,biolink:similar_to,biolink:Protein,1
biolink:Publication,biolink:treats_or_applied_or_studied_to_treat,biolink:Procedure,1
biolink:Drug,biolink:subclass_of,biolink:Behavior,1
biolink:ComplexMolecularMixture,biolink:interacts_with,biolink:InformationContentEntity,1
biolink:ComplexMolecularMixture,biolink:interacts_with,biolink:MolecularActivity,1
biolink:AnatomicalEntity,biolink:close_match,biolink:MolecularEntity,1
biolink:Activity,biolink:related_to,biolink:Human,1
biolink:ComplexMolecularMixture,biolink:predisposes_to_condition,biolink:NamedThing,1
biolink:ComplexMolecularMixture,biolink:preventative_for_condition,biolink:InformationContentEntity,1
biolink:Drug,biolink:treats_or_applied_or_studied_to_treat,biolink:SmallMolecule,1
biolink:ComplexMolecularMixture,biolink:produces,biolink:ComplexMolecularMixture,1
biolink:EnvironmentalProcess,biolink:causes,biolink:Disease,1
biolink:ComplexMolecularMixture,biolink:produces,biolink:Gene,1
biolink:EnvironmentalProcess,biolink:has_input,biolink:NamedThing,1
biolink:EnvironmentalProcess,biolink:has_output,biolink:NamedThing,1
biolink:Activity,biolink:related_to,biolink:DiseaseOrPhenotypicFeature,1
biolink:EnvironmentalProcess,biolink:has_participant,biolink:ChemicalEntity,1
biolink:Drug,biolink:close_match,biolink:GrossAnatomicalStructure,1
biolink:EnvironmentalProcess,biolink:temporally_related_to,biolink:EnvironmentalProcess,1
biolink:Event,biolink:affects,biolink:BiologicalProcess,1
biolink:ComplexMolecularMixture,biolink:produces,biolink:SmallMolecule,1
biolink:Event,biolink:close_match,biolink:PhenotypicFeature,1
biolink:Event,biolink:disrupts,biolink:Activity,1
biolink:SmallMolecule,biolink:capable_of,biolink:BiologicalProcess,1
biolink:Event,biolink:exacerbates_condition,biolink:Disease,1
biolink:SmallMolecule,biolink:capable_of,biolink:MolecularMixture,1
biolink:Event,biolink:occurs_in,biolink:Agent,1
biolink:Event,biolink:occurs_in,biolink:Human,1
biolink:Drug,biolink:close_match,biolink:Disease,1
biolink:ComplexMolecularMixture,biolink:related_to,biolink:Agent,1
biolink:Cohort,biolink:has_part,biolink:BiologicalProcess,1
biolink:ComplexMolecularMixture,biolink:positively_correlated_with,biolink:AnatomicalEntity,1
biolink:Drug,biolink:decreases_response_to,biolink:Gene,1
biolink:Cohort,biolink:has_part,biolink:MolecularEntity,1
biolink:Activity,biolink:subclass_of,biolink:SmallMolecule,1
biolink:Drug,biolink:correlated_with,biolink:Drug,1
biolink:Cohort,biolink:produces,biolink:Activity,1
biolink:Agent,biolink:related_to,biolink:GrossAnatomicalStructure,1
biolink:SmallMolecule,biolink:affects,biolink:Event,1
biolink:Cohort,biolink:predisposes_to_condition,biolink:InformationContentEntity,1
biolink:Cohort,biolink:predisposes_to_condition,biolink:BiologicalProcess,1
biolink:Agent,biolink:related_to,biolink:MolecularActivity,1
biolink:Cohort,biolink:occurs_in,biolink:Human,1
biolink:Activity,biolink:subclass_of,biolink:MolecularEntity,1
biolink:Drug,biolink:superclass_of,biolink:Protein,1
biolink:Drug,biolink:transcribed_from,biolink:Protein,1
biolink:Drug,biolink:translates_to,biolink:Protein,1
biolink:Activity,biolink:subclass_of,biolink:Human,1
biolink:Activity,biolink:subclass_of,biolink:GrossAnatomicalStructure,1
biolink:Cohort,biolink:occurs_in,biolink:Activity,1
biolink:ComplexMolecularMixture,biolink:interacts_with,biolink:PhenotypicFeature,1
biolink:SmallMolecule,biolink:affects,biolink:PathologicalProcess,1
biolink:Cohort,biolink:interacts_with,biolink:NamedThing,1
biolink:Protein,biolink:same_as,biolink:SmallMolecule,1
biolink:Drug,biolink:contraindicated_in,biolink:ComplexMolecularMixture,1
biolink:ComplexMolecularMixture,biolink:located_in,biolink:Disease,1
biolink:ComplexMolecularMixture,biolink:located_in,biolink:MolecularMixture,1
biolink:Agent,biolink:close_match,biolink:Drug,1
biolink:Drug,biolink:disrupts,biolink:Device,1
biolink:Drug,biolink:disrupts,biolink:Drug,1
biolink:Publication,biolink:disrupts,biolink:Cell,1
biolink:Drug,biolink:located_in,biolink:Phenomenon,1
biolink:Drug,biolink:positively_correlated_with,biolink:SmallMolecule,1
biolink:ComplexMolecularMixture,biolink:causes,biolink:ClinicalAttribute,1
biolink:Drug,biolink:precedes,biolink:Behavior,1
biolink:Publication,biolink:interacts_with,biolink:PopulationOfIndividualOrganisms,1
biolink:Drug,biolink:precedes,biolink:NamedThing,1
biolink:Publication,biolink:located_in,biolink:BiologicalProcess,1
biolink:Drug,biolink:located_in,biolink:Behavior,1
biolink:Agent,biolink:has_input,biolink:SmallMolecule,1
biolink:Publication,biolink:located_in,biolink:ChemicalEntity,1
biolink:ComplexMolecularMixture,biolink:affects,biolink:NamedThing,1
biolink:Publication,biolink:located_in,biolink:Device,1
biolink:Publication,biolink:located_in,biolink:GeographicLocation,1
biolink:ComplexMolecularMixture,biolink:close_match,biolink:MolecularMixture,1
biolink:Publication,biolink:derives_from,biolink:NucleicAcidEntity,1
biolink:Publication,biolink:located_in,biolink:Human,1
biolink:Drug,biolink:interacts_with,biolink:PopulationOfIndividualOrganisms,1
biolink:ComplexMolecularMixture,biolink:close_match,biolink:PhysicalEntity,1
biolink:Publication,biolink:occurs_in,biolink:Agent,1
biolink:Drug,biolink:preventative_for_condition,biolink:ChemicalEntity,1
biolink:Publication,biolink:coexists_with,biolink:Publication,1
biolink:ComplexMolecularMixture,biolink:coexists_with,biolink:AnatomicalEntity,1
biolink:Drug,biolink:preventative_for_condition,biolink:Gene,1
biolink:Drug,biolink:positively_correlated_with,biolink:ChemicalEntity,1
biolink:Publication,biolink:disrupts,biolink:CellularComponent,1
biolink:Publication,biolink:subclass_of,biolink:Food,1
biolink:Drug,biolink:positively_correlated_with,biolink:CellularComponent,1
biolink:Drug,biolink:negatively_correlated_with,biolink:Pathway,1
biolink:Drug,biolink:physically_interacts_with,biolink:CellLine,1
biolink:Publication,biolink:has_input,biolink:NucleicAcidEntity,1
biolink:Drug,biolink:negatively_correlated_with,biolink:GeneFamily,1
biolink:Publication,biolink:has_input,biolink:NamedThing,1
biolink:Drug,biolink:negatively_correlated_with,biolink:Drug,1
biolink:Publication,biolink:has_part,biolink:Drug,1
biolink:Publication,biolink:has_input,biolink:MolecularActivity,1
biolink:Publication,biolink:has_part,biolink:GenomicEntity,1
biolink:ComplexMolecularMixture,biolink:associated_with,biolink:InformationContentEntity,1
biolink:Publication,biolink:has_part,biolink:PhenotypicFeature,1
biolink:Publication,biolink:has_part,biolink:PhysicalEntity,1
biolink:ComplexMolecularMixture,biolink:affects,biolink:Procedure,1
biolink:Drug,biolink:physically_interacts_with,biolink:MolecularActivity,1
biolink:Publication,biolink:has_input,biolink:AnatomicalEntity,1
biolink:Publication,biolink:has_part,biolink:SmallMolecule,1
biolink:Drug,biolink:located_in,biolink:PhysicalEntity,1
biolink:Publication,biolink:disrupts,biolink:PhenotypicFeature,1
biolink:Publication,biolink:interacts_with,biolink:Device,1
biolink:ComplexMolecularMixture,biolink:causes,biolink:AnatomicalEntity,1
biolink:Publication,biolink:interacts_with,biolink:Human,1
biolink:ComplexMolecularMixture,biolink:affects,biolink:PhysicalEntity,1
biolink:Publication,biolink:interacts_with,biolink:MolecularActivity,1
biolink:ClinicalAttribute,biolink:coexists_with,biolink:AnatomicalEntity,1
biolink:Publication,biolink:predisposes_to_condition,biolink:InformationContentEntity,1
biolink:ComplexMolecularMixture,biolink:coexists_with,biolink:PhysicalEntity,1
biolink:Publication,biolink:coexists_with,biolink:PhenotypicFeature,1
biolink:Drug,biolink:has_input,biolink:NamedThing,1
biolink:Agent,biolink:has_part,biolink:Publication,1
biolink:ComplexMolecularMixture,biolink:affects,biolink:ChemicalMixture,1
biolink:Drug,biolink:produces,biolink:GrossAnatomicalStructure,1
biolink:Drug,biolink:produces,biolink:PhysicalEntity,1
biolink:ComplexMolecularMixture,biolink:disrupts,biolink:DiseaseOrPhenotypicFeature,1
biolink:Publication,biolink:affects,biolink:NucleicAcidEntity,1
biolink:Publication,biolink:affects,biolink:MolecularMixture,1
biolink:Drug,biolink:has_active_ingredient,biolink:Drug,1
biolink:Publication,biolink:affects,biolink:Human,1
biolink:Drug,biolink:expressed_in,biolink:CellularComponent,1
biolink:Agent,biolink:diagnoses,biolink:NamedThing,1
biolink:Drug,biolink:exacerbates_condition,biolink:NamedThing,1
biolink:Agent,biolink:diagnoses,biolink:InformationContentEntity,1
biolink:Drug,biolink:exacerbates_condition,biolink:ClinicalAttribute,1
biolink:ComplexMolecularMixture,biolink:disrupts,biolink:NamedThing,1
biolink:Agent,biolink:close_match,biolink:PhenotypicFeature,1
biolink:Drug,biolink:disrupts,biolink:PopulationOfIndividualOrganisms,1
biolink:ComplexMolecularMixture,biolink:disrupts,biolink:PhysiologicalProcess,1
biolink:Drug,biolink:regulates,biolink:OrganismTaxon,1
biolink:Drug,biolink:regulates,biolink:SmallMolecule,1
biolink:Drug,biolink:disrupts,biolink:NucleicAcidEntity,1
biolink:Publication,biolink:subclass_of,biolink:Disease,1
biolink:Agent,biolink:has_input,biolink:Behavior,1
biolink:Publication,biolink:related_to,biolink:DiseaseOrPhenotypicFeature,1
biolink:Drug,biolink:has_member,biolink:AnatomicalEntity,1
biolink:Drug,biolink:preventative_for_condition,biolink:NucleicAcidEntity,1
biolink:Publication,biolink:coexists_with,biolink:MolecularMixture,1
biolink:Publication,biolink:coexists_with,biolink:InformationContentEntity,1
biolink:Publication,biolink:preventative_for_condition,biolink:Behavior,1
biolink:Publication,biolink:preventative_for_condition,biolink:OrganismTaxon,1
biolink:ComplexMolecularMixture,biolink:contributes_to,biolink:AnatomicalEntity,1
biolink:Publication,biolink:produces,biolink:ClinicalAttribute,1
biolink:Publication,biolink:produces,biolink:Device,1
biolink:Publication,biolink:coexists_with,biolink:Behavior,1
biolink:Agent,biolink:has_input,biolink:Protein,1
biolink:Publication,biolink:coexists_with,biolink:Agent,1
biolink:Drug,biolink:preventative_for_condition,biolink:PathologicalProcess,1
biolink:Agent,biolink:has_part,biolink:Procedure,1
biolink:Drug,biolink:preventative_for_condition,biolink:PhysiologicalProcess,1
biolink:Publication,biolink:close_match,biolink:NamedThing,1
biolink:ComplexMolecularMixture,biolink:derives_from,biolink:Gene,1
biolink:Publication,biolink:close_match,biolink:IndividualOrganism,1
biolink:Publication,biolink:related_to,biolink:ChemicalMixture,1
biolink:Agent,biolink:has_input,biolink:Cell,1
biolink:Drug,biolink:has_part,biolink:GenomicEntity,1
biolink:Publication,biolink:causes,biolink:InformationContentEntity,1
biolink:Publication,biolink:related_to,biolink:ComplexMolecularMixture,1
biolink:ComplexMolecularMixture,biolink:derives_from,biolink:PhysicalEntity,1
biolink:Event,biolink:precedes,biolink:BiologicalProcess,1
biolink:Event,biolink:predisposes_to_condition,biolink:PhenotypicFeature,1
biolink:ComplexMolecularMixture,biolink:related_to,biolink:AnatomicalEntity,1
biolink:DiseaseOrPhenotypicFeature,biolink:has_phenotype,biolink:NamedThing,1
biolink:DiseaseOrPhenotypicFeature,biolink:close_match,biolink:GeographicLocation,1
biolink:DiseaseOrPhenotypicFeature,biolink:close_match,biolink:Event,1
biolink:Cohort,biolink:close_match,biolink:GrossAnatomicalStructure,1
biolink:Cohort,biolink:close_match,biolink:ClinicalAttribute,1
biolink:Device,biolink:causes,biolink:DiseaseOrPhenotypicFeature,1
biolink:Activity,biolink:occurs_in,biolink:GenomicEntity,1
biolink:Protein,biolink:occurs_in,biolink:Agent,1
biolink:Food,biolink:located_in,biolink:ChemicalEntity,1
biolink:Cohort,biolink:associated_with,biolink:Disease,1
biolink:Food,biolink:located_in,biolink:Disease,1
biolink:DiseaseOrPhenotypicFeature,biolink:close_match,biolink:Cell,1
biolink:Cohort,biolink:affects,biolink:Disease,1
biolink:SmallMolecule,biolink:disrupts,biolink:PopulationOfIndividualOrganisms,1
biolink:DiseaseOrPhenotypicFeature,biolink:close_match,biolink:AnatomicalEntity,1
biolink:Food,biolink:located_in,biolink:InformationContentEntity,1
biolink:Device,biolink:causes,biolink:Event,1
biolink:Food,biolink:occurs_in,biolink:GrossAnatomicalStructure,1
biolink:Disease,biolink:treats_or_applied_or_studied_to_treat,biolink:MolecularMixture,1
biolink:Disease,biolink:treats_or_applied_or_studied_to_treat,biolink:Human,1
biolink:Food,biolink:occurs_in,biolink:PopulationOfIndividualOrganisms,1
biolink:SmallMolecule,biolink:expressed_in,biolink:Cell,1
biolink:SmallMolecule,biolink:expressed_in,biolink:CellularComponent,1
biolink:SmallMolecule,biolink:expressed_in,biolink:GrossAnatomicalStructure,1
biolink:Food,biolink:interacts_with,biolink:PhysicalEntity,1
biolink:Food,biolink:interacts_with,biolink:NucleicAcidEntity,1
biolink:DiseaseOrPhenotypicFeature,biolink:related_to,biolink:Activity,1
biolink:SmallMolecule,biolink:disrupts,biolink:GeneFamily,1
biolink:Food,biolink:has_input,biolink:SmallMolecule,1
biolink:SmallMolecule,biolink:diagnoses,biolink:Disease,1
biolink:Protein,biolink:positively_correlated_with,biolink:GeneFamily,1
biolink:DiseaseOrPhenotypicFeature,biolink:predisposes_to_condition,biolink:Procedure,1
biolink:Drug,biolink:occurs_in,biolink:Cohort,1
biolink:Device,biolink:associated_with,biolink:AnatomicalEntity,1
biolink:Device,biolink:associated_with,biolink:ClinicalAttribute,1
biolink:Activity,biolink:precedes,biolink:Food,1
biolink:DiseaseOrPhenotypicFeature,biolink:predisposes_to_condition,biolink:AnatomicalEntity,1
biolink:Food,biolink:has_part,biolink:AnatomicalEntity,1
biolink:Food,biolink:has_part,biolink:Disease,1
biolink:Cohort,biolink:close_match,biolink:Publication,1
biolink:Device,biolink:causes,biolink:Activity,1
biolink:DiseaseOrPhenotypicFeature,biolink:located_in,biolink:Publication,1
biolink:Food,biolink:has_part,biolink:GrossAnatomicalStructure,1
biolink:AnatomicalEntity,biolink:associated_with,biolink:Drug,1
biolink:DiseaseOrPhenotypicFeature,biolink:located_in,biolink:Cell,1
biolink:Food,biolink:has_part,biolink:Polypeptide,1
biolink:AnatomicalEntity,biolink:associated_with,biolink:Gene,1
biolink:SmallMolecule,biolink:disrupts,biolink:Event,1
biolink:Cohort,biolink:close_match,biolink:PhenotypicFeature,1
biolink:Protein,biolink:physically_interacts_with,biolink:Cell,1
biolink:Protein,biolink:overlaps,biolink:SmallMolecule,1
biolink:AnatomicalEntity,biolink:associated_with,biolink:PhysiologicalProcess,1
biolink:Food,biolink:predisposes_to_condition,biolink:BiologicalProcess,1
biolink:Disease,biolink:treats_or_applied_or_studied_to_treat,biolink:Activity,1
biolink:SmallMolecule,biolink:has_active_ingredient,biolink:SmallMolecule,1
biolink:AnatomicalEntity,biolink:causes,biolink:Gene,1
biolink:Food,biolink:related_to,biolink:GenomicEntity,1
biolink:Device,biolink:close_match,biolink:NucleicAcidEntity,1
biolink:Device,biolink:coexists_with,biolink:AnatomicalEntity,1
biolink:Food,biolink:related_to,biolink:NucleicAcidEntity,1
biolink:Device,biolink:coexists_with,biolink:Disease,1
biolink:SmallMolecule,biolink:in_taxon,biolink:Human,1
biolink:AnatomicalEntity,biolink:close_match,biolink:Activity,1
biolink:Food,biolink:related_to,biolink:Phenomenon,1
biolink:Food,biolink:related_to,biolink:PhysicalEntity,1
biolink:AnatomicalEntity,biolink:close_match,biolink:CellLine,1
biolink:Device,biolink:coexists_with,biolink:Polypeptide,1
biolink:Food,biolink:subclass_of,biolink:Behavior,1
biolink:Activity,biolink:has_participant,biolink:SmallMolecule,1
biolink:AnatomicalEntity,biolink:close_match,biolink:ClinicalAttribute,1
biolink:Device,biolink:derives_from,biolink:Device,1
biolink:Device,biolink:derives_from,biolink:Food,1
biolink:Device,biolink:diagnoses,biolink:BiologicalProcess,1
biolink:Food,biolink:subclass_of,biolink:ChemicalMixture,1
biolink:ClinicalAttribute,biolink:treats_or_applied_or_studied_to_treat,biolink:Agent,1
biolink:Disease,biolink:regulates,biolink:OrganismTaxon,1
biolink:ClinicalAttribute,biolink:subclass_of,biolink:Protein,1
biolink:Food,biolink:subclass_of,biolink:MolecularMixture,1
biolink:Device,biolink:close_match,biolink:NamedThing,1
biolink:SmallMolecule,biolink:has_part,biolink:Food,1
biolink:Activity,biolink:located_in,biolink:GenomicEntity,1
biolink:Food,biolink:preventative_for_condition,biolink:OrganismTaxon,1
biolink:SmallMolecule,biolink:has_input,biolink:AnatomicalEntity,1
biolink:Activity,biolink:located_in,biolink:Polypeptide,1
biolink:Food,biolink:predisposes_to_condition,biolink:Procedure,1
biolink:Device,biolink:causes,biolink:PhysiologicalProcess,1
biolink:SmallMolecule,biolink:has_input,biolink:GenomicEntity,1
biolink:SmallMolecule,biolink:has_input,biolink:MolecularActivity,1
biolink:AnatomicalEntity,biolink:causes,biolink:Activity,1
biolink:SmallMolecule,biolink:has_input,biolink:NucleicAcidEntity,1
biolink:Food,biolink:preventative_for_condition,biolink:InformationContentEntity,1
biolink:Disease,biolink:subclass_of,biolink:SmallMolecule,1
biolink:Device,biolink:close_match,biolink:ClinicalAttribute,1
biolink:AnatomicalEntity,biolink:causes,biolink:ClinicalAttribute,1
biolink:AnatomicalEntity,biolink:causes,biolink:Behavior,1
biolink:Device,biolink:close_match,biolink:GrossAnatomicalStructure,1
biolink:Food,biolink:produces,biolink:AnatomicalEntity,1
biolink:SmallMolecule,biolink:has_part,biolink:BiologicalEntity,1
biolink:ClinicalAttribute,biolink:treats_or_applied_or_studied_to_treat,biolink:NamedThing,1
biolink:SmallMolecule,biolink:has_part,biolink:CellularComponent,1
biolink:Disease,biolink:subclass_of,biolink:MolecularMixture,1
biolink:AnatomicalEntity,biolink:causes,biolink:CellularComponent,1
biolink:SmallMolecule,biolink:has_part,biolink:Device,1
biolink:SmallMolecule,biolink:has_part,biolink:Disease,1
biolink:SmallMolecule,biolink:derives_from,biolink:Publication,1
biolink:SmallMolecule,biolink:derives_from,biolink:Procedure,1
biolink:Drug,biolink:close_match,biolink:Behavior,1
biolink:SmallMolecule,biolink:close_match,biolink:AnatomicalEntity,1
biolink:AnatomicalEntity,biolink:affects,biolink:GenomicEntity,1
biolink:Protein,biolink:produces,biolink:Procedure,1
biolink:Food,biolink:affects,biolink:IndividualOrganism,1
biolink:ComplexMolecularMixture,biolink:subclass_of,biolink:AnatomicalEntity,1
biolink:Drug,biolink:capable_of,biolink:MolecularActivity,1
biolink:SmallMolecule,biolink:close_match,biolink:GenomicEntity,1
biolink:AnatomicalEntity,biolink:affects,biolink:IndividualOrganism,1
biolink:Cohort,biolink:has_input,biolink:AnatomicalEntity,1
biolink:SmallMolecule,biolink:close_match,biolink:MolecularActivity,1
biolink:Activity,biolink:produces,biolink:BiologicalProcess,1
biolink:Drug,biolink:beneficial_in_models_for,biolink:PhenotypicFeature,1
biolink:Drug,biolink:associated_with,biolink:PopulationOfIndividualOrganisms,1
biolink:Cohort,biolink:diagnoses,biolink:NucleicAcidEntity,1
biolink:Food,biolink:associated_with,biolink:Event,1
biolink:Food,biolink:associated_with,biolink:NamedThing,1
biolink:AnatomicalEntity,biolink:affects,biolink:NucleicAcidEntity,1
biolink:Activity,biolink:preventative_for_condition,biolink:SmallMolecule,1
biolink:Food,biolink:causes,biolink:Behavior,1
biolink:SmallMolecule,biolink:coexists_with,biolink:BiologicalProcess,1
biolink:Food,biolink:causes,biolink:GrossAnatomicalStructure,1
biolink:Drug,biolink:associated_with,biolink:Cell,1
biolink:Food,biolink:causes,biolink:MolecularActivity,1
biolink:Protein,biolink:produces,biolink:BiologicalProcess,1
biolink:SmallMolecule,biolink:close_match,biolink:BiologicalProcess,1
biolink:Exon,biolink:subclass_of,biolink:PhysicalEntity,1
biolink:DiseaseOrPhenotypicFeature,biolink:related_to,biolink:Behavior,1
biolink:Drug,biolink:causes,biolink:Cohort,1
biolink:Drug,biolink:close_match,biolink:Agent,1
biolink:Event,biolink:related_to,biolink:ChemicalEntity,1
biolink:ComplexMolecularMixture,biolink:related_to,biolink:ClinicalAttribute,1
biolink:Drug,biolink:chemically_similar_to,biolink:AnatomicalEntity,1
biolink:Event,biolink:related_to,biolink:Cohort,1
biolink:Event,biolink:related_to,biolink:NamedThing,1
biolink:Activity,biolink:produces,biolink:PopulationOfIndividualOrganisms,1
biolink:Event,biolink:related_to,biolink:PopulationOfIndividualOrganisms,1
biolink:ComplexMolecularMixture,biolink:related_to,biolink:IndividualOrganism,1
biolink:SmallMolecule,biolink:causes,biolink:PathologicalProcess,1
biolink:Event,biolink:related_to,biolink:SmallMolecule,1
biolink:AnatomicalEntity,biolink:affects,biolink:Device,1
biolink:Event,biolink:subclass_of,biolink:IndividualOrganism,1
biolink:Drug,biolink:causes,biolink:PathologicalProcess,1
biolink:Event,biolink:subclass_of,biolink:NamedThing,1
biolink:Activity,biolink:produces,biolink:Food,1
biolink:Exon,biolink:subclass_of,biolink:ChemicalEntity,1
biolink:SmallMolecule,biolink:causes,biolink:Protein,1
biolink:Protein,biolink:regulates,biolink:ChemicalEntity,1
biolink:Activity,biolink:produces,biolink:Device,1
biolink:Protein,biolink:regulates,biolink:CellularComponent,1
biolink:Activity,biolink:produces,biolink:ComplexMolecularMixture,1
biolink:Protein,biolink:regulates,biolink:Cell,1
biolink:Drug,biolink:applied_to_treat,biolink:Protein,1
biolink:ComplexMolecularMixture,biolink:subclass_of,biolink:OrganismTaxon,1
biolink:ComplexMolecularMixture,biolink:subclass_of,biolink:Phenomenon,1
biolink:Activity,biolink:preventative_for_condition,biolink:NucleicAcidEntity,1
biolink:SmallMolecule,biolink:contributes_to,biolink:CellularComponent,1
biolink:SmallMolecule,biolink:correlated_with,biolink:CellularComponent,1
biolink:SmallMolecule,biolink:correlated_with,biolink:Gene,1
biolink:DiseaseOrPhenotypicFeature,biolink:subclass_of,biolink:Procedure,1
biolink:SmallMolecule,biolink:correlated_with,biolink:PhenotypicFeature,1
biolink:DiseaseOrPhenotypicFeature,biolink:subclass_of,biolink:Phenomenon,1
biolink:Food,biolink:disrupts,biolink:PhysiologicalProcess,1
biolink:Protein,biolink:precedes,biolink:Publication,1
biolink:Food,biolink:exacerbates_condition,biolink:BiologicalProcess,1
biolink:SmallMolecule,biolink:derives_from,biolink:ChemicalMixture,1
biolink:Food,biolink:exacerbates_condition,biolink:PhenotypicFeature,1
biolink:Food,biolink:has_input,biolink:Device,1
biolink:Protein,biolink:precedes,biolink:BiologicalProcess,1
biolink:DiseaseOrPhenotypicFeature,biolink:subclass_of,biolink:BehavioralFeature,1
biolink:Protein,biolink:precedes,biolink:AnatomicalEntity,1
biolink:DiseaseOrPhenotypicFeature,biolink:related_to,biolink:Publication,1
biolink:SmallMolecule,biolink:derives_from,biolink:MolecularActivity,1
biolink:DiseaseOrPhenotypicFeature,biolink:related_to,biolink:PhysiologicalProcess,1
biolink:DiseaseOrPhenotypicFeature,biolink:related_to,biolink:GenomicEntity,1
biolink:Protein,biolink:positively_correlated_with,biolink:Protein,1
biolink:Food,biolink:has_input,biolink:Protein,1
biolink:DiseaseOrPhenotypicFeature,biolink:related_to,biolink:Gene,1
biolink:DiseaseOrPhenotypicFeature,biolink:related_to,biolink:ClinicalAttribute,1
biolink:Food,biolink:disrupts,biolink:OrganismTaxon,1
biolink:Protein,biolink:predisposes_to_condition,biolink:Behavior,1
biolink:Device,biolink:affects,biolink:OrganismTaxon,1
biolink:ComplexMolecularMixture,biolink:treats_or_applied_or_studied_to_treat,biolink:AnatomicalEntity,1
biolink:Cohort,biolink:diagnoses,biolink:Gene,1
biolink:Activity,biolink:preventative_for_condition,biolink:Gene,1
biolink:Activity,biolink:preventative_for_condition,biolink:Cohort,1
biolink:Protein,biolink:preventative_for_condition,biolink:Gene,1
biolink:ComplexMolecularMixture,biolink:subclass_of,biolink:PhysicalEntity,1
biolink:Food,biolink:coexists_with,biolink:Activity,1
biolink:Drug,biolink:ameliorates_condition,biolink:BiologicalProcess,1
biolink:Food,biolink:coexists_with,biolink:AnatomicalEntity,1
biolink:ComplexMolecularMixture,biolink:treats_or_applied_or_studied_to_treat,biolink:Activity,1
biolink:Food,biolink:coexists_with,biolink:Cell,1
biolink:Protein,biolink:preventative_for_condition,biolink:Activity,1
biolink:Activity,biolink:predisposes_to_condition,biolink:DiseaseOrPhenotypicFeature,1
biolink:ComplexMolecularMixture,biolink:treats_or_applied_or_studied_to_treat,biolink:BiologicalProcess,1
biolink:ComplexMolecularMixture,biolink:treats_or_applied_or_studied_to_treat,biolink:Procedure,1
biolink:Food,biolink:coexists_with,biolink:OrganismTaxon,1
biolink:Activity,biolink:predisposes_to_condition,biolink:NamedThing,1
biolink:Food,biolink:derives_from,biolink:Drug,1
biolink:Device,biolink:affects,biolink:ChemicalMixture,1
biolink:Device,biolink:affects,biolink:ComplexMolecularMixture,1
biolink:Device,biolink:affects,biolink:Food,1
biolink:Food,biolink:derives_from,biolink:SmallMolecule,1
biolink:Activity,biolink:predisposes_to_condition,biolink:GrossAnatomicalStructure,1
biolink:Cell,biolink:disrupts,biolink:MolecularActivity,1
biolink:Behavior,biolink:produces,biolink:Drug,1
biolink:AnatomicalEntity,biolink:interacts_with,biolink:Food,1
biolink:CellularComponent,biolink:produces,biolink:BiologicalProcess,1
biolink:PhenotypicFeature,biolink:located_in,biolink:Drug,1
biolink:MolecularMixture,biolink:related_to,biolink:Phenomenon,1
biolink:CellularComponent,biolink:overlaps,biolink:OrganismTaxon,1
biolink:CellularComponent,biolink:positively_correlated_with,biolink:AnatomicalEntity,1
biolink:MolecularMixture,biolink:related_to,biolink:Cohort,1
biolink:MolecularMixture,biolink:related_to,biolink:Cell,1
biolink:CellularComponent,biolink:positively_correlated_with,biolink:PhenotypicFeature,1
biolink:MolecularMixture,biolink:regulates,biolink:GeneFamily,1
biolink:MolecularMixture,biolink:produces,biolink:OrganismTaxon,1
biolink:PhenotypicFeature,biolink:produces,biolink:NucleicAcidEntity,1
biolink:CellularComponent,biolink:produces,biolink:Cell,1
biolink:CellularComponent,biolink:produces,biolink:CellularComponent,1
biolink:BiologicalProcess,biolink:has_participant,biolink:ClinicalAttribute,1
biolink:MolecularMixture,biolink:predisposes_to_condition,biolink:ClinicalAttribute,1
biolink:PhenotypicFeature,biolink:negatively_correlated_with,biolink:AnatomicalEntity,1
biolink:PhenotypicFeature,biolink:negatively_correlated_with,biolink:BiologicalProcess,1
biolink:MolecularMixture,biolink:precedes,biolink:PhenotypicFeature,1
biolink:MolecularMixture,biolink:precedes,biolink:InformationContentEntity,1
biolink:MolecularMixture,biolink:related_to,biolink:Publication,1
biolink:MolecularMixture,biolink:same_as,biolink:Device,1
biolink:PhenotypicFeature,biolink:located_in,biolink:ChemicalEntity,1
biolink:BiologicalProcess,biolink:has_participant,biolink:Procedure,1
biolink:BiologicalProcess,biolink:located_in,biolink:Device,1
biolink:CellularComponent,biolink:located_in,biolink:BiologicalEntity,1
biolink:PhenotypicFeature,biolink:in_taxon,biolink:OrganismTaxon,1
biolink:PhenotypicFeature,biolink:interacts_with,biolink:Agent,1
biolink:MolecularMixture,biolink:treats,biolink:NamedThing,1
biolink:PhenotypicFeature,biolink:interacts_with,biolink:CellularComponent,1
biolink:CellularComponent,biolink:located_in,biolink:Device,1
biolink:MolecularMixture,biolink:subclass_of,biolink:RNAProduct,1
biolink:CellularComponent,biolink:located_in,biolink:IndividualOrganism,1
biolink:PhenotypicFeature,biolink:interacts_with,biolink:GenomicEntity,1
biolink:CellularComponent,biolink:located_in,biolink:NucleicAcidEntity,1
biolink:PhenotypicFeature,biolink:interacts_with,biolink:NamedThing,1
biolink:MolecularMixture,biolink:subclass_of,biolink:MolecularActivity,1
biolink:MolecularMixture,biolink:subclass_of,biolink:GrossAnatomicalStructure,1
biolink:CellularComponent,biolink:manifestation_of,biolink:PhysiologicalProcess,1
biolink:BiologicalProcess,biolink:increases_response_to,biolink:BiologicalProcess,1
biolink:CellularComponent,biolink:occurs_in,biolink:Agent,1
biolink:MolecularMixture,biolink:precedes,biolink:BiologicalProcess,1
biolink:PhenotypicFeature,biolink:occurs_in,biolink:BiologicalProcess,1
biolink:PhenotypicFeature,biolink:occurs_in,biolink:ChemicalEntity,1
biolink:MolecularMixture,biolink:interacts_with,biolink:Disease,1
biolink:PhenotypicFeature,biolink:precedes,biolink:Publication,1
biolink:MolecularMixture,biolink:has_part,biolink:PhysicalEntity,1
biolink:PhenotypicFeature,biolink:predisposes_to_condition,biolink:Cohort,1
biolink:MolecularMixture,biolink:has_part,biolink:OrganismTaxon,1
biolink:MolecularMixture,biolink:has_part,biolink:InformationContentEntity,1
biolink:MolecularMixture,biolink:has_part,biolink:Device,1
biolink:CellularComponent,biolink:related_to,biolink:NucleicAcidEntity,1
biolink:MolecularMixture,biolink:has_metabolite,biolink:Drug,1
biolink:PhenotypicFeature,biolink:preventative_for_condition,biolink:ClinicalAttribute,1
biolink:BiologicalProcess,biolink:has_input,biolink:Publication,1
biolink:MolecularMixture,biolink:has_member,biolink:SmallMolecule,1
biolink:MolecularMixture,biolink:has_member,biolink:Protein,1
biolink:MolecularMixture,biolink:has_input,biolink:Procedure,1
biolink:MolecularMixture,biolink:has_input,biolink:MolecularMixture,1
biolink:PhenotypicFeature,biolink:produces,biolink:Food,1
biolink:PhenotypicFeature,biolink:produces,biolink:GenomicEntity,1
biolink:MolecularMixture,biolink:exacerbates_condition,biolink:PhysiologicalProcess,1
biolink:CellularComponent,biolink:related_to,biolink:Device,1
biolink:CellularComponent,biolink:related_to,biolink:ComplexMolecularMixture,1
biolink:BiologicalProcess,biolink:has_part,biolink:PhenotypicFeature,1
biolink:CellularComponent,biolink:related_to,biolink:ClinicalAttribute,1
biolink:PhenotypicFeature,biolink:occurs_in,biolink:Drug,1
biolink:BiologicalProcess,biolink:has_part,biolink:GrossAnatomicalStructure,1
biolink:MolecularMixture,biolink:physically_interacts_with,biolink:CellularComponent,1
biolink:BiologicalProcess,biolink:has_part,biolink:GenomicEntity,1
biolink:PhenotypicFeature,biolink:occurs_in,biolink:NucleicAcidEntity,1
biolink:MolecularMixture,biolink:located_in,biolink:SmallMolecule,1
biolink:BiologicalProcess,biolink:has_part,biolink:ChemicalEntity,1
biolink:PhenotypicFeature,biolink:occurs_in,biolink:PhysicalEntity,1
biolink:MolecularMixture,biolink:located_in,biolink:Publication,1
biolink:CellularComponent,biolink:produces,biolink:MolecularActivity,1
biolink:MolecularMixture,biolink:located_in,biolink:Food,1
biolink:CellularComponent,biolink:produces,biolink:Publication,1
biolink:MolecularMixture,biolink:interacts_with,biolink:Publication,1
biolink:PhenotypicFeature,biolink:precedes,biolink:ChemicalEntity,1
biolink:PhenotypicFeature,biolink:precedes,biolink:Drug,1
biolink:PhenotypicFeature,biolink:precedes,biolink:GrossAnatomicalStructure,1
biolink:CellularComponent,biolink:related_to,biolink:Behavior,1
biolink:MolecularMixture,biolink:treats_or_applied_or_studied_to_treat,biolink:ChemicalEntity,1
biolink:BiologicalProcess,biolink:located_in,biolink:Human,1
biolink:PhenotypicFeature,biolink:has_phenotype,biolink:InformationContentEntity,1
biolink:PhenotypicFeature,biolink:contributes_to,biolink:Drug,1
biolink:PhenotypicFeature,biolink:derives_from,biolink:Gene,1
biolink:PhenotypicFeature,biolink:derives_from,biolink:NucleicAcidEntity,1
biolink:CellularComponent,biolink:disrupts,biolink:PhenotypicFeature,1
biolink:CellularComponent,biolink:disrupts,biolink:PhysiologicalProcess,1
biolink:PhenotypicFeature,biolink:diagnoses,biolink:Cohort,1
biolink:NamedThing,biolink:coexists_with,biolink:PhysicalEntity,1
biolink:PhenotypicFeature,biolink:diagnoses,biolink:NucleicAcidEntity,1
biolink:NamedThing,biolink:coexists_with,biolink:MolecularActivity,1
biolink:PhenotypicFeature,biolink:diagnoses,biolink:PhysiologicalProcess,1
biolink:PhenotypicFeature,biolink:diagnoses,biolink:PopulationOfIndividualOrganisms,1
biolink:PhenotypicFeature,biolink:diagnoses,biolink:Procedure,1
biolink:NamedThing,biolink:coexists_with,biolink:DiseaseOrPhenotypicFeature,1
biolink:CellularComponent,biolink:has_part,biolink:ChemicalMixture,1
biolink:NamedThing,biolink:coexists_with,biolink:AnatomicalEntity,1
biolink:NamedThing,biolink:close_match,biolink:SmallMolecule,1
biolink:NamedThing,biolink:close_match,biolink:Polypeptide,1
biolink:PhenotypicFeature,biolink:disrupts,biolink:DiseaseOrPhenotypicFeature,1
biolink:PhenotypicFeature,biolink:derives_from,biolink:Food,1
biolink:PhenotypicFeature,biolink:contributes_to,biolink:BiologicalProcess,1
biolink:NamedThing,biolink:close_match,biolink:LifeStage,1
biolink:PhenotypicFeature,biolink:coexists_with,biolink:Publication,1
biolink:NamedThing,biolink:has_participant,biolink:CellularComponent,1
biolink:NamedThing,biolink:has_part,biolink:PhysiologicalProcess,1
biolink:BiologicalProcess,biolink:positively_correlated_with,biolink:Protein,1
biolink:BiologicalProcess,biolink:positively_correlated_with,biolink:Phenomenon,1
biolink:NamedThing,biolink:has_part,biolink:PhysicalEntity,1
biolink:PhenotypicFeature,biolink:coexists_with,biolink:Device,1
biolink:BiologicalProcess,biolink:positively_correlated_with,biolink:Pathway,1
biolink:BiologicalProcess,biolink:positively_correlated_with,biolink:MolecularActivity,1
biolink:BiologicalProcess,biolink:positively_correlated_with,biolink:GrossAnatomicalStructure,1
biolink:BiologicalProcess,biolink:positively_correlated_with,biolink:GeneFamily,1
biolink:NamedThing,biolink:has_output,biolink:InformationContentEntity,1
biolink:BiologicalProcess,biolink:positively_correlated_with,biolink:Gene,1
biolink:NamedThing,biolink:has_member,biolink:Gene,1
biolink:NamedThing,biolink:has_input,biolink:SmallMolecule,1
biolink:NamedThing,biolink:has_input,biolink:PhysicalEntity,1
biolink:NamedThing,biolink:exacerbates_condition,biolink:PhenotypicFeature,1
biolink:NamedThing,biolink:exacerbates_condition,biolink:Activity,1
biolink:NamedThing,biolink:close_match,biolink:OrganismAttribute,1
biolink:NamedThing,biolink:close_match,biolink:Event,1
biolink:CellularComponent,biolink:interacts_with,biolink:PhenotypicFeature,1
biolink:PhenotypicFeature,biolink:has_input,biolink:Phenomenon,1
biolink:NamedThing,biolink:causes,biolink:Activity,1
biolink:NamedThing,biolink:associated_with,biolink:MolecularMixture,1
biolink:BiologicalProcess,biolink:negatively_correlated_with,biolink:AnatomicalEntity,1
biolink:PhenotypicFeature,biolink:has_part,biolink:Device,1
biolink:NamedThing,biolink:affects,biolink:Drug,1
biolink:PhenotypicFeature,biolink:has_part,biolink:Food,1
biolink:NamedThing,biolink:affects,biolink:ChemicalEntity,1
biolink:NamedThing,biolink:affects,biolink:Cell,1
biolink:NamedThing,biolink:affects,biolink:AnatomicalEntity,1
biolink:NamedThing,biolink:affects,biolink:Agent,1
biolink:PhenotypicFeature,biolink:has_part,biolink:PhysiologicalProcess,1
biolink:BiologicalProcess,biolink:located_in,biolink:MolecularEntity,1
biolink:PhenotypicFeature,biolink:has_participant,biolink:AnatomicalEntity,1
biolink:PhenotypicFeature,biolink:has_participant,biolink:ChemicalEntity,1
biolink:MolecularMixture,biolink:treats_or_applied_or_studied_to_treat,biolink:NucleicAcidEntity,1
biolink:PhenotypicFeature,biolink:has_participant,biolink:MolecularActivity,1
biolink:CellularComponent,biolink:interacts_with,biolink:OrganismTaxon,1
biolink:PhenotypicFeature,biolink:has_input,biolink:Polypeptide,1
biolink:PhenotypicFeature,biolink:has_input,biolink:NamedThing,1
biolink:PhenotypicFeature,biolink:disrupts,biolink:Polypeptide,1
biolink:NamedThing,biolink:causes,biolink:EnvironmentalProcess,1
biolink:PhenotypicFeature,biolink:disrupts,biolink:Procedure,1
biolink:CellularComponent,biolink:has_part,biolink:MolecularEntity,1
biolink:PhenotypicFeature,biolink:exacerbates_condition,biolink:BiologicalProcess,1
biolink:PhenotypicFeature,biolink:exacerbates_condition,biolink:ClinicalAttribute,1
biolink:PhenotypicFeature,biolink:exacerbates_condition,biolink:Event,1
biolink:PhenotypicFeature,biolink:exacerbates_condition,biolink:Gene,1
biolink:PhenotypicFeature,biolink:exacerbates_condition,biolink:PathologicalProcess,1
biolink:PhenotypicFeature,biolink:expressed_in,biolink:Cell,1
biolink:PhenotypicFeature,biolink:gene_product_of,biolink:Gene,1
biolink:CellularComponent,biolink:has_part,biolink:NamedThing,1
biolink:BiologicalProcess,biolink:occurs_in,biolink:ComplexMolecularMixture,1
biolink:PhenotypicFeature,biolink:has_input,biolink:ComplexMolecularMixture,1
biolink:NamedThing,biolink:causes,biolink:Procedure,1
biolink:BiologicalProcess,biolink:negatively_correlated_with,biolink:SmallMolecule,1
biolink:NamedThing,biolink:causes,biolink:NamedThing,1
biolink:PhenotypicFeature,biolink:has_input,biolink:GenomicEntity,1
biolink:NamedThing,biolink:causes,biolink:InformationContentEntity,1
biolink:MolecularMixture,biolink:disrupts,biolink:SmallMolecule,1
biolink:CellularComponent,biolink:related_to,biolink:PhysicalEntity,1
biolink:PhenotypicFeature,biolink:close_match,biolink:SmallMolecule,1
biolink:MolecularActivity,biolink:related_to,biolink:ClinicalAttribute,1
biolink:ChemicalEntity,biolink:close_match,biolink:Agent,1
biolink:BiologicalProcess,biolink:close_match,biolink:GrossAnatomicalStructure,1
biolink:ChemicalEntity,biolink:close_match,biolink:Behavior,1
biolink:BiologicalProcess,biolink:close_match,biolink:ChemicalEntity,1
biolink:PhysicalEntity,biolink:has_member,biolink:BiologicalEntity,1
biolink:PhysicalEntity,biolink:has_member,biolink:InformationContentEntity,1
biolink:PhysicalEntity,biolink:has_member,biolink:OrganismTaxon,1
biolink:PhysicalEntity,biolink:has_part,biolink:Cell,1
biolink:PhysicalEntity,biolink:has_part,biolink:Exon,1
biolink:MolecularMixture,biolink:disrupts,biolink:Pathway,1
biolink:MolecularActivity,biolink:related_to,biolink:Agent,1
biolink:MolecularActivity,biolink:regulates,biolink:SmallMolecule,1
biolink:BiologicalProcess,biolink:close_match,biolink:AnatomicalEntity,1
biolink:PhysicalEntity,biolink:has_part,biolink:Polypeptide,1
biolink:MolecularActivity,biolink:regulates,biolink:PhenotypicFeature,1
biolink:PhysicalEntity,biolink:interacts_with,biolink:AnatomicalEntity,1
biolink:BiologicalProcess,biolink:causes,biolink:Protein,1
biolink:ChemicalEntity,biolink:close_match,biolink:GeographicLocation,1
biolink:BiologicalProcess,biolink:close_match,biolink:MolecularEntity,1
biolink:PhysicalEntity,biolink:has_input,biolink:Cohort,1
biolink:PhysicalEntity,biolink:has_increased_amount,biolink:PhysicalEntity,1
biolink:MolecularActivity,biolink:subclass_of,biolink:Activity,1
biolink:MolecularActivity,biolink:treats,biolink:Disease,1
biolink:MolecularActivity,biolink:target_for,biolink:Disease,1
biolink:PhysicalEntity,biolink:composed_primarily_of,biolink:OrganismTaxon,1
biolink:PhysicalEntity,biolink:composed_primarily_of,biolink:SmallMolecule,1
biolink:ChemicalEntity,biolink:causes,biolink:GrossAnatomicalStructure,1
biolink:PhysicalEntity,biolink:derives_from,biolink:Cell,1
biolink:MolecularActivity,biolink:subclass_of,biolink:MolecularEntity,1
biolink:PhysicalEntity,biolink:derives_from,biolink:ChemicalMixture,1
biolink:ChemicalEntity,biolink:causes,biolink:NucleicAcidEntity,1
biolink:PhysicalEntity,biolink:derives_from,biolink:MolecularMixture,1
biolink:PhysicalEntity,biolink:develops_from,biolink:AnatomicalEntity,1
biolink:PhysicalEntity,biolink:disrupts,biolink:AnatomicalEntity,1
biolink:PhysicalEntity,biolink:disrupts,biolink:Behavior,1
biolink:ChemicalEntity,biolink:chemically_similar_to,biolink:ChemicalMixture,1
biolink:PhysicalEntity,biolink:disrupts,biolink:GrossAnatomicalStructure,1
biolink:PhysicalEntity,biolink:disrupts,biolink:InformationContentEntity,1
biolink:PhysicalEntity,biolink:disrupts,biolink:MolecularActivity,1
biolink:MolecularActivity,biolink:produces,biolink:OrganismTaxon,1
biolink:MolecularActivity,biolink:produces,biolink:Gene,1
biolink:MolecularActivity,biolink:produces,biolink:ComplexMolecularMixture,1
biolink:MolecularActivity,biolink:overlaps,biolink:BiologicalProcess,1
biolink:ChemicalEntity,biolink:coexists_with,biolink:Behavior,1
biolink:MolecularActivity,biolink:negatively_correlated_with,biolink:SmallMolecule,1
biolink:MolecularActivity,biolink:negatively_correlated_with,biolink:PhenotypicFeature,1
biolink:MolecularActivity,biolink:negatively_correlated_with,biolink:Disease,1
biolink:ChemicalEntity,biolink:coexists_with,biolink:Phenomenon,1
biolink:MolecularActivity,biolink:located_in,biolink:PopulationOfIndividualOrganisms,1
biolink:MolecularActivity,biolink:located_in,biolink:Human,1
biolink:MolecularActivity,biolink:located_in,biolink:Cohort,1
biolink:MolecularActivity,biolink:interacts_with,biolink:OrganismTaxon,1
biolink:MolecularActivity,biolink:interacts_with,biolink:NucleicAcidEntity,1
biolink:BiologicalProcess,biolink:associated_with,biolink:OrganismTaxon,1
biolink:ChemicalEntity,biolink:correlated_with,biolink:BiologicalProcess,1
biolink:MolecularActivity,biolink:interacts_with,biolink:ComplexMolecularMixture,1
biolink:ChemicalEntity,biolink:correlated_with,biolink:PhenotypicFeature,1
biolink:MolecularActivity,biolink:in_taxon,biolink:Human,1
biolink:PhysicalEntity,biolink:subclass_of,biolink:Protein,1
biolink:MolecularActivity,biolink:has_participant,biolink:PhenotypicFeature,1
biolink:PhysicalEntity,biolink:related_to,biolink:Human,1
biolink:MolecularActivity,biolink:positively_correlated_with,biolink:Drug,1
biolink:MolecularActivity,biolink:produces,biolink:Cell,1
biolink:MolecularActivity,biolink:positively_correlated_with,biolink:Pathway,1
biolink:PhysicalEntity,biolink:located_in,biolink:Food,1
biolink:MolecularActivity,biolink:preventative_for_condition,biolink:NucleicAcidEntity,1
biolink:PhysicalEntity,biolink:located_in,biolink:NamedThing,1
biolink:ChemicalEntity,biolink:close_match,biolink:MolecularEntity,1
biolink:PhysicalEntity,biolink:occurs_in,biolink:EnvironmentalProcess,1
biolink:MolecularActivity,biolink:preventative_for_condition,biolink:BiologicalEntity,1
biolink:PhysicalEntity,biolink:preventative_for_condition,biolink:BiologicalEntity,1
biolink:PhysicalEntity,biolink:preventative_for_condition,biolink:BiologicalProcess,1
biolink:MolecularActivity,biolink:precedes,biolink:PhenotypicFeature,1
biolink:PhysicalEntity,biolink:preventative_for_condition,biolink:Event,1
biolink:PhysicalEntity,biolink:preventative_for_condition,biolink:InformationContentEntity,1
biolink:BiologicalProcess,biolink:causes,biolink:IndividualOrganism,1
biolink:ChemicalEntity,biolink:close_match,biolink:NamedThing,1
biolink:MolecularActivity,biolink:precedes,biolink:InformationContentEntity,1
biolink:PhysicalEntity,biolink:related_to,biolink:CellularComponent,1
biolink:MolecularActivity,biolink:precedes,biolink:Disease,1
biolink:MolecularActivity,biolink:precedes,biolink:AnatomicalEntity,1
biolink:MolecularActivity,biolink:treats_or_applied_or_studied_to_treat,biolink:Activity,1
biolink:MolecularActivity,biolink:treats_or_applied_or_studied_to_treat,biolink:Behavior,1
biolink:PhysicalEntity,biolink:coexists_with,biolink:Gene,1
biolink:BiologicalProcess,biolink:gene_product_of,biolink:Gene,1
biolink:BiologicalProcess,biolink:disrupts,biolink:SmallMolecule,1
biolink:MolecularMixture,biolink:close_match,biolink:AnatomicalEntity,1
biolink:MolecularMixture,biolink:close_match,biolink:Activity,1
biolink:BiologicalProcess,biolink:disrupts,biolink:OrganismTaxon,1
biolink:PhenotypicFeature,biolink:subclass_of,biolink:ChemicalMixture,1
biolink:MolecularMixture,biolink:associated_with,biolink:PathologicalProcess,1
biolink:BiologicalProcess,biolink:diagnoses,biolink:PhysiologicalProcess,1
biolink:ChemicalEntity,biolink:ameliorates_condition,biolink:BiologicalProcess,1
biolink:MolecularMixture,biolink:applied_to_treat,biolink:ChemicalEntity,1
biolink:BiologicalProcess,biolink:diagnoses,biolink:NamedThing,1
biolink:MolecularMixture,biolink:applied_to_treat,biolink:BiologicalProcess,1
biolink:BiologicalProcess,biolink:diagnoses,biolink:Cohort,1
biolink:MolecularMixture,biolink:affects,biolink:Publication,1
biolink:PhenotypicFeature,biolink:subclass_of,biolink:PathologicalProcess,1
biolink:MolecularMixture,biolink:affects,biolink:PopulationOfIndividualOrganisms,1
biolink:ChemicalEntity,biolink:applied_to_treat,biolink:Drug,1
biolink:ChemicalEntity,biolink:associated_with,biolink:Cell,1
biolink:BiologicalProcess,biolink:exacerbates_condition,biolink:PhenotypicFeature,1
biolink:BiologicalProcess,biolink:has_input,biolink:Agent,1
biolink:PhenotypicFeature,biolink:superclass_of,biolink:InformationContentEntity,1
biolink:ChemicalEntity,biolink:affects,biolink:Agent,1
biolink:MolecularMixture,biolink:disrupts,biolink:MolecularEntity,1
biolink:BiologicalProcess,biolink:has_input,biolink:PhenotypicFeature,1
biolink:MolecularMixture,biolink:disrupts,biolink:Event,1
biolink:CellularComponent,biolink:subclass_of,biolink:Activity,1
biolink:CellularComponent,biolink:subclass_of,biolink:Device,1
biolink:MolecularMixture,biolink:derives_from,biolink:OrganismTaxon,1
biolink:PhenotypicFeature,biolink:related_to,biolink:ChemicalMixture,1
biolink:BiologicalProcess,biolink:has_input,biolink:ClinicalAttribute,1
biolink:MolecularMixture,biolink:contraindicated_in,biolink:InformationContentEntity,1
biolink:CellularComponent,biolink:subclass_of,biolink:Procedure,1
biolink:MolecularMixture,biolink:coexists_with,biolink:Procedure,1
biolink:MolecularMixture,biolink:coexists_with,biolink:PopulationOfIndividualOrganisms,1
biolink:MolecularMixture,biolink:coexists_with,biolink:MolecularActivity,1
biolink:PhenotypicFeature,biolink:related_to,biolink:OrganismAttribute,1
biolink:ChemicalEntity,biolink:affected_by,biolink:Gene,1
biolink:MolecularMixture,biolink:close_match,biolink:PhysicalEntity,1
biolink:MolecularMixture,biolink:close_match,biolink:NucleicAcidEntity,1
biolink:BiologicalProcess,biolink:decreases_response_to,biolink:Disease,1
biolink:BiologicalProcess,biolink:correlated_with,biolink:ChemicalEntity,1
biolink:MolecularActivity,biolink:treats_or_applied_or_studied_to_treat,biolink:Cell,1
biolink:ChemicalEntity,biolink:capable_of,biolink:Drug,1
biolink:PhysicalEntity,biolink:causes,biolink:Behavior,1
biolink:PhysicalEntity,biolink:causes,biolink:BiologicalEntity,1
biolink:PhysicalEntity,biolink:causes,biolink:ClinicalAttribute,1
biolink:PhysicalEntity,biolink:causes,biolink:DiseaseOrPhenotypicFeature,1
biolink:PhysicalEntity,biolink:causes,biolink:OrganismTaxon,1
biolink:PhysicalEntity,biolink:causes,biolink:Phenomenon,1
biolink:ChemicalEntity,biolink:capable_of,biolink:Polypeptide,1
biolink:MolecularEntity,biolink:has_part,biolink:MolecularActivity,1
biolink:PhysicalEntity,biolink:close_match,biolink:Activity,1
biolink:ChemicalEntity,biolink:capable_of,biolink:SmallMolecule,1
biolink:MolecularEntity,biolink:close_match,biolink:SmallMolecule,1
biolink:MolecularEntity,biolink:close_match,biolink:Polypeptide,1
biolink:MolecularEntity,biolink:close_match,biolink:ChemicalEntity,1
biolink:MolecularEntity,biolink:affects,biolink:Protein,1
biolink:MolecularActivity,biolink:treats_or_applied_or_studied_to_treat,biolink:Phenomenon,1
biolink:PhysicalEntity,biolink:close_match,biolink:Protein,1
biolink:PhysicalEntity,biolink:coexists_with,biolink:Device,1
biolink:PhysicalEntity,biolink:capable_of,biolink:EnvironmentalProcess,1
biolink:MolecularEntity,biolink:interacts_with,biolink:ChemicalEntity,1
biolink:MolecularEntity,biolink:subclass_of,biolink:NamedThing,1
biolink:MolecularEntity,biolink:is_sequence_variant_of,biolink:ChemicalEntity,1
biolink:PhenotypicFeature,biolink:treats,biolink:PhenotypicFeature,1
biolink:PhenotypicFeature,biolink:treats_or_applied_or_studied_to_treat,biolink:AnatomicalEntity,1
biolink:PhenotypicFeature,biolink:treats_or_applied_or_studied_to_treat,biolink:BiologicalProcess,1
biolink:PhenotypicFeature,biolink:treats_or_applied_or_studied_to_treat,biolink:ClinicalAttribute,1
biolink:BiologicalProcess,biolink:correlated_with,biolink:AnatomicalEntity,1
biolink:MolecularEntity,biolink:subclass_of,biolink:AnatomicalEntity,1
biolink:PhenotypicFeature,biolink:treats_or_applied_or_studied_to_treat,biolink:MolecularMixture,1
biolink:PhenotypicFeature,biolink:treats_or_applied_or_studied_to_treat,biolink:Phenomenon,1
biolink:BiologicalProcess,biolink:contributes_to,biolink:CellularComponent,1
biolink:PhenotypicFeature,biolink:treats_or_applied_or_studied_to_treat,biolink:Procedure,1
biolink:PhenotypicFeature,biolink:treats_or_applied_or_studied_to_treat,biolink:Protein,1
biolink:PhenotypicFeature,biolink:treats_or_applied_or_studied_to_treat,biolink:SmallMolecule,1
biolink:PhysicalEntity,biolink:affects,biolink:CellularComponent,1
biolink:PhysicalEntity,biolink:affects,biolink:Gene,1
biolink:MolecularEntity,biolink:related_to,biolink:BiologicalProcess,1
biolink:ChemicalEntity,biolink:biomarker_for,biolink:Disease,1
biolink:ChemicalEntity,biolink:capable_of,biolink:ChemicalEntity,1
biolink:BiologicalProcess,biolink:precedes,biolink:Cell,1
biolink:NamedThing,biolink:has_participant,biolink:OrganismTaxon,1
biolink:AnatomicalEntity,biolink:interacts_with,biolink:GenomicEntity,1
biolink:Phenomenon,biolink:associated_with,biolink:AnatomicalEntity,1
biolink:OrganismTaxon,biolink:close_match,biolink:MolecularActivity,1
biolink:Cell,biolink:causes,biolink:MolecularActivity,1
biolink:Phenomenon,biolink:affects,biolink:Pathway,1
biolink:Cell,biolink:capable_of,biolink:NamedThing,1
biolink:OrganismTaxon,biolink:close_match,biolink:Device,1
biolink:OrganismTaxon,biolink:close_match,biolink:BiologicalProcess,1
biolink:Phenomenon,biolink:affects,biolink:Publication,1
biolink:OrganismTaxon,biolink:causes,biolink:EnvironmentalProcess,1
biolink:OrganismTaxon,biolink:causes,biolink:ClinicalAttribute,1
biolink:NucleicAcidEntity,biolink:predisposes_to_condition,biolink:NamedThing,1
biolink:OrganismTaxon,biolink:causes,biolink:Cell,1
biolink:Phenomenon,biolink:associated_with,biolink:ClinicalAttribute,1
biolink:Phenomenon,biolink:associated_with,biolink:GrossAnatomicalStructure,1
biolink:OrganismTaxon,biolink:associated_with,biolink:NucleicAcidEntity,1
biolink:OrganismTaxon,biolink:affects,biolink:MolecularMixture,1
biolink:Phenomenon,biolink:causes,biolink:Behavior,1
biolink:OrganismTaxon,biolink:affects,biolink:Cohort,1
biolink:OrganismTaxon,biolink:affects,biolink:ClinicalAttribute,1
biolink:OrganismTaxon,biolink:close_match,biolink:PhenotypicFeature,1
biolink:OrganismTaxon,biolink:close_match,biolink:Procedure,1
biolink:Phenomenon,biolink:affects,biolink:Food,1
biolink:OrganismTaxon,biolink:coexists_with,biolink:ComplexMolecularMixture,1
biolink:OrganismTaxon,biolink:has_input,biolink:SmallMolecule,1
biolink:OrganismTaxon,biolink:has_input,biolink:Procedure,1
biolink:OrganismTaxon,biolink:has_input,biolink:InformationContentEntity,1
biolink:OrganismTaxon,biolink:disrupts,biolink:PhysiologicalProcess,1
biolink:OrganismTaxon,biolink:disrupts,biolink:OrganismTaxon,1
biolink:Cell,biolink:close_match,biolink:OrganismTaxon,1
biolink:Pathway,biolink:subclass_of,biolink:ChemicalEntity,1
biolink:Pathway,biolink:subclass_of,biolink:NamedThing,1
biolink:OrganismTaxon,biolink:disrupts,biolink:Activity,1
biolink:OrganismTaxon,biolink:derives_from,biolink:OrganismTaxon,1
biolink:OrganismTaxon,biolink:coexists_with,biolink:Polypeptide,1
biolink:Cell,biolink:close_match,biolink:Disease,1
biolink:Cell,biolink:preventative_for_condition,biolink:BiologicalEntity,1
biolink:Cell,biolink:close_match,biolink:Device,1
biolink:OrganismTaxon,biolink:coexists_with,biolink:GrossAnatomicalStructure,1
biolink:OrganismTaxon,biolink:coexists_with,biolink:Device,1
biolink:Cell,biolink:close_match,biolink:BiologicalProcess,1
biolink:OrganismTaxon,biolink:affects,biolink:BiologicalEntity,1
biolink:OrganismAttribute,biolink:subclass_of,biolink:PhenotypicFeature,1
biolink:OrganismAttribute,biolink:related_to,biolink:PhenotypicFeature,1
biolink:Phenomenon,biolink:diagnoses,biolink:PathologicalProcess,1
biolink:Phenomenon,biolink:disrupts,biolink:MolecularActivity,1
biolink:Phenomenon,biolink:has_input,biolink:AnatomicalEntity,1
biolink:Phenomenon,biolink:has_input,biolink:BiologicalProcess,1
biolink:Cell,biolink:affects,biolink:BiologicalEntity,1
biolink:NucleicAcidEntity,biolink:produces,biolink:PhenotypicFeature,1
biolink:Phenomenon,biolink:has_input,biolink:Disease,1
biolink:NucleicAcidEntity,biolink:produces,biolink:Food,1
biolink:NucleicAcidEntity,biolink:preventative_for_condition,biolink:NamedThing,1
biolink:NucleicAcidEntity,biolink:preventative_for_condition,biolink:ClinicalAttribute,1
biolink:Phenomenon,biolink:has_input,biolink:Polypeptide,1
biolink:Cell,biolink:acts_upstream_of,biolink:BiologicalProcess,1
biolink:BiologicalProcess,biolink:treats_or_applied_or_studied_to_treat,biolink:PhenotypicFeature,1
biolink:Phenomenon,biolink:has_output,biolink:GrossAnatomicalStructure,1
biolink:Phenomenon,biolink:has_part,biolink:ChemicalEntity,1
biolink:Cell,biolink:subclass_of,biolink:CellLine,1
biolink:NucleicAcidEntity,biolink:predisposes_to_condition,biolink:NucleicAcidEntity,1
biolink:Phenomenon,biolink:has_part,biolink:Protein,1
biolink:Phenomenon,biolink:diagnoses,biolink:PopulationOfIndividualOrganisms,1
biolink:NucleicAcidEntity,biolink:related_to,biolink:AnatomicalEntity,1
biolink:Cell,biolink:regulates,biolink:PhenotypicFeature,1
biolink:NucleicAcidEntity,biolink:related_to,biolink:Behavior,1
biolink:NucleicAcidEntity,biolink:treats_or_applied_or_studied_to_treat,biolink:InformationContentEntity,1
biolink:Phenomenon,biolink:close_match,biolink:Cell,1
biolink:Phenomenon,biolink:close_match,biolink:ChemicalEntity,1
biolink:Phenomenon,biolink:close_match,biolink:Cohort,1
biolink:Phenomenon,biolink:close_match,biolink:GenomicEntity,1
biolink:NucleicAcidEntity,biolink:subclass_of,biolink:PhysiologicalProcess,1
biolink:NucleicAcidEntity,biolink:subclass_of,biolink:PhenotypicFeature,1
biolink:Phenomenon,biolink:close_match,biolink:PhysiologicalProcess,1
biolink:NucleicAcidEntity,biolink:subclass_of,biolink:AnatomicalEntity,1
biolink:NucleicAcidEntity,biolink:related_to,biolink:Publication,1
biolink:Cell,biolink:related_to,biolink:MolecularMixture,1
biolink:NucleicAcidEntity,biolink:related_to,biolink:MolecularActivity,1
biolink:Cell,biolink:related_to,biolink:Phenomenon,1
biolink:Phenomenon,biolink:coexists_with,biolink:SmallMolecule,1
biolink:Phenomenon,biolink:diagnoses,biolink:ChemicalEntity,1
biolink:NucleicAcidEntity,biolink:related_to,biolink:Cell,1
biolink:Phenomenon,biolink:diagnoses,biolink:GrossAnatomicalStructure,1
biolink:Cell,biolink:precedes,biolink:AnatomicalEntity,1
biolink:Cell,biolink:close_match,biolink:Publication,1
biolink:OrganismTaxon,biolink:has_part,biolink:BiologicalProcess,1
biolink:PathologicalProcess,biolink:occurs_in,biolink:GrossAnatomicalStructure,1
biolink:PathologicalProcess,biolink:predisposes_to_condition,biolink:PhenotypicFeature,1
biolink:PathologicalProcess,biolink:subclass_of,biolink:BiologicalProcess,1
biolink:PathologicalProcess,biolink:subclass_of,biolink:Disease,1
biolink:OrganismTaxon,biolink:regulates,biolink:BiologicalProcess,1
biolink:PathologicalProcess,biolink:subclass_of,biolink:Phenomenon,1
biolink:OrganismTaxon,biolink:produces,biolink:Procedure,1
biolink:Pathway,biolink:affects,biolink:MolecularActivity,1
biolink:Pathway,biolink:affects,biolink:NucleicAcidEntity,1
biolink:OrganismTaxon,biolink:produces,biolink:OrganismTaxon,1
biolink:Pathway,biolink:associated_with,biolink:InformationContentEntity,1
biolink:Pathway,biolink:causes,biolink:Disease,1
biolink:Pathway,biolink:close_match,biolink:Pathway,1
biolink:Cell,biolink:derives_from,biolink:Protein,1
biolink:OrganismTaxon,biolink:produces,biolink:ChemicalMixture,1
biolink:Pathway,biolink:coexists_with,biolink:InformationContentEntity,1
biolink:Cell,biolink:indirectly_physically_interacts_with,biolink:GrossAnatomicalStructure,1
biolink:Pathway,biolink:correlated_with,biolink:Disease,1
biolink:PathologicalProcess,biolink:occurs_in,biolink:Human,1
biolink:PathologicalProcess,biolink:occurs_in,biolink:Agent,1
biolink:Pathway,biolink:disrupts,biolink:MolecularActivity,1
biolink:PathologicalProcess,biolink:has_participant,biolink:Drug,1
biolink:Cell,biolink:disrupts,biolink:GrossAnatomicalStructure,1
biolink:OrganismTaxon,biolink:subclass_of,biolink:GrossAnatomicalStructure,1
biolink:OrganismTaxon,biolink:subclass_of,biolink:GeographicLocation,1
biolink:OrganismTaxon,biolink:subclass_of,biolink:CellularComponent,1
biolink:Cell,biolink:enables,biolink:BiologicalProcess,1
biolink:OrganismTaxon,biolink:subclass_of,biolink:Behavior,1
biolink:OrganismTaxon,biolink:subclass_of,biolink:Agent,1
biolink:Cell,biolink:exacerbates_condition,biolink:Disease,1
biolink:OrganismTaxon,biolink:related_to,biolink:PopulationOfIndividualOrganisms,1
biolink:OrganismTaxon,biolink:related_to,biolink:Human,1
biolink:PathologicalProcess,biolink:biomarker_for,biolink:Disease,1
biolink:PathologicalProcess,biolink:close_match,biolink:Behavior,1
biolink:Cell,biolink:diagnoses,biolink:PhenotypicFeature,1
biolink:PathologicalProcess,biolink:close_match,biolink:Event,1
biolink:PathologicalProcess,biolink:close_match,biolink:PathologicalProcess,1
biolink:Cell,biolink:has_input,biolink:Procedure,1
biolink:Cell,biolink:has_part,biolink:BiologicalProcess,1
biolink:Pathway,biolink:correlated_with,biolink:PhenotypicFeature,1
biolink:OrganismTaxon,biolink:produces,biolink:BiologicalEntity,1
biolink:Cell,biolink:physically_interacts_with,biolink:CellularComponent,1
biolink:Pathway,biolink:occurs_in,biolink:ChemicalEntity,1
biolink:OrganismTaxon,biolink:interacts_with,biolink:Device,1
biolink:Cell,biolink:coexists_with,biolink:ClinicalAttribute,1
biolink:Cell,biolink:manifestation_of,biolink:BiologicalProcess,1
biolink:Pathway,biolink:occurs_in,biolink:PopulationOfIndividualOrganisms,1
biolink:OrganismTaxon,biolink:interacts_with,biolink:AnatomicalEntity,1
biolink:Cell,biolink:manifestation_of,biolink:PhysiologicalProcess,1
biolink:Cell,biolink:negatively_correlated_with,biolink:PhenotypicFeature,1
biolink:OrganismTaxon,biolink:has_part,biolink:PhysiologicalProcess,1
biolink:Pathway,biolink:positively_correlated_with,biolink:Pathway,1
biolink:Pathway,biolink:positively_correlated_with,biolink:SmallMolecule,1
biolink:Cell,biolink:occurs_in,biolink:OrganismTaxon,1
biolink:Pathway,biolink:predisposes_to_condition,biolink:Disease,1
biolink:Pathway,biolink:preventative_for_condition,biolink:Disease,1
biolink:Pathway,biolink:produces,biolink:SmallMolecule,1
biolink:Pathway,biolink:regulates,biolink:CellularComponent,1
biolink:Pathway,biolink:regulates,biolink:Disease,1
biolink:Pathway,biolink:regulates,biolink:PhenotypicFeature,1
biolink:Pathway,biolink:occurs_in,biolink:Cohort,1
biolink:Cell,biolink:located_in,biolink:PopulationOfIndividualOrganisms,1
biolink:Pathway,biolink:has_input,biolink:Drug,1
biolink:Pathway,biolink:occurs_in,biolink:BiologicalEntity,1
biolink:OrganismTaxon,biolink:preventative_for_condition,biolink:OrganismTaxon,1
biolink:Pathway,biolink:has_output,biolink:SmallMolecule,1
biolink:OrganismTaxon,biolink:physically_interacts_with,biolink:Drug,1
biolink:Cell,biolink:derives_from,biolink:GrossAnatomicalStructure,1
biolink:OrganismTaxon,biolink:physically_interacts_with,biolink:Disease,1
biolink:Pathway,biolink:has_participant,biolink:Cell,1
biolink:OrganismTaxon,biolink:occurs_in,biolink:Phenomenon,1
biolink:Pathway,biolink:has_participant,biolink:Gene,1
biolink:Cell,biolink:contributes_to,biolink:PhenotypicFeature,1
biolink:Cell,biolink:interacts_with,biolink:MolecularActivity,1
biolink:OrganismTaxon,biolink:located_in,biolink:Publication,1
biolink:Cell,biolink:located_in,biolink:Agent,1
biolink:Cell,biolink:coexists_with,biolink:GenomicEntity,1
biolink:Pathway,biolink:located_in,biolink:Gene,1
biolink:Pathway,biolink:located_in,biolink:GrossAnatomicalStructure,1
biolink:OrganismTaxon,biolink:located_in,biolink:Agent,1
biolink:Cell,biolink:located_in,biolink:Human,1
biolink:BiologicalProcess,biolink:treats_or_applied_or_studied_to_treat,biolink:GrossAnatomicalStructure,1
biolink:BiologicalProcess,biolink:treats_or_applied_or_studied_to_treat,biolink:Disease,1
biolink:NamedThing,biolink:has_participant,biolink:Protein,1
biolink:NamedThing,biolink:treats,biolink:ChemicalEntity,1
biolink:Phenomenon,biolink:subclass_of,biolink:PopulationOfIndividualOrganisms,1
biolink:Phenomenon,biolink:subclass_of,biolink:Protein,1
biolink:BiologicalProcess,biolink:related_to,biolink:MolecularEntity,1
biolink:NamedThing,biolink:treats_or_applied_or_studied_to_treat,biolink:Procedure,1
biolink:Phenomenon,biolink:treats_or_applied_or_studied_to_treat,biolink:Agent,1
biolink:NamedThing,biolink:treats_or_applied_or_studied_to_treat,biolink:DiseaseOrPhenotypicFeature,1
biolink:NamedThing,biolink:treats_or_applied_or_studied_to_treat,biolink:Activity,1
biolink:NamedThing,biolink:treats,biolink:MolecularMixture,1
biolink:NamedThing,biolink:temporally_related_to,biolink:NamedThing,1
biolink:Phenomenon,biolink:has_participant,biolink:MolecularActivity,1
biolink:BiologicalProcess,biolink:related_to,biolink:BiologicalEntity,1
biolink:PhenotypicFeature,biolink:affects,biolink:ComplexMolecularMixture,1
biolink:NamedThing,biolink:subclass_of,biolink:RNAProduct,1
biolink:PhenotypicFeature,biolink:affects,biolink:GenomicEntity,1
biolink:BiologicalProcess,biolink:regulates,biolink:GeneFamily,1
biolink:PhenotypicFeature,biolink:affects,biolink:IndividualOrganism,1
biolink:NamedThing,biolink:subclass_of,biolink:Polypeptide,1
biolink:CellularComponent,biolink:close_match,biolink:PhysicalEntity,1
biolink:CellularComponent,biolink:close_match,biolink:Cell,1
biolink:CellularComponent,biolink:causes,biolink:Phenomenon,1
biolink:NucleicAcidEntity,biolink:affects,biolink:Food,1
biolink:NucleicAcidEntity,biolink:affects,biolink:IndividualOrganism,1
biolink:Phenomenon,biolink:related_to,biolink:Food,1
biolink:Phenomenon,biolink:related_to,biolink:GenomicEntity,1
biolink:CellularComponent,biolink:affects,biolink:MolecularMixture,1
biolink:Phenomenon,biolink:related_to,biolink:NucleicAcidEntity,1
biolink:CellularComponent,biolink:affects,biolink:NamedThing,1
biolink:BiologicalProcess,biolink:same_as,biolink:MolecularActivity,1
biolink:NucleicAcidEntity,biolink:causes,biolink:NamedThing,1
biolink:NucleicAcidEntity,biolink:causes,biolink:Gene,1
biolink:NucleicAcidEntity,biolink:causes,biolink:Behavior,1
biolink:NucleicAcidEntity,biolink:associated_with,biolink:Procedure,1
biolink:NucleicAcidEntity,biolink:associated_with,biolink:Phenomenon,1
biolink:BiologicalProcess,biolink:related_to,biolink:PhysicalEntity,1
biolink:NucleicAcidEntity,biolink:associated_with,biolink:Cell,1
biolink:NucleicAcidEntity,biolink:associated_with,biolink:Behavior,1
biolink:NucleicAcidEntity,biolink:affects,biolink:PopulationOfIndividualOrganisms,1
biolink:CellularComponent,biolink:capable_of,biolink:Pathway,1
biolink:CellularComponent,biolink:causes,biolink:Gene,1
biolink:NamedThing,biolink:subclass_of,biolink:GrossAnatomicalStructure,1
biolink:BiologicalProcess,biolink:produces,biolink:Publication,1
biolink:NamedThing,biolink:subclass_of,biolink:BiologicalEntity,1
biolink:NamedThing,biolink:precedes,biolink:Behavior,1
biolink:CellularComponent,biolink:coexists_with,biolink:Polypeptide,1
biolink:BiologicalProcess,biolink:predisposes_to_condition,biolink:InformationContentEntity,1
biolink:PhenotypicFeature,biolink:causes,biolink:DiseaseOrPhenotypicFeature,1
biolink:NamedThing,biolink:occurs_in,biolink:InformationContentEntity,1
biolink:BiologicalProcess,biolink:predisposes_to_condition,biolink:Behavior,1
biolink:PhenotypicFeature,biolink:causes,biolink:PhysiologicalProcess,1
biolink:NamedThing,biolink:manifestation_of,biolink:PhysiologicalProcess,1
biolink:PhenotypicFeature,biolink:causes,biolink:SmallMolecule,1
biolink:NamedThing,biolink:manifestation_of,biolink:BiologicalEntity,1
biolink:NamedThing,biolink:located_in,biolink:PhenotypicFeature,1
biolink:NamedThing,biolink:is_sequence_variant_of,biolink:Gene,1
biolink:PhenotypicFeature,biolink:close_match,biolink:ComplexMolecularMixture,1
biolink:NamedThing,biolink:interacts_with,biolink:ChemicalEntity,1
biolink:PhenotypicFeature,biolink:close_match,biolink:Gene,1
biolink:CellularComponent,biolink:derives_from,biolink:ChemicalEntity,1
biolink:CellularComponent,biolink:derives_from,biolink:Protein,1
biolink:PhenotypicFeature,biolink:close_match,biolink:PhysicalEntity,1
biolink:NamedThing,biolink:occurs_in,biolink:Publication,1
biolink:NamedThing,biolink:precedes,biolink:Drug,1
biolink:NamedThing,biolink:same_as,biolink:Drug,1
biolink:PhenotypicFeature,biolink:biomarker_for,biolink:ClinicalAttribute,1
biolink:NamedThing,biolink:related_to,biolink:MolecularEntity,1
biolink:BiologicalProcess,biolink:produces,biolink:InformationContentEntity,1
biolink:BiologicalProcess,biolink:produces,biolink:Human,1
biolink:NamedThing,biolink:related_to,biolink:GenomicEntity,1
biolink:PhenotypicFeature,biolink:associated_with,biolink:Device,1
biolink:NamedThing,biolink:related_to,biolink:Event,1
biolink:CellularComponent,biolink:coexists_with,biolink:Device,1
biolink:CellularComponent,biolink:coexists_with,biolink:MolecularMixture,1
biolink:NamedThing,biolink:regulates,biolink:EnvironmentalProcess,1
biolink:NamedThing,biolink:produces,biolink:MolecularMixture,1
biolink:NamedThing,biolink:produces,biolink:GrossAnatomicalStructure,1
biolink:NamedThing,biolink:produces,biolink:Gene,1
biolink:NamedThing,biolink:precedes,biolink:Publication,1
biolink:BiologicalProcess,biolink:produces,biolink:ClinicalAttribute,1
biolink:PhenotypicFeature,biolink:associated_with,biolink:Polypeptide,1
biolink:PhenotypicFeature,biolink:associated_with,biolink:PopulationOfIndividualOrganisms,1
biolink:BiologicalProcess,biolink:produces,biolink:BiologicalProcess,1
biolink:NucleicAcidEntity,biolink:close_match,biolink:OrganismTaxon,1
biolink:NucleicAcidEntity,biolink:coexists_with,biolink:AnatomicalEntity,1
biolink:NucleicAcidEntity,biolink:coexists_with,biolink:ChemicalMixture,1
biolink:NucleicAcidEntity,biolink:located_in,biolink:Food,1
biolink:NucleicAcidEntity,biolink:located_in,biolink:Drug,1
biolink:Cell,biolink:subclass_of,biolink:Food,1
biolink:Phenomenon,biolink:located_in,biolink:NucleicAcidEntity,1
biolink:Cell,biolink:subclass_of,biolink:Human,1
biolink:NucleicAcidEntity,biolink:located_in,biolink:Behavior,1
biolink:NucleicAcidEntity,biolink:located_in,biolink:Activity,1
biolink:Phenomenon,biolink:located_in,biolink:Publication,1
biolink:Phenomenon,biolink:manifestation_of,biolink:AnatomicalEntity,1
biolink:Phenomenon,biolink:manifestation_of,biolink:ClinicalAttribute,1
biolink:NucleicAcidEntity,biolink:interacts_with,biolink:Phenomenon,1
biolink:Phenomenon,biolink:manifestation_of,biolink:InformationContentEntity,1
biolink:Phenomenon,biolink:manifestation_of,biolink:PhenotypicFeature,1
biolink:Phenomenon,biolink:manifestation_of,biolink:PhysiologicalProcess,1
biolink:Phenomenon,biolink:occurs_in,biolink:Activity,1
biolink:NucleicAcidEntity,biolink:interacts_with,biolink:InformationContentEntity,1
biolink:Phenomenon,biolink:occurs_in,biolink:Behavior,1
biolink:NucleicAcidEntity,biolink:interacts_with,biolink:Disease,1
biolink:Phenomenon,biolink:located_in,biolink:Human,1
biolink:Phenomenon,biolink:located_in,biolink:GenomicEntity,1
biolink:NucleicAcidEntity,biolink:interacts_with,biolink:ClinicalAttribute,1
biolink:NucleicAcidEntity,biolink:located_in,biolink:MolecularMixture,1
biolink:Phenomenon,biolink:has_participant,biolink:MolecularMixture,1
biolink:NucleicAcidEntity,biolink:predisposes_to_condition,biolink:ClinicalAttribute,1
biolink:Phenomenon,biolink:has_participant,biolink:SmallMolecule,1
biolink:NucleicAcidEntity,biolink:predisposes_to_condition,biolink:Cell,1
biolink:NucleicAcidEntity,biolink:predisposes_to_condition,biolink:BiologicalProcess,1
biolink:Phenomenon,biolink:interacts_with,biolink:ChemicalMixture,1
biolink:NucleicAcidEntity,biolink:physically_interacts_with,biolink:Drug,1
biolink:NucleicAcidEntity,biolink:occurs_in,biolink:OrganismTaxon,1
biolink:NucleicAcidEntity,biolink:occurs_in,biolink:Human,1
biolink:Phenomenon,biolink:interacts_with,biolink:NucleicAcidEntity,1
biolink:Phenomenon,biolink:located_in,biolink:Activity,1
biolink:NucleicAcidEntity,biolink:manifestation_of,biolink:Phenomenon,1
biolink:NucleicAcidEntity,biolink:manifestation_of,biolink:BiologicalProcess,1
biolink:Phenomenon,biolink:located_in,biolink:BiologicalProcess,1
biolink:NucleicAcidEntity,biolink:located_in,biolink:Protein,1
biolink:Cell,biolink:subclass_of,biolink:ClinicalAttribute,1
biolink:Cell,biolink:subclass_of,biolink:Device,1
biolink:Phenomenon,biolink:occurs_in,biolink:ChemicalEntity,1
biolink:Phenomenon,biolink:occurs_in,biolink:GenomicEntity,1
biolink:NucleicAcidEntity,biolink:coexists_with,biolink:PopulationOfIndividualOrganisms,1
biolink:BiologicalProcess,biolink:subclass_of,biolink:GenomicEntity,1
biolink:Phenomenon,biolink:produces,biolink:GenomicEntity,1
biolink:Phenomenon,biolink:produces,biolink:GrossAnatomicalStructure,1
biolink:CellLine,biolink:close_match,biolink:AnatomicalEntity,1
biolink:Phenomenon,biolink:produces,biolink:NucleicAcidEntity,1
biolink:Phenomenon,biolink:produces,biolink:PhenotypicFeature,1
biolink:CellLine,biolink:close_match,biolink:Cell,1
biolink:Phenomenon,biolink:produces,biolink:PopulationOfIndividualOrganisms,1
biolink:BiologicalProcess,biolink:subclass_of,biolink:Gene,1
biolink:CellLine,biolink:close_match,biolink:PhysicalEntity,1
biolink:CellLine,biolink:derives_from,biolink:AnatomicalEntity,1
biolink:Phenomenon,biolink:regulates,biolink:PhenotypicFeature,1
biolink:NucleicAcidEntity,biolink:derives_from,biolink:OrganismTaxon,1
biolink:CellLine,biolink:develops_from,biolink:AnatomicalEntity,1
biolink:Phenomenon,biolink:related_to,biolink:Cell,1
biolink:CellLine,biolink:develops_from,biolink:Cell,1
biolink:Phenomenon,biolink:related_to,biolink:ChemicalMixture,1
biolink:NucleicAcidEntity,biolink:derives_from,biolink:AnatomicalEntity,1
biolink:Phenomenon,biolink:produces,biolink:Gene,1
biolink:Phenomenon,biolink:produces,biolink:Disease,1
biolink:BiologicalProcess,biolink:subclass_of,biolink:OrganismTaxon,1
biolink:NucleicAcidEntity,biolink:disrupts,biolink:Polypeptide,1
biolink:Cell,biolink:treats,biolink:Disease,1
biolink:Phenomenon,biolink:occurs_in,biolink:MolecularMixture,1
biolink:Phenomenon,biolink:occurs_in,biolink:Phenomenon,1
biolink:NucleicAcidEntity,biolink:in_taxon,biolink:Human,1
biolink:Phenomenon,biolink:occurs_in,biolink:Publication,1
biolink:Phenomenon,biolink:precedes,biolink:AnatomicalEntity,1
biolink:NucleicAcidEntity,biolink:has_part,biolink:PhenotypicFeature,1
biolink:Phenomenon,biolink:precedes,biolink:Disease,1
biolink:Phenomenon,biolink:precedes,biolink:NamedThing,1
biolink:Phenomenon,biolink:precedes,biolink:PhenotypicFeature,1
biolink:NucleicAcidEntity,biolink:has_part,biolink:OrganismTaxon,1
biolink:Phenomenon,biolink:precedes,biolink:SmallMolecule,1
biolink:Phenomenon,biolink:predisposes_to_condition,biolink:AnatomicalEntity,1
biolink:Cell,biolink:treats_or_applied_or_studied_to_treat,biolink:GrossAnatomicalStructure,1
biolink:Phenomenon,biolink:predisposes_to_condition,biolink:NamedThing,1
biolink:Cell,biolink:treats_or_applied_or_studied_to_treat,biolink:Human,1
biolink:NucleicAcidEntity,biolink:gene_product_of,biolink:Gene,1
biolink:ChemicalEntity,biolink:derives_from,biolink:Cell,1
biolink:MolecularActivity,biolink:has_participant,biolink:GrossAnatomicalStructure,1
biolink:PhysicalEntity,biolink:treats_or_applied_or_studied_to_treat,biolink:DiseaseOrPhenotypicFeature,1
biolink:Procedure,biolink:interacts_with,biolink:SmallMolecule,1
biolink:GrossAnatomicalStructure,biolink:affects,biolink:PhysiologicalProcess,1
biolink:Procedure,biolink:has_part,biolink:GrossAnatomicalStructure,1
biolink:GrossAnatomicalStructure,biolink:affects,biolink:MolecularActivity,1
biolink:GrossAnatomicalStructure,biolink:affects,biolink:Human,1
biolink:Procedure,biolink:has_participant,biolink:Gene,1
biolink:GrossAnatomicalStructure,biolink:affects,biolink:ClinicalAttribute,1
biolink:ChemicalMixture,biolink:associated_with,biolink:Disease,1
biolink:GrossAnatomicalStructure,biolink:actively_involved_in,biolink:Activity,1
biolink:Behavior,biolink:has_input,biolink:MolecularMixture,1
biolink:GenomicEntity,biolink:located_in,biolink:Device,1
biolink:ChemicalMixture,biolink:causes,biolink:BiologicalEntity,1
biolink:Behavior,biolink:has_input,biolink:Disease,1
biolink:GeographicLocation,biolink:subclass_of,biolink:Food,1
biolink:GeographicLocation,biolink:related_to,biolink:SmallMolecule,1
biolink:GeographicLocation,biolink:related_to,biolink:MolecularActivity,1
biolink:ChemicalMixture,biolink:causes,biolink:MolecularActivity,1
biolink:Procedure,biolink:located_in,biolink:GeographicLocation,1
biolink:Behavior,biolink:has_input,biolink:Cohort,1
biolink:Procedure,biolink:has_part,biolink:Food,1
biolink:GrossAnatomicalStructure,biolink:affects,biolink:PopulationOfIndividualOrganisms,1
biolink:Behavior,biolink:has_input,biolink:PopulationOfIndividualOrganisms,1
biolink:GrossAnatomicalStructure,biolink:affects,biolink:SmallMolecule,1
biolink:GrossAnatomicalStructure,biolink:close_match,biolink:Human,1
biolink:GrossAnatomicalStructure,biolink:close_match,biolink:DiseaseOrPhenotypicFeature,1
biolink:Behavior,biolink:has_part,biolink:Phenomenon,1
biolink:GrossAnatomicalStructure,biolink:close_match,biolink:ClinicalAttribute,1
biolink:Behavior,biolink:has_part,biolink:OrganismTaxon,1
biolink:Behavior,biolink:has_part,biolink:MolecularActivity,1
biolink:Behavior,biolink:has_part,biolink:GenomicEntity,1
biolink:Procedure,biolink:has_input,biolink:GeographicLocation,1
biolink:Procedure,biolink:has_input,biolink:GrossAnatomicalStructure,1
biolink:Procedure,biolink:has_input,biolink:IndividualOrganism,1
biolink:Behavior,biolink:has_part,biolink:Drug,1
biolink:Behavior,biolink:has_part,biolink:Disease,1
biolink:Behavior,biolink:has_part,biolink:Device,1
biolink:GrossAnatomicalStructure,biolink:causes,biolink:ClinicalAttribute,1
biolink:Behavior,biolink:has_part,biolink:Behavior,1
biolink:GrossAnatomicalStructure,biolink:associated_with,biolink:Phenomenon,1
biolink:GrossAnatomicalStructure,biolink:associated_with,biolink:Cohort,1
biolink:GeographicLocation,biolink:related_to,biolink:Cohort,1
biolink:GeographicLocation,biolink:related_to,biolink:AnatomicalEntity,1
biolink:Behavior,biolink:exacerbates_condition,biolink:PhenotypicFeature,1
biolink:GenomicEntity,biolink:related_to,biolink:DiseaseOrPhenotypicFeature,1
biolink:GenomicEntity,biolink:related_to,biolink:Activity,1
biolink:Procedure,biolink:predisposes_to_condition,biolink:Behavior,1
biolink:Behavior,biolink:close_match,biolink:Human,1
biolink:Procedure,biolink:predisposes_to_condition,biolink:DiseaseOrPhenotypicFeature,1
biolink:Procedure,biolink:predisposes_to_condition,biolink:NucleicAcidEntity,1
biolink:Behavior,biolink:close_match,biolink:Drug,1
biolink:GenomicEntity,biolink:produces,biolink:Food,1
biolink:GenomicEntity,biolink:produces,biolink:Disease,1
biolink:ChemicalMixture,biolink:coexists_with,biolink:Food,1
biolink:Procedure,biolink:preventative_for_condition,biolink:ChemicalEntity,1
biolink:GenomicEntity,biolink:preventative_for_condition,biolink:OrganismTaxon,1
biolink:Behavior,biolink:close_match,biolink:Cohort,1
biolink:Behavior,biolink:close_match,biolink:ChemicalEntity,1
biolink:GenomicEntity,biolink:predisposes_to_condition,biolink:InformationContentEntity,1
biolink:Procedure,biolink:preventative_for_condition,biolink:NucleicAcidEntity,1
biolink:Procedure,biolink:preventative_for_condition,biolink:PathologicalProcess,1
biolink:GenomicEntity,biolink:located_in,biolink:Drug,1
biolink:GenomicEntity,biolink:related_to,biolink:Cell,1
biolink:GenomicEntity,biolink:related_to,biolink:Food,1
biolink:ChemicalMixture,biolink:chemically_similar_to,biolink:ChemicalEntity,1
biolink:GenomicEntity,biolink:related_to,biolink:GeographicLocation,1
biolink:GenomicEntity,biolink:treats_or_applied_or_studied_to_treat,biolink:GrossAnatomicalStructure,1
biolink:GenomicEntity,biolink:treats_or_applied_or_studied_to_treat,biolink:CellularComponent,1
biolink:ChemicalMixture,biolink:close_match,biolink:ComplexMolecularMixture,1
biolink:Procedure,biolink:occurs_in,biolink:InformationContentEntity,1
biolink:Procedure,biolink:occurs_in,biolink:Polypeptide,1
biolink:Behavior,biolink:coexists_with,biolink:NamedThing,1
biolink:Procedure,biolink:physically_interacts_with,biolink:Protein,1
biolink:Procedure,biolink:physically_interacts_with,biolink:SmallMolecule,1
biolink:GenomicEntity,biolink:subclass_of,biolink:AnatomicalEntity,1
biolink:Behavior,biolink:coexists_with,biolink:BiologicalEntity,1
biolink:ChemicalMixture,biolink:close_match,biolink:Gene,1
biolink:Procedure,biolink:precedes,biolink:Cohort,1
biolink:GenomicEntity,biolink:related_to,biolink:PhysiologicalProcess,1
biolink:GenomicEntity,biolink:related_to,biolink:Phenomenon,1
biolink:Behavior,biolink:close_match,biolink:Procedure,1
biolink:Procedure,biolink:precedes,biolink:Food,1
biolink:GenomicEntity,biolink:related_to,biolink:NamedThing,1
biolink:GrossAnatomicalStructure,biolink:close_match,biolink:Publication,1
biolink:GrossAnatomicalStructure,biolink:close_match,biolink:SmallMolecule,1
biolink:GrossAnatomicalStructure,biolink:coexists_with,biolink:Drug,1
biolink:ChemicalEntity,biolink:subclass_of,biolink:Agent,1
biolink:GrossAnatomicalStructure,biolink:related_to,biolink:Agent,1
biolink:Procedure,biolink:associated_with,biolink:ChemicalEntity,1
biolink:Procedure,biolink:associated_with,biolink:Gene,1
biolink:Procedure,biolink:associated_with,biolink:InformationContentEntity,1
biolink:Procedure,biolink:associated_with,biolink:OrganismTaxon,1
biolink:GrossAnatomicalStructure,biolink:regulates,biolink:Drug,1
biolink:GrossAnatomicalStructure,biolink:regulates,biolink:AnatomicalEntity,1
biolink:Procedure,biolink:causes,biolink:Behavior,1
biolink:Procedure,biolink:causes,biolink:BiologicalEntity,1
biolink:GrossAnatomicalStructure,biolink:produces,biolink:PhysicalEntity,1
biolink:ChemicalEntity,biolink:target_for,biolink:PhenotypicFeature,1
biolink:ChemicalEntity,biolink:transcribed_from,biolink:Gene,1
biolink:Procedure,biolink:causes,biolink:PhysiologicalProcess,1
biolink:Procedure,biolink:close_match,biolink:Agent,1
biolink:GrossAnatomicalStructure,biolink:produces,biolink:BiologicalProcess,1
biolink:Procedure,biolink:close_match,biolink:BiologicalEntity,1
biolink:Procedure,biolink:close_match,biolink:Cell,1
biolink:ChemicalEntity,biolink:subclass_of,biolink:GeographicLocation,1
biolink:Behavior,biolink:preventative_for_condition,biolink:InformationContentEntity,1
biolink:Procedure,biolink:close_match,biolink:ClinicalAttribute,1
biolink:ChemicalEntity,biolink:similar_to,biolink:SmallMolecule,1
biolink:Human,biolink:has_input,biolink:Procedure,1
biolink:Human,biolink:has_input,biolink:Disease,1
biolink:Human,biolink:has_input,biolink:Cell,1
biolink:PopulationOfIndividualOrganisms,biolink:subclass_of,biolink:AnatomicalEntity,1
biolink:Human,biolink:associated_with,biolink:PhenotypicFeature,1
biolink:GrossAnatomicalStructure,biolink:treats_or_applied_or_studied_to_treat,biolink:PhenotypicFeature,1
biolink:GrossAnatomicalStructure,biolink:treats_or_applied_or_studied_to_treat,biolink:Disease,1
biolink:PopulationOfIndividualOrganisms,biolink:treats_or_applied_or_studied_to_treat,biolink:Human,1
biolink:PopulationOfIndividualOrganisms,biolink:treats_or_applied_or_studied_to_treat,biolink:OrganismTaxon,1
biolink:GrossAnatomicalStructure,biolink:subclass_of,biolink:SmallMolecule,1
biolink:PopulationOfIndividualOrganisms,biolink:treats_or_applied_or_studied_to_treat,biolink:Publication,1
biolink:Behavior,biolink:produces,biolink:Device,1
biolink:ChemicalEntity,biolink:same_as,biolink:NamedThing,1
biolink:Procedure,biolink:affects,biolink:CellularComponent,1
biolink:GrossAnatomicalStructure,biolink:subclass_of,biolink:ClinicalAttribute,1
biolink:Procedure,biolink:affects,biolink:DiseaseOrPhenotypicFeature,1
biolink:GrossAnatomicalStructure,biolink:subclass_of,biolink:Activity,1
biolink:Procedure,biolink:close_match,biolink:ChemicalMixture,1
biolink:Behavior,biolink:precedes,biolink:InformationContentEntity,1
biolink:ChemicalMixture,biolink:affects,biolink:GenomicEntity,1
biolink:Behavior,biolink:occurs_in,biolink:Device,1
biolink:ChemicalEntity,biolink:treats_or_applied_or_studied_to_treat,biolink:Protein,1
biolink:GrossAnatomicalStructure,biolink:has_input,biolink:Publication,1
biolink:GrossAnatomicalStructure,biolink:has_input,biolink:Disease,1
biolink:GrossAnatomicalStructure,biolink:has_input,biolink:Cohort,1
biolink:Behavior,biolink:manifestation_of,biolink:Behavior,1
biolink:Behavior,biolink:located_in,biolink:NucleicAcidEntity,1
biolink:GrossAnatomicalStructure,biolink:disrupts,biolink:Cell,1
biolink:Behavior,biolink:located_in,biolink:InformationContentEntity,1
biolink:Procedure,biolink:diagnoses,biolink:Polypeptide,1
biolink:Procedure,biolink:diagnoses,biolink:Publication,1
biolink:ChemicalMixture,biolink:affects,biolink:DiseaseOrPhenotypicFeature,1
biolink:GrossAnatomicalStructure,biolink:correlated_with,biolink:GeneFamily,1
biolink:Behavior,biolink:interacts_with,biolink:InformationContentEntity,1
biolink:Behavior,biolink:interacts_with,biolink:ClinicalAttribute,1
biolink:GrossAnatomicalStructure,biolink:correlated_with,biolink:AnatomicalEntity,1
biolink:Activity,biolink:actively_involved_in,biolink:BiologicalProcess,1
biolink:Procedure,biolink:exacerbates_condition,biolink:NamedThing,1
biolink:Behavior,biolink:occurs_in,biolink:BiologicalEntity,1
biolink:Procedure,biolink:derives_from,biolink:Protein,1
biolink:Procedure,biolink:close_match,biolink:Food,1
biolink:GrossAnatomicalStructure,biolink:has_participant,biolink:AnatomicalEntity,1
biolink:Procedure,biolink:close_match,biolink:MolecularActivity,1
biolink:GrossAnatomicalStructure,biolink:positively_correlated_with,biolink:GrossAnatomicalStructure,1
biolink:GrossAnatomicalStructure,biolink:physically_interacts_with,biolink:GrossAnatomicalStructure,1
biolink:ChemicalEntity,biolink:treats,biolink:Drug,1
biolink:Behavior,biolink:precedes,biolink:ClinicalAttribute,1
biolink:ChemicalEntity,biolink:treats,biolink:NamedThing,1
biolink:Behavior,biolink:precedes,biolink:Activity,1
biolink:GrossAnatomicalStructure,biolink:occurs_in,biolink:Human,1
biolink:GrossAnatomicalStructure,biolink:occurs_in,biolink:GrossAnatomicalStructure,1
biolink:GrossAnatomicalStructure,biolink:occurs_in,biolink:Agent,1
biolink:GrossAnatomicalStructure,biolink:negatively_correlated_with,biolink:PhenotypicFeature,1
biolink:Behavior,biolink:occurs_in,biolink:PhysicalEntity,1
biolink:GrossAnatomicalStructure,biolink:located_in,biolink:Protein,1
biolink:GrossAnatomicalStructure,biolink:interacts_with,biolink:SmallMolecule,1
biolink:GrossAnatomicalStructure,biolink:interacts_with,biolink:Gene,1
biolink:Procedure,biolink:coexists_with,biolink:OrganismTaxon,1
biolink:GrossAnatomicalStructure,biolink:interacts_with,biolink:ChemicalEntity,1
biolink:Procedure,biolink:preventative_for_condition,biolink:PopulationOfIndividualOrganisms,1
biolink:ChemicalMixture,biolink:derives_from,biolink:Device,1
biolink:MolecularActivity,biolink:has_part,biolink:Protein,1
biolink:AnatomicalEntity,biolink:precedes,biolink:PhenotypicFeature,1
biolink:Gene,biolink:subclass_of,biolink:PhysicalEntity,1
biolink:AnatomicalEntity,biolink:predisposes_to_condition,biolink:AnatomicalEntity,1
biolink:Protein,biolink:ameliorates_condition,biolink:BiologicalProcess,1
biolink:Gene,biolink:subclass_of,biolink:Phenomenon,1
biolink:ChemicalMixture,biolink:treats_or_applied_or_studied_to_treat,biolink:GrossAnatomicalStructure,1
biolink:Gene,biolink:subclass_of,biolink:MolecularMixture,1
biolink:ChemicalMixture,biolink:treats_or_applied_or_studied_to_treat,biolink:InformationContentEntity,1
biolink:AnatomicalEntity,biolink:precedes,biolink:PhysiologicalProcess,1
biolink:Gene,biolink:subclass_of,biolink:Activity,1
biolink:ChemicalMixture,biolink:derives_from,biolink:MolecularMixture,1
biolink:AnatomicalEntity,biolink:precedes,biolink:ClinicalAttribute,1
biolink:Gene,biolink:related_to,biolink:IndividualOrganism,1
biolink:Gene,biolink:related_to,biolink:GeographicLocation,1
biolink:Protein,biolink:biomarker_for,biolink:CellularComponent,1
biolink:Protein,biolink:biomarker_for,biolink:Drug,1
biolink:Gene,biolink:related_to,biolink:DiseaseOrPhenotypicFeature,1
biolink:ClinicalAttribute,biolink:affects,biolink:NamedThing,1
biolink:Protein,biolink:biomarker_for,biolink:Polypeptide,1
biolink:AnatomicalEntity,biolink:preventative_for_condition,biolink:AnatomicalEntity,1
biolink:AnatomicalEntity,biolink:preventative_for_condition,biolink:InformationContentEntity,1
biolink:Gene,biolink:treats_or_applied_or_studied_to_treat,biolink:AnatomicalEntity,1
biolink:AnatomicalEntity,biolink:preventative_for_condition,biolink:OrganismTaxon,1
biolink:AnatomicalEntity,biolink:regulates,biolink:PhenotypicFeature,1
biolink:GeneFamily,biolink:directly_physically_interacts_with,biolink:SmallMolecule,1
biolink:AnatomicalEntity,biolink:regulates,biolink:GeneFamily,1
biolink:GeneFamily,biolink:correlated_with,biolink:PhenotypicFeature,1
biolink:GeneFamily,biolink:correlated_with,biolink:Drug,1
biolink:GeneFamily,biolink:close_match,biolink:SmallMolecule,1
biolink:ChemicalMixture,biolink:subclass_of,biolink:InformationContentEntity,1
biolink:GeneFamily,biolink:affects,biolink:Protein,1
biolink:GeneFamily,biolink:affects,biolink:Drug,1
biolink:ChemicalMixture,biolink:subclass_of,biolink:MolecularEntity,1
biolink:ChemicalMixture,biolink:subclass_of,biolink:Polypeptide,1
biolink:AnatomicalEntity,biolink:produces,biolink:ClinicalAttribute,1
biolink:Protein,biolink:affects,biolink:PathologicalProcess,1
biolink:AnatomicalEntity,biolink:produces,biolink:BiologicalProcess,1
biolink:AnatomicalEntity,biolink:produces,biolink:BiologicalEntity,1
biolink:Gene,biolink:treats_or_applied_or_studied_to_treat,biolink:ChemicalEntity,1
biolink:ChemicalMixture,biolink:treats_or_applied_or_studied_to_treat,biolink:Agent,1
biolink:Protein,biolink:biomarker_for,biolink:PopulationOfIndividualOrganisms,1
biolink:Gene,biolink:related_to,biolink:ClinicalAttribute,1
biolink:Gene,biolink:regulates,biolink:MolecularActivity,1
biolink:Gene,biolink:positively_correlated_with,biolink:PhenotypicFeature,1
biolink:AnatomicalEntity,biolink:located_in,biolink:IndividualOrganism,1
biolink:ClinicalAttribute,biolink:causes,biolink:AnatomicalEntity,1
biolink:Gene,biolink:occurs_in,biolink:NucleicAcidEntity,1
biolink:Gene,biolink:occurs_in,biolink:MolecularMixture,1
biolink:Gene,biolink:occurs_in,biolink:Human,1
biolink:Gene,biolink:occurs_in,biolink:Food,1
biolink:Gene,biolink:occurs_in,biolink:BiologicalEntity,1
biolink:Gene,biolink:occurs_in,biolink:Agent,1
biolink:Gene,biolink:negatively_correlated_with,biolink:Disease,1
biolink:Gene,biolink:manifestation_of,biolink:BiologicalProcess,1
biolink:Gene,biolink:located_in,biolink:Publication,1
biolink:Protein,biolink:close_match,biolink:Publication,1
biolink:ClinicalAttribute,biolink:causes,biolink:Behavior,1
biolink:Gene,biolink:located_in,biolink:Polypeptide,1
biolink:AnatomicalEntity,biolink:located_in,biolink:Activity,1
biolink:AnatomicalEntity,biolink:interacts_with,biolink:OrganismTaxon,1
biolink:AnatomicalEntity,biolink:interacts_with,biolink:NucleicAcidEntity,1
biolink:ClinicalAttribute,biolink:associated_with,biolink:SmallMolecule,1
biolink:Protein,biolink:close_match,biolink:Cohort,1
biolink:ClinicalAttribute,biolink:associated_with,biolink:Activity,1
biolink:Protein,biolink:close_match,biolink:ClinicalAttribute,1
biolink:Gene,biolink:produces,biolink:Food,1
biolink:ClinicalAttribute,biolink:associated_with,biolink:ChemicalEntity,1
biolink:Gene,biolink:produces,biolink:Disease,1
biolink:Gene,biolink:produces,biolink:ChemicalMixture,1
biolink:ClinicalAttribute,biolink:associated_with,biolink:ClinicalAttribute,1
biolink:Gene,biolink:produces,biolink:Cell,1
biolink:Protein,biolink:causes,biolink:Cohort,1
biolink:AnatomicalEntity,biolink:negatively_correlated_with,biolink:PhenotypicFeature,1
biolink:ClinicalAttribute,biolink:associated_with,biolink:Drug,1
biolink:AnatomicalEntity,biolink:manifestation_of,biolink:PhenotypicFeature,1
biolink:AnatomicalEntity,biolink:manifestation_of,biolink:Phenomenon,1
biolink:Protein,biolink:causes,biolink:PathologicalProcess,1
biolink:Gene,biolink:preventative_for_condition,biolink:BiologicalProcess,1
biolink:AnatomicalEntity,biolink:located_in,biolink:SmallMolecule,1
biolink:AnatomicalEntity,biolink:located_in,biolink:Protein,1
biolink:ClinicalAttribute,biolink:associated_with,biolink:OrganismTaxon,1
biolink:AnatomicalEntity,biolink:located_in,biolink:NucleicAcidEntity,1
biolink:ChemicalMixture,biolink:subclass_of,biolink:Device,1
biolink:GeneFamily,biolink:located_in,biolink:Cell,1
biolink:AnatomicalEntity,biolink:related_to,biolink:ChemicalMixture,1
biolink:ChemicalMixture,biolink:has_part,biolink:Protein,1
biolink:GenomicEntity,biolink:disrupts,biolink:ComplexMolecularMixture,1
biolink:ChemicalMixture,biolink:interacts_with,biolink:CellularComponent,1
biolink:AnatomicalEntity,biolink:treats_or_applied_or_studied_to_treat,biolink:NamedThing,1
biolink:GenomicEntity,biolink:derives_from,biolink:Polypeptide,1
biolink:AnatomicalEntity,biolink:treats_or_applied_or_studied_to_treat,biolink:DiseaseOrPhenotypicFeature,1
biolink:GenomicEntity,biolink:derives_from,biolink:MolecularMixture,1
biolink:AnatomicalEntity,biolink:treats_or_applied_or_studied_to_treat,biolink:ChemicalEntity,1
biolink:AnatomicalEntity,biolink:treats_or_applied_or_studied_to_treat,biolink:AnatomicalEntity,1
biolink:AnatomicalEntity,biolink:treats,biolink:Disease,1
biolink:ChemicalMixture,biolink:interacts_with,biolink:InformationContentEntity,1
biolink:Procedure,biolink:subclass_of,biolink:Cell,1
biolink:ChemicalMixture,biolink:interacts_with,biolink:MolecularActivity,1
biolink:GenomicEntity,biolink:close_match,biolink:MolecularMixture,1
biolink:Procedure,biolink:subclass_of,biolink:Event,1
biolink:GenomicEntity,biolink:close_match,biolink:Gene,1
biolink:Procedure,biolink:subclass_of,biolink:Gene,1
biolink:GenomicEntity,biolink:causes,biolink:MolecularActivity,1
biolink:ChemicalMixture,biolink:interacts_with,biolink:AnatomicalEntity,1
biolink:GenomicEntity,biolink:disrupts,biolink:InformationContentEntity,1
biolink:GenomicEntity,biolink:causes,biolink:Activity,1
biolink:GenomicEntity,biolink:disrupts,biolink:Pathway,1
biolink:Procedure,biolink:produces,biolink:ComplexMolecularMixture,1
biolink:Procedure,biolink:produces,biolink:Gene,1
biolink:Procedure,biolink:produces,biolink:InformationContentEntity,1
biolink:GenomicEntity,biolink:interacts_with,biolink:PhysicalEntity,1
biolink:Procedure,biolink:produces,biolink:OrganismTaxon,1
biolink:ChemicalMixture,biolink:disrupts,biolink:DiseaseOrPhenotypicFeature,1
biolink:GenomicEntity,biolink:interacts_with,biolink:AnatomicalEntity,1
biolink:GenomicEntity,biolink:in_taxon,biolink:OrganismTaxon,1
biolink:ChemicalMixture,biolink:disrupts,biolink:GrossAnatomicalStructure,1
biolink:Behavior,biolink:causes,biolink:Behavior,1
biolink:GenomicEntity,biolink:has_phenotype,biolink:Publication,1
biolink:GenomicEntity,biolink:has_phenotype,biolink:ChemicalEntity,1
biolink:GenomicEntity,biolink:has_phenotype,biolink:BiologicalProcess,1
biolink:ChemicalMixture,biolink:disrupts,biolink:PhysiologicalProcess,1
biolink:GenomicEntity,biolink:has_input,biolink:Protein,1
biolink:GenomicEntity,biolink:has_input,biolink:ChemicalEntity,1
biolink:ChemicalMixture,biolink:disrupts,biolink:Procedure,1
biolink:ChemicalMixture,biolink:interacts_with,biolink:Phenomenon,1
biolink:AnatomicalEntity,biolink:subclass_of,biolink:Phenomenon,1
biolink:AnatomicalEntity,biolink:related_to,biolink:Cohort,1
biolink:GenomicEntity,biolink:affects,biolink:Food,1
biolink:GenomicEntity,biolink:affects,biolink:Device,1
biolink:GenomicEntity,biolink:affects,biolink:ClinicalAttribute,1
biolink:AnatomicalEntity,biolink:related_to,biolink:NucleicAcidEntity,1
biolink:GeneFamily,biolink:treats,biolink:PhenotypicFeature,1
biolink:Protein,biolink:actively_involved_in,biolink:MolecularEntity,1
biolink:AnatomicalEntity,biolink:related_to,biolink:IndividualOrganism,1
biolink:GeneFamily,biolink:regulates,biolink:GeneFamily,1
biolink:GeneFamily,biolink:preventative_for_condition,biolink:BiologicalProcess,1
biolink:Protein,biolink:acts_upstream_of_or_within_negative_effect,biolink:Pathway,1
biolink:GeneFamily,biolink:positively_correlated_with,biolink:SmallMolecule,1
biolink:AnatomicalEntity,biolink:related_to,biolink:GeographicLocation,1
biolink:GeneFamily,biolink:positively_correlated_with,biolink:Drug,1
biolink:GeneFamily,biolink:positively_correlated_with,biolink:ChemicalEntity,1
biolink:AnatomicalEntity,biolink:related_to,biolink:Gene,1
biolink:GeneFamily,biolink:negatively_correlated_with,biolink:PhenotypicFeature,1
biolink:GeneFamily,biolink:negatively_correlated_with,biolink:BiologicalProcess,1
biolink:AnatomicalEntity,biolink:related_to,biolink:ComplexMolecularMixture,1
biolink:ChemicalMixture,biolink:preventative_for_condition,biolink:InformationContentEntity,1
biolink:ChemicalMixture,biolink:located_in,biolink:InformationContentEntity,1
biolink:GenomicEntity,biolink:associated_with,biolink:PhysiologicalProcess,1
biolink:Procedure,biolink:treats_or_applied_or_studied_to_treat,biolink:Food,1
biolink:GenomicEntity,biolink:associated_with,biolink:Phenomenon,1
biolink:GenomicEntity,biolink:associated_with,biolink:NucleicAcidEntity,1
biolink:AnatomicalEntity,biolink:subclass_of,biolink:MolecularEntity,1
biolink:GenomicEntity,biolink:associated_with,biolink:Gene,1
biolink:AnatomicalEntity,biolink:subclass_of,biolink:MolecularActivity,1
biolink:AnatomicalEntity,biolink:subclass_of,biolink:IndividualOrganism,1
biolink:AnatomicalEntity,biolink:subclass_of,biolink:Human,1
biolink:AnatomicalEntity,biolink:subclass_of,biolink:GenomicEntity,1
biolink:AnatomicalEntity,biolink:subclass_of,biolink:Gene,1
biolink:GenomicEntity,biolink:associated_with,biolink:Event,1
biolink:GenomicEntity,biolink:associated_with,biolink:ClinicalAttribute,1
biolink:GenomicEntity,biolink:associated_with,biolink:BiologicalProcess,1
biolink:GenomicEntity,biolink:associated_with,biolink:AnatomicalEntity,1
biolink:GenomicEntity,biolink:affects,biolink:Procedure,1
biolink:GenomicEntity,biolink:affects,biolink:PopulationOfIndividualOrganisms,1
biolink:AnatomicalEntity,biolink:subclass_of,biolink:ChemicalMixture,1
biolink:GenomicEntity,biolink:affects,biolink:Pathway,1
biolink:ChemicalEntity,biolink:related_to,biolink:Event,1
biolink:PopulationOfIndividualOrganisms,biolink:related_to,biolink:OrganismTaxon,1
biolink:Behavior,biolink:related_to,biolink:DiseaseOrPhenotypicFeature,1
biolink:InformationContentEntity,biolink:produces,biolink:GenomicEntity,1
biolink:ChemicalEntity,biolink:interacts_with,biolink:NamedThing,1
biolink:BiologicalEntity,biolink:produces,biolink:ComplexMolecularMixture,1
biolink:PhysiologicalProcess,biolink:produces,biolink:Gene,1
biolink:ChemicalEntity,biolink:located_in,biolink:BiologicalProcess,1
biolink:InformationContentEntity,biolink:produces,biolink:Publication,1
biolink:PhysiologicalProcess,biolink:related_to,biolink:Behavior,1
biolink:InformationContentEntity,biolink:produces,biolink:NucleicAcidEntity,1
biolink:PhysiologicalProcess,biolink:related_to,biolink:GenomicEntity,1
biolink:InformationContentEntity,biolink:produces,biolink:Gene,1
biolink:Human,biolink:has_part,biolink:PhysicalEntity,1
biolink:InformationContentEntity,biolink:predisposes_to_condition,biolink:Procedure,1
biolink:InformationContentEntity,biolink:predisposes_to_condition,biolink:NamedThing,1
biolink:InformationContentEntity,biolink:predisposes_to_condition,biolink:DiseaseOrPhenotypicFeature,1
biolink:PhysiologicalProcess,biolink:related_to,biolink:SmallMolecule,1
biolink:BiologicalEntity,biolink:precedes,biolink:NamedThing,1
biolink:PhysiologicalProcess,biolink:subclass_of,biolink:GenomicEntity,1
biolink:PhysiologicalProcess,biolink:subclass_of,biolink:GrossAnatomicalStructure,1
biolink:BiologicalEntity,biolink:precedes,biolink:InformationContentEntity,1
biolink:BiologicalEntity,biolink:produces,biolink:Gene,1
biolink:PhysiologicalProcess,biolink:produces,biolink:Cell,1
biolink:ChemicalEntity,biolink:interacts_with,biolink:GrossAnatomicalStructure,1
biolink:PhysiologicalProcess,biolink:predisposes_to_condition,biolink:NamedThing,1
biolink:PhysiologicalProcess,biolink:occurs_in,biolink:ComplexMolecularMixture,1
biolink:ChemicalEntity,biolink:has_part,biolink:BiologicalProcess,1
biolink:InformationContentEntity,biolink:subclass_of,biolink:NucleicAcidEntity,1
biolink:PhysiologicalProcess,biolink:occurs_in,biolink:Food,1
biolink:BiologicalEntity,biolink:related_to,biolink:Gene,1
biolink:ChemicalEntity,biolink:has_part,biolink:ComplexMolecularMixture,1
biolink:InformationContentEntity,biolink:subclass_of,biolink:Human,1
biolink:InformationContentEntity,biolink:subclass_of,biolink:GenomicEntity,1
biolink:PhysiologicalProcess,biolink:occurs_in,biolink:Phenomenon,1
biolink:ChemicalEntity,biolink:has_part,biolink:Food,1
biolink:InformationContentEntity,biolink:subclass_of,biolink:ComplexMolecularMixture,1
biolink:PhysiologicalProcess,biolink:occurs_in,biolink:Publication,1
biolink:BiologicalEntity,biolink:produces,biolink:Polypeptide,1
biolink:BiologicalEntity,biolink:produces,biolink:PhenotypicFeature,1
biolink:PhysiologicalProcess,biolink:precedes,biolink:ClinicalAttribute,1
biolink:PhysiologicalProcess,biolink:precedes,biolink:Phenomenon,1
biolink:ChemicalEntity,biolink:has_part,biolink:Publication,1
biolink:InformationContentEntity,biolink:precedes,biolink:SmallMolecule,1
biolink:PhysiologicalProcess,biolink:subclass_of,biolink:NucleicAcidEntity,1
biolink:PhysiologicalProcess,biolink:subclass_of,biolink:PathologicalProcess,1
biolink:InformationContentEntity,biolink:located_in,biolink:GeographicLocation,1
biolink:Polypeptide,biolink:associated_with,biolink:AnatomicalEntity,1
biolink:InformationContentEntity,biolink:located_in,biolink:Drug,1
biolink:BiologicalEntity,biolink:located_in,biolink:ComplexMolecularMixture,1
biolink:Polypeptide,biolink:associated_with,biolink:Procedure,1
biolink:Polypeptide,biolink:causes,biolink:Activity,1
biolink:InformationContentEntity,biolink:located_in,biolink:BiologicalProcess,1
biolink:Polypeptide,biolink:causes,biolink:NamedThing,1
biolink:ChemicalEntity,biolink:physically_interacts_with,biolink:AnatomicalEntity,1
biolink:Polypeptide,biolink:causes,biolink:PopulationOfIndividualOrganisms,1
biolink:InformationContentEntity,biolink:interacts_with,biolink:NucleicAcidEntity,1
biolink:Polypeptide,biolink:close_match,biolink:Activity,1
biolink:Polypeptide,biolink:close_match,biolink:Disease,1
biolink:InformationContentEntity,biolink:interacts_with,biolink:Behavior,1
biolink:InformationContentEntity,biolink:interacts_with,biolink:Agent,1
biolink:InformationContentEntity,biolink:has_participant,biolink:Polypeptide,1
biolink:BiologicalEntity,biolink:has_part,biolink:MolecularMixture,1
biolink:BiologicalEntity,biolink:has_part,biolink:Exon,1
biolink:BiologicalEntity,biolink:located_in,biolink:Device,1
biolink:InformationContentEntity,biolink:located_in,biolink:Human,1
biolink:ChemicalEntity,biolink:located_in,biolink:Polypeptide,1
biolink:ChemicalEntity,biolink:occurs_in,biolink:CellularComponent,1
biolink:InformationContentEntity,biolink:precedes,biolink:PhysiologicalProcess,1
biolink:InformationContentEntity,biolink:precedes,biolink:NamedThing,1
biolink:PhysiologicalProcess,biolink:subclass_of,biolink:Polypeptide,1
biolink:InformationContentEntity,biolink:precedes,biolink:Drug,1
biolink:InformationContentEntity,biolink:precedes,biolink:BiologicalEntity,1
biolink:PhysiologicalProcess,biolink:temporally_related_to,biolink:InformationContentEntity,1
biolink:InformationContentEntity,biolink:occurs_in,biolink:Phenomenon,1
biolink:InformationContentEntity,biolink:occurs_in,biolink:NucleicAcidEntity,1
biolink:BiologicalEntity,biolink:manifestation_of,biolink:Phenomenon,1
biolink:InformationContentEntity,biolink:occurs_in,biolink:MolecularMixture,1
biolink:Polypeptide,biolink:affects,biolink:ComplexMolecularMixture,1
biolink:BiologicalEntity,biolink:manifestation_of,biolink:Activity,1
biolink:InformationContentEntity,biolink:occurs_in,biolink:BiologicalProcess,1
biolink:BiologicalEntity,biolink:located_in,biolink:Polypeptide,1
biolink:InformationContentEntity,biolink:manifestation_of,biolink:InformationContentEntity,1
biolink:BiologicalEntity,biolink:located_in,biolink:PhysiologicalProcess,1
biolink:InformationContentEntity,biolink:located_in,biolink:SmallMolecule,1
biolink:ChemicalEntity,biolink:has_metabolite,biolink:MolecularMixture,1
biolink:InformationContentEntity,biolink:superclass_of,biolink:PhenotypicFeature,1
biolink:PhysiologicalProcess,biolink:occurs_in,biolink:Activity,1
biolink:MolecularActivity,biolink:exacerbates_condition,biolink:MolecularActivity,1
biolink:MolecularActivity,biolink:exacerbates_condition,biolink:BiologicalProcess,1
biolink:MolecularActivity,biolink:disrupts,biolink:SmallMolecule,1
biolink:BiologicalProcess,biolink:affects,biolink:IndividualOrganism,1
biolink:MolecularActivity,biolink:disrupts,biolink:PhysiologicalProcess,1
biolink:MolecularActivity,biolink:disrupts,biolink:IndividualOrganism,1
biolink:BiologicalProcess,biolink:affects,biolink:ComplexMolecularMixture,1
biolink:BiologicalProcess,biolink:actively_involved_in,biolink:BiologicalProcess,1
biolink:PhysiologicalProcess,biolink:affects,biolink:Publication,1
biolink:ChemicalEntity,biolink:disrupts,biolink:MolecularEntity,1
biolink:PhysiologicalProcess,biolink:associated_with,biolink:Drug,1
biolink:MolecularActivity,biolink:correlated_with,biolink:BiologicalProcess,1
biolink:MolecularActivity,biolink:contributes_to,biolink:MolecularActivity,1
biolink:PhysiologicalProcess,biolink:associated_with,biolink:Pathway,1
biolink:MolecularActivity,biolink:contributes_to,biolink:Disease,1
biolink:MolecularActivity,biolink:coexists_with,biolink:Polypeptide,1
biolink:PhysiologicalProcess,biolink:causes,biolink:AnatomicalEntity,1
biolink:ChemicalEntity,biolink:disrupts,biolink:Pathway,1
biolink:MolecularActivity,biolink:exacerbates_condition,biolink:Disease,1
biolink:PhysiologicalProcess,biolink:affects,biolink:IndividualOrganism,1
biolink:PhysiologicalProcess,biolink:causes,biolink:PhysiologicalProcess,1
biolink:MolecularActivity,biolink:gene_product_of,biolink:Protein,1
biolink:PhysicalEntity,biolink:treats_or_applied_or_studied_to_treat,biolink:NamedThing,1
biolink:MolecularActivity,biolink:has_part,biolink:PhysiologicalProcess,1
biolink:PhysicalEntity,biolink:treats_or_applied_or_studied_to_treat,biolink:PathologicalProcess,1
biolink:MolecularActivity,biolink:has_part,biolink:Phenomenon,1
biolink:ChemicalEntity,biolink:derives_from,biolink:NamedThing,1
biolink:MolecularActivity,biolink:has_part,biolink:ChemicalEntity,1
biolink:PhysicalEntity,biolink:treats_or_applied_or_studied_to_treat,biolink:Publication,1
biolink:MolecularActivity,biolink:has_member,biolink:SmallMolecule,1
biolink:MolecularActivity,biolink:has_input,biolink:Procedure,1
biolink:MolecularActivity,biolink:has_input,biolink:PhysicalEntity,1
biolink:BiologicalProcess,biolink:associated_with,biolink:Cell,1
biolink:MolecularActivity,biolink:has_input,biolink:MolecularActivity,1
biolink:PhysiologicalProcess,biolink:affects,biolink:ComplexMolecularMixture,1
biolink:MolecularActivity,biolink:has_input,biolink:Food,1
biolink:MolecularActivity,biolink:has_input,biolink:Disease,1
biolink:PhysiologicalProcess,biolink:affects,biolink:Food,1
biolink:ChemicalEntity,biolink:disrupts,biolink:Event,1
biolink:BiologicalEntity,biolink:subclass_of,biolink:Procedure,1
biolink:MolecularActivity,biolink:coexists_with,biolink:Behavior,1
biolink:PhysiologicalProcess,biolink:manifestation_of,biolink:NamedThing,1
biolink:ChemicalEntity,biolink:gene_associated_with_condition,biolink:PhenotypicFeature,1
biolink:MaterialSample,biolink:subclass_of,biolink:PhysicalEntity,1
biolink:MaterialSample,biolink:subclass_of,biolink:ChemicalEntity,1
biolink:LifeStage,biolink:subclass_of,biolink:NamedThing,1
biolink:BiologicalEntity,biolink:same_as,biolink:ChemicalMixture,1
biolink:LifeStage,biolink:in_taxon,biolink:NamedThing,1
biolink:LifeStage,biolink:has_part,biolink:BiologicalProcess,1
biolink:PhysiologicalProcess,biolink:located_in,biolink:Human,1
biolink:PhysiologicalProcess,biolink:located_in,biolink:MolecularActivity,1
biolink:LifeStage,biolink:close_match,biolink:NamedThing,1
biolink:InformationContentEntity,biolink:treats_or_applied_or_studied_to_treat,biolink:NamedThing,1
biolink:InformationContentEntity,biolink:treats_or_applied_or_studied_to_treat,biolink:Gene,1
biolink:BiologicalEntity,biolink:related_to,biolink:Procedure,1
biolink:PhysiologicalProcess,biolink:located_in,biolink:Publication,1
biolink:ChemicalEntity,biolink:has_member,biolink:OrganismTaxon,1
biolink:InformationContentEntity,biolink:treats_or_applied_or_studied_to_treat,biolink:CellularComponent,1
biolink:PhysiologicalProcess,biolink:manifestation_of,biolink:InformationContentEntity,1
biolink:PhysiologicalProcess,biolink:manifestation_of,biolink:MolecularActivity,1
biolink:ChemicalEntity,biolink:has_input,biolink:MolecularActivity,1
biolink:PhysiologicalProcess,biolink:has_participant,biolink:NamedThing,1
biolink:MolecularActivity,biolink:close_match,biolink:Phenomenon,1
biolink:MolecularActivity,biolink:affects,biolink:IndividualOrganism,1
biolink:PhysiologicalProcess,biolink:close_match,biolink:Procedure,1
biolink:PhysiologicalProcess,biolink:coexists_with,biolink:BiologicalEntity,1
biolink:PhysiologicalProcess,biolink:coexists_with,biolink:NamedThing,1
biolink:PhysiologicalProcess,biolink:coexists_with,biolink:NucleicAcidEntity,1
biolink:MolecularActivity,biolink:associated_with,biolink:Procedure,1
biolink:MolecularActivity,biolink:associated_with,biolink:Gene,1
biolink:PhysiologicalProcess,biolink:diagnoses,biolink:InformationContentEntity,1
biolink:PhysiologicalProcess,biolink:disrupts,biolink:Disease,1
biolink:PhysiologicalProcess,biolink:disrupts,biolink:IndividualOrganism,1
biolink:PhysiologicalProcess,biolink:has_input,biolink:Activity,1
biolink:PhysiologicalProcess,biolink:has_input,biolink:Agent,1
biolink:ChemicalEntity,biolink:exacerbates_condition,biolink:InformationContentEntity,1
biolink:ChemicalEntity,biolink:exacerbates_condition,biolink:NamedThing,1
biolink:PhysiologicalProcess,biolink:has_part,biolink:Pathway,1
biolink:PhysiologicalProcess,biolink:has_part,biolink:PhysiologicalProcess,1
biolink:ChemicalEntity,biolink:exacerbates_condition,biolink:PhysiologicalProcess,1
biolink:PhysiologicalProcess,biolink:has_participant,biolink:IndividualOrganism,1
biolink:InformationContentEntity,biolink:has_part,biolink:ComplexMolecularMixture,1
biolink:Polypeptide,biolink:coexists_with,biolink:Food,1
biolink:BiologicalEntity,biolink:has_part,biolink:ChemicalMixture,1
biolink:PopulationOfIndividualOrganisms,biolink:close_match,biolink:Disease,1
biolink:IndividualOrganism,biolink:subclass_of,biolink:OrganismTaxon,1
biolink:PopulationOfIndividualOrganisms,biolink:coexists_with,biolink:SmallMolecule,1
biolink:PopulationOfIndividualOrganisms,biolink:diagnoses,biolink:Behavior,1
biolink:PopulationOfIndividualOrganisms,biolink:diagnoses,biolink:ClinicalAttribute,1
biolink:PopulationOfIndividualOrganisms,biolink:diagnoses,biolink:GrossAnatomicalStructure,1
biolink:PopulationOfIndividualOrganisms,biolink:diagnoses,biolink:NamedThing,1
biolink:PopulationOfIndividualOrganisms,biolink:diagnoses,biolink:Phenomenon,1
biolink:ChemicalEntity,biolink:regulates,biolink:AnatomicalEntity,1
biolink:IndividualOrganism,biolink:subclass_of,biolink:Disease,1
biolink:IndividualOrganism,biolink:subclass_of,biolink:ChemicalEntity,1
biolink:IndividualOrganism,biolink:subclass_of,biolink:BiologicalProcess,1
biolink:IndividualOrganism,biolink:subclass_of,biolink:Agent,1
biolink:ChemicalEntity,biolink:regulates,biolink:Cell,1
biolink:PopulationOfIndividualOrganisms,biolink:has_input,biolink:OrganismTaxon,1
biolink:IndividualOrganism,biolink:related_to,biolink:Gene,1
biolink:IndividualOrganism,biolink:related_to,biolink:ComplexMolecularMixture,1
biolink:IndividualOrganism,biolink:related_to,biolink:AnatomicalEntity,1
biolink:PopulationOfIndividualOrganisms,biolink:coexists_with,biolink:ChemicalEntity,1
biolink:ChemicalEntity,biolink:produces,biolink:Phenomenon,1
biolink:Behavior,biolink:subclass_of,biolink:ChemicalEntity,1
biolink:ChemicalEntity,biolink:produces,biolink:InformationContentEntity,1
biolink:InformationContentEntity,biolink:associated_with,biolink:AnatomicalEntity,1
biolink:BehavioralFeature,biolink:close_match,biolink:PhenotypicFeature,1
biolink:InformationContentEntity,biolink:associated_with,biolink:Activity,1
biolink:InformationContentEntity,biolink:affects,biolink:Publication,1
biolink:Polypeptide,biolink:treats_or_applied_or_studied_to_treat,biolink:Activity,1
biolink:Behavior,biolink:treats_or_applied_or_studied_to_treat,biolink:Publication,1
biolink:ChemicalEntity,biolink:preventative_for_condition,biolink:PhysiologicalProcess,1
biolink:Behavior,biolink:treats_or_applied_or_studied_to_treat,biolink:NamedThing,1
biolink:InformationContentEntity,biolink:affects,biolink:NucleicAcidEntity,1
biolink:InformationContentEntity,biolink:affects,biolink:IndividualOrganism,1
biolink:Polypeptide,biolink:treats_or_applied_or_studied_to_treat,biolink:Protein,1
biolink:PopulationOfIndividualOrganisms,biolink:affects,biolink:AnatomicalEntity,1
biolink:PopulationOfIndividualOrganisms,biolink:affects,biolink:ChemicalEntity,1
biolink:PopulationOfIndividualOrganisms,biolink:affects,biolink:Cohort,1
biolink:InformationContentEntity,biolink:affects,biolink:Device,1
biolink:InformationContentEntity,biolink:affects,biolink:ComplexMolecularMixture,1
biolink:PopulationOfIndividualOrganisms,biolink:affects,biolink:PopulationOfIndividualOrganisms,1
biolink:IndividualOrganism,biolink:predisposes_to_condition,biolink:PhenotypicFeature,1
biolink:IndividualOrganism,biolink:occurs_in,biolink:Human,1
biolink:ChemicalEntity,biolink:preventative_for_condition,biolink:GrossAnatomicalStructure,1
biolink:IndividualOrganism,biolink:associated_with,biolink:PhenotypicFeature,1
biolink:IndividualOrganism,biolink:affects,biolink:Food,1
biolink:PopulationOfIndividualOrganisms,biolink:preventative_for_condition,biolink:PhenotypicFeature,1
biolink:PopulationOfIndividualOrganisms,biolink:produces,biolink:Activity,1
biolink:PopulationOfIndividualOrganisms,biolink:produces,biolink:Agent,1
biolink:PopulationOfIndividualOrganisms,biolink:produces,biolink:Cell,1
biolink:IndividualOrganism,biolink:affects,biolink:ChemicalEntity,1
biolink:Human,biolink:subclass_of,biolink:IndividualOrganism,1
biolink:PopulationOfIndividualOrganisms,biolink:produces,biolink:Procedure,1
biolink:Human,biolink:related_to,biolink:PhysicalEntity,1
biolink:PopulationOfIndividualOrganisms,biolink:produces,biolink:SmallMolecule,1
biolink:Human,biolink:related_to,biolink:OrganismTaxon,1
biolink:Human,biolink:related_to,biolink:Activity,1
biolink:Human,biolink:produces,biolink:Disease,1
biolink:PopulationOfIndividualOrganisms,biolink:related_to,biolink:Device,1
biolink:ChemicalEntity,biolink:regulates,biolink:MolecularActivity,1
biolink:PopulationOfIndividualOrganisms,biolink:related_to,biolink:Event,1
biolink:Human,biolink:has_part,biolink:PhysiologicalProcess,1
biolink:IndividualOrganism,biolink:affects,biolink:MolecularMixture,1
biolink:PopulationOfIndividualOrganisms,biolink:occurs_in,biolink:OrganismTaxon,1
biolink:IndividualOrganism,biolink:occurs_in,biolink:AnatomicalEntity,1
biolink:IndividualOrganism,biolink:causes,biolink:InformationContentEntity,1
biolink:IndividualOrganism,biolink:located_in,biolink:OrganismTaxon,1
biolink:IndividualOrganism,biolink:located_in,biolink:AnatomicalEntity,1
biolink:IndividualOrganism,biolink:located_in,biolink:Activity,1
biolink:Behavior,biolink:related_to,biolink:PhysiologicalProcess,1
biolink:IndividualOrganism,biolink:has_part,biolink:Cell,1
biolink:PopulationOfIndividualOrganisms,biolink:interacts_with,biolink:Activity,1
biolink:PopulationOfIndividualOrganisms,biolink:interacts_with,biolink:ChemicalEntity,1
biolink:PopulationOfIndividualOrganisms,biolink:interacts_with,biolink:Device,1
biolink:PopulationOfIndividualOrganisms,biolink:interacts_with,biolink:GrossAnatomicalStructure,1
biolink:Behavior,biolink:related_to,biolink:MolecularMixture,1
biolink:IndividualOrganism,biolink:has_input,biolink:Cohort,1
biolink:PopulationOfIndividualOrganisms,biolink:interacts_with,biolink:Protein,1
biolink:PopulationOfIndividualOrganisms,biolink:interacts_with,biolink:SmallMolecule,1
biolink:PopulationOfIndividualOrganisms,biolink:located_in,biolink:Publication,1
biolink:PopulationOfIndividualOrganisms,biolink:occurs_in,biolink:Behavior,1
biolink:IndividualOrganism,biolink:close_match,biolink:Cohort,1
biolink:IndividualOrganism,biolink:causes,biolink:Phenomenon,1
biolink:Polypeptide,biolink:subclass_of,biolink:PhysicalEntity,1
biolink:InformationContentEntity,biolink:associated_with,biolink:GrossAnatomicalStructure,1
biolink:InformationContentEntity,biolink:has_output,biolink:SmallMolecule,1
biolink:Polypeptide,biolink:disrupts,biolink:NucleicAcidEntity,1
biolink:InformationContentEntity,biolink:has_input,biolink:ChemicalMixture,1
biolink:InformationContentEntity,biolink:has_input,biolink:Cell,1
biolink:InformationContentEntity,biolink:exacerbates_condition,biolink:BiologicalProcess,1
biolink:InformationContentEntity,biolink:disrupts,biolink:Procedure,1
biolink:Polypeptide,biolink:has_input,biolink:MolecularActivity,1
biolink:InformationContentEntity,biolink:disrupts,biolink:PhysiologicalProcess,1
biolink:InformationContentEntity,biolink:disrupts,biolink:CellularComponent,1
biolink:InformationContentEntity,biolink:diagnoses,biolink:Phenomenon,1
biolink:InformationContentEntity,biolink:diagnoses,biolink:ChemicalEntity,1
biolink:InformationContentEntity,biolink:diagnoses,biolink:CellularComponent,1
biolink:InformationContentEntity,biolink:diagnoses,biolink:BiologicalProcess,1
biolink:Polypeptide,biolink:interacts_with,biolink:MolecularActivity,1
biolink:BiologicalEntity,biolink:causes,biolink:PhenotypicFeature,1
biolink:InformationContentEntity,biolink:diagnoses,biolink:AnatomicalEntity,1
biolink:InformationContentEntity,biolink:derives_from,biolink:Protein,1
biolink:BiologicalEntity,biolink:affects,biolink:Protein,1
biolink:Polypeptide,biolink:interacts_with,biolink:Publication,1
biolink:Polypeptide,biolink:exacerbates_condition,biolink:Phenomenon,1
biolink:BiologicalEntity,biolink:composed_primarily_of,biolink:PhysicalEntity,1
biolink:Polypeptide,biolink:located_in,biolink:Agent,1
biolink:InformationContentEntity,biolink:has_input,biolink:MolecularActivity,1
biolink:Polypeptide,biolink:coexists_with,biolink:GrossAnatomicalStructure,1
biolink:Polypeptide,biolink:coexists_with,biolink:MolecularActivity,1
biolink:InformationContentEntity,biolink:has_output,biolink:BiologicalEntity,1
biolink:InformationContentEntity,biolink:has_member,biolink:OrganismTaxon,1
biolink:InformationContentEntity,biolink:has_member,biolink:MolecularActivity,1
biolink:ChemicalEntity,biolink:positively_correlated_with,biolink:CellularComponent,1
biolink:BiologicalEntity,biolink:exacerbates_condition,biolink:NamedThing,1
biolink:Polypeptide,biolink:derives_from,biolink:ComplexMolecularMixture,1
biolink:InformationContentEntity,biolink:has_member,biolink:Food,1
biolink:ChemicalEntity,biolink:positively_correlated_with,biolink:Drug,1
biolink:ChemicalEntity,biolink:positively_correlated_with,biolink:MolecularActivity,1
biolink:ChemicalEntity,biolink:positively_correlated_with,biolink:Pathway,1
biolink:ChemicalEntity,biolink:positively_correlated_with,biolink:SmallMolecule,1
biolink:BiologicalEntity,biolink:exacerbates_condition,biolink:BiologicalEntity,1
biolink:ChemicalEntity,biolink:precedes,biolink:ClinicalAttribute,1
biolink:BiologicalEntity,biolink:derives_from,biolink:ChemicalEntity,1
biolink:Polypeptide,biolink:disrupts,biolink:ClinicalAttribute,1
biolink:BiologicalEntity,biolink:affects,biolink:Procedure,1
biolink:BiologicalEntity,biolink:affects,biolink:NamedThing,1
biolink:InformationContentEntity,biolink:associated_with,biolink:MolecularMixture,1
biolink:InformationContentEntity,biolink:close_match,biolink:Gene,1
biolink:InformationContentEntity,biolink:close_match,biolink:Cell,1
biolink:Polypeptide,biolink:related_to,biolink:ChemicalMixture,1
biolink:Polypeptide,biolink:related_to,biolink:ClinicalAttribute,1
biolink:InformationContentEntity,biolink:causes,biolink:Procedure,1
biolink:BiologicalEntity,biolink:affects,biolink:Behavior,1
biolink:InformationContentEntity,biolink:causes,biolink:NamedThing,1
biolink:InformationContentEntity,biolink:causes,biolink:MolecularActivity,1
biolink:ChemicalEntity,biolink:preventative_for_condition,biolink:ChemicalEntity,1
biolink:InformationContentEntity,biolink:causes,biolink:ClinicalAttribute,1
biolink:InformationContentEntity,biolink:causes,biolink:Behavior,1
biolink:InformationContentEntity,biolink:biomarker_for,biolink:PhenotypicFeature,1
biolink:BiologicalEntity,biolink:affects,biolink:Agent,1
biolink:Polypeptide,biolink:related_to,biolink:Publication,1
biolink:Polypeptide,biolink:same_as,biolink:MolecularMixture,1
biolink:ChemicalEntity,biolink:preventative_for_condition,biolink:Gene,1
biolink:InformationContentEntity,biolink:associated_with,biolink:Pathway,1
biolink:InformationContentEntity,biolink:associated_with,biolink:OrganismTaxon,1
biolink:InformationContentEntity,biolink:close_match,biolink:Disease,1
biolink:InformationContentEntity,biolink:close_match,biolink:IndividualOrganism,1
biolink:ChemicalEntity,biolink:predisposes_to_condition,biolink:PhysiologicalProcess,1
biolink:Polypeptide,biolink:produces,biolink:MolecularMixture,1
biolink:Polypeptide,biolink:located_in,biolink:Device,1
biolink:InformationContentEntity,biolink:coexists_with,biolink:Polypeptide,1
biolink:ChemicalEntity,biolink:predisposes_to_condition,biolink:Procedure,1
biolink:InformationContentEntity,biolink:coexists_with,biolink:OrganismTaxon,1
biolink:ChemicalEntity,biolink:preventative_for_condition,biolink:Activity,1
biolink:InformationContentEntity,biolink:coexists_with,biolink:ComplexMolecularMixture,1
biolink:Polypeptide,biolink:precedes,biolink:Activity,1
biolink:Polypeptide,biolink:precedes,biolink:Procedure,1
biolink:Polypeptide,biolink:predisposes_to_condition,biolink:BiologicalProcess,1
biolink:Polypeptide,biolink:predisposes_to_condition,biolink:ClinicalAttribute,1
biolink:Polypeptide,biolink:predisposes_to_condition,biolink:NamedThing,1
biolink:BiologicalEntity,biolink:affects,biolink:GrossAnatomicalStructure,1
biolink:Polypeptide,biolink:predisposes_to_condition,biolink:Procedure,1
biolink:InformationContentEntity,biolink:coexists_with,biolink:BiologicalEntity,1
biolink:Polypeptide,biolink:preventative_for_condition,biolink:Procedure,1
biolink:Polypeptide,biolink:produces,biolink:AnatomicalEntity,1
biolink:Polypeptide,biolink:produces,biolink:Gene,1
biolink:Activity,biolink:actively_involved_in,biolink:Activity,1
